repayment_id,loan_id,installment_no,due_date,due_amount,payment_date,paid_amount,status
RP0000001,LN200001,1,2025-03-14,7793.5,2025-03-11,7793.5,PAID_ON_TIME
RP0000002,LN200001,2,2025-04-14,7793.5,2025-04-17,7793.5,PAID_ON_TIME
RP0000003,LN200001,3,2025-05-14,7793.5,2025-05-18,7793.5,PAID_ON_TIME
RP0000004,LN200001,4,2025-06-14,7793.5,2025-06-16,7793.5,PAID_ON_TIME
RP0000005,LN200001,5,2025-07-14,7793.5,2025-07-17,7793.5,PAID_ON_TIME
RP0000006,LN200001,6,2025-08-14,7793.5,2025-08-11,7793.5,PAID_ON_TIME
RP0000007,LN200001,7,2025-09-14,7793.5,2025-09-17,7793.5,PAID_ON_TIME
RP0000008,LN200001,8,2025-10-14,7793.5,2025-10-17,7793.5,PAID_ON_TIME
RP0000009,LN200001,9,2025-11-14,7793.5,2025-11-17,7793.5,PAID_ON_TIME
RP0000010,LN200001,10,2025-12-14,7793.5,2025-12-12,7793.5,PAID_ON_TIME
RP0000011,LN200001,11,2026-01-14,7793.5,2026-01-13,7793.5,PAID_ON_TIME
RP0000012,LN200001,12,2026-02-14,7793.5,2026-02-16,7793.5,PAID_ON_TIME
RP0000013,LN200002,1,2026-03-26,14209.92,2026-03-26,14209.92,PAID_ON_TIME
RP0000014,LN200002,2,2026-04-26,14209.92,2026-04-25,14209.92,PAID_ON_TIME
RP0000015,LN200002,3,2026-05-26,14209.92,2026-05-26,14209.92,PAID_ON_TIME
RP0000016,LN200003,1,2026-01-07,19313.06,2026-01-09,19313.06,PAID_ON_TIME
RP0000017,LN200003,2,2026-02-07,19313.06,2026-02-11,19313.06,PAID_ON_TIME
RP0000018,LN200003,3,2026-03-07,19313.06,2026-03-07,19313.06,PAID_ON_TIME
RP0000019,LN200003,4,2026-04-07,19313.06,2026-04-18,19313.06,PAID_LATE
RP0000020,LN200003,5,2026-05-07,19313.06,2026-05-10,19313.06,PAID_ON_TIME
RP0000021,LN200003,6,2026-06-07,19313.06,,0.0,UNPAID
RP0000022,LN200003,7,2026-07-07,19313.06,2026-07-04,19313.06,PAID_ON_TIME
RP0000023,LN200003,8,2026-08-07,19313.06,2026-08-06,19313.06,PAID_ON_TIME
RP0000024,LN200003,9,2026-09-07,19313.06,,0.0,NOT_DUE
RP0000025,LN200003,10,2026-10-07,19313.06,,0.0,NOT_DUE
RP0000026,LN200003,11,2026-11-07,19313.06,,0.0,NOT_DUE
RP0000027,LN200003,12,2026-12-07,19313.06,,0.0,NOT_DUE
RP0000028,LN200003,13,2027-01-07,19313.06,,0.0,NOT_DUE
RP0000029,LN200003,14,2027-02-07,19313.06,,0.0,NOT_DUE
RP0000030,LN200003,15,2027-03-07,19313.06,,0.0,NOT_DUE
RP0000031,LN200003,16,2027-04-07,19313.06,,0.0,NOT_DUE
RP0000032,LN200003,17,2027-05-07,19313.06,,0.0,NOT_DUE
RP0000033,LN200003,18,2027-06-07,19313.06,,0.0,NOT_DUE
RP0000034,LN200004,1,2026-02-11,12618.0,2026-03-18,12618.0,PAID_LATE
RP0000035,LN200004,2,2026-03-11,12618.0,2026-03-31,12618.0,PAID_LATE
RP0000036,LN200004,3,2026-04-11,12618.0,2026-07-08,12618.0,PAID_LATE
RP0000037,LN200005,1,2026-01-28,19231.33,2026-04-09,19231.33,PAID_LATE
RP0000038,LN200005,2,2026-02-28,19231.33,2026-03-01,19231.33,PAID_ON_TIME
RP0000039,LN200005,3,2026-03-28,19231.33,2026-03-26,19231.33,PAID_ON_TIME
RP0000040,LN200006,1,2025-11-19,145820.67,2025-11-20,145820.67,PAID_ON_TIME
RP0000041,LN200006,2,2025-12-19,145820.67,2025-12-23,145820.67,PAID_ON_TIME
RP0000042,LN200006,3,2026-01-19,145820.67,2026-04-06,145820.67,PAID_LATE
RP0000043,LN200007,1,2026-06-16,33009.67,2026-06-20,33009.67,PAID_ON_TIME
RP0000044,LN200007,2,2026-07-16,33009.67,2026-07-18,33009.67,PAID_ON_TIME
RP0000045,LN200007,3,2026-08-16,33009.67,2026-08-19,33009.67,PAID_ON_TIME
RP0000046,LN200007,4,2026-09-16,33009.67,,0.0,NOT_DUE
RP0000047,LN200007,5,2026-10-16,33009.67,,0.0,NOT_DUE
RP0000048,LN200007,6,2026-11-16,33009.67,,0.0,NOT_DUE
RP0000049,LN200007,7,2026-12-16,33009.67,,0.0,NOT_DUE
RP0000050,LN200007,8,2027-01-16,33009.67,,0.0,NOT_DUE
RP0000051,LN200007,9,2027-02-16,33009.67,,0.0,NOT_DUE
RP0000052,LN200008,1,2025-04-12,9024.17,,0.0,UNPAID
RP0000053,LN200008,2,2025-05-12,9024.17,2025-08-25,9024.17,PAID_LATE
RP0000054,LN200008,3,2025-06-12,9024.17,2025-06-16,9024.17,PAID_ON_TIME
RP0000055,LN200008,4,2025-07-12,9024.17,2025-07-15,9024.17,PAID_ON_TIME
RP0000056,LN200008,5,2025-08-12,9024.17,2025-08-09,9024.17,PAID_ON_TIME
RP0000057,LN200008,6,2025-09-12,9024.17,2025-09-12,9024.17,PAID_ON_TIME
RP0000058,LN200009,1,2026-05-16,6189.17,,0.0,UNPAID
RP0000059,LN200009,2,2026-06-16,6189.17,,0.0,UNPAID
RP0000060,LN200009,3,2026-07-16,6189.17,,0.0,UNPAID
RP0000061,LN200009,4,2026-08-16,6189.17,2026-08-20,6189.17,PAID_ON_TIME
RP0000062,LN200009,5,2026-09-16,6189.17,,0.0,NOT_DUE
RP0000063,LN200009,6,2026-10-16,6189.17,,0.0,NOT_DUE
RP0000064,LN200010,1,2025-04-30,14534.0,2025-05-04,14534.0,PAID_ON_TIME
RP0000065,LN200010,2,2025-05-31,14534.0,2025-06-01,14534.0,PAID_ON_TIME
RP0000066,LN200010,3,2025-06-30,14534.0,2025-07-04,14534.0,PAID_ON_TIME
RP0000067,LN200010,4,2025-07-31,14534.0,2025-07-28,14534.0,PAID_ON_TIME
RP0000068,LN200010,5,2025-08-31,14534.0,2025-08-29,14534.0,PAID_ON_TIME
RP0000069,LN200010,6,2025-09-30,14534.0,2025-10-02,14534.0,PAID_ON_TIME
RP0000070,LN200011,1,2026-01-23,8620.0,2026-01-21,8620.0,PAID_ON_TIME
RP0000071,LN200011,2,2026-02-23,8620.0,2026-04-03,8620.0,PAID_LATE
RP0000072,LN200011,3,2026-03-23,8620.0,2026-07-17,8620.0,PAID_LATE
RP0000073,LN200011,4,2026-04-23,8620.0,2026-04-23,8620.0,PAID_ON_TIME
RP0000074,LN200011,5,2026-05-23,8620.0,2026-05-25,8620.0,PAID_ON_TIME
RP0000075,LN200011,6,2026-06-23,8620.0,2026-06-21,8620.0,PAID_ON_TIME
RP0000076,LN200012,1,2025-04-12,33384.0,2025-04-12,33384.0,PAID_ON_TIME
RP0000077,LN200012,2,2025-05-12,33384.0,2025-05-09,33384.0,PAID_ON_TIME
RP0000078,LN200012,3,2025-06-12,33384.0,2025-09-25,33384.0,PAID_LATE
RP0000079,LN200013,1,2025-04-21,17827.25,2025-04-19,17827.25,PAID_ON_TIME
RP0000080,LN200013,2,2025-05-21,17827.25,2025-05-23,17827.25,PAID_ON_TIME
RP0000081,LN200013,3,2025-06-21,17827.25,2025-06-20,17827.25,PAID_ON_TIME
RP0000082,LN200013,4,2025-07-21,17827.25,2025-07-18,17827.25,PAID_ON_TIME
RP0000083,LN200013,5,2025-08-21,17827.25,2025-08-22,17827.25,PAID_ON_TIME
RP0000084,LN200013,6,2025-09-21,17827.25,2025-09-19,17827.25,PAID_ON_TIME
RP0000085,LN200013,7,2025-10-21,17827.25,2025-10-20,17827.25,PAID_ON_TIME
RP0000086,LN200013,8,2025-11-21,17827.25,2025-11-22,17827.25,PAID_ON_TIME
RP0000087,LN200013,9,2025-12-21,17827.25,2025-12-22,17827.25,PAID_ON_TIME
RP0000088,LN200013,10,2026-01-21,17827.25,2026-01-21,17827.25,PAID_ON_TIME
RP0000089,LN200013,11,2026-02-21,17827.25,2026-02-24,17827.25,PAID_ON_TIME
RP0000090,LN200013,12,2026-03-21,17827.25,2026-03-23,17827.25,PAID_ON_TIME
RP0000091,LN200014,1,2025-09-23,19544.0,2025-09-23,19544.0,PAID_ON_TIME
RP0000092,LN200014,2,2025-10-23,19544.0,2025-10-24,19544.0,PAID_ON_TIME
RP0000093,LN200014,3,2025-11-23,19544.0,2025-11-24,19544.0,PAID_ON_TIME
RP0000094,LN200015,1,2025-04-22,20174.25,2025-05-31,20174.25,PAID_LATE
RP0000095,LN200015,2,2025-05-22,20174.25,2025-05-21,20174.25,PAID_ON_TIME
RP0000096,LN200015,3,2025-06-22,20174.25,2025-06-23,20174.25,PAID_ON_TIME
RP0000097,LN200015,4,2025-07-22,20174.25,2025-07-21,20174.25,PAID_ON_TIME
RP0000098,LN200015,5,2025-08-22,20174.25,2025-08-20,20174.25,PAID_ON_TIME
RP0000099,LN200015,6,2025-09-22,20174.25,2025-09-26,20174.25,PAID_ON_TIME
RP0000100,LN200016,1,2025-05-27,7729.33,2025-05-30,7729.33,PAID_ON_TIME
RP0000101,LN200016,2,2025-06-27,7729.33,2025-06-26,7729.33,PAID_ON_TIME
RP0000102,LN200016,3,2025-07-27,7729.33,2025-07-24,7729.33,PAID_ON_TIME
RP0000103,LN200017,1,2026-09-01,3663.33,2026-09-03,3663.33,PAID_ON_TIME
RP0000104,LN200017,2,2026-10-01,3663.33,,0.0,NOT_DUE
RP0000105,LN200017,3,2026-11-01,3663.33,,0.0,NOT_DUE
RP0000106,LN200017,4,2026-12-01,3663.33,,0.0,NOT_DUE
RP0000107,LN200017,5,2027-01-01,3663.33,,0.0,NOT_DUE
RP0000108,LN200017,6,2027-02-01,3663.33,,0.0,NOT_DUE
RP0000109,LN200018,1,2026-06-21,29920.0,2026-06-21,29920.0,PAID_ON_TIME
RP0000110,LN200018,2,2026-07-21,29920.0,2026-07-21,29920.0,PAID_ON_TIME
RP0000111,LN200018,3,2026-08-21,29920.0,2026-08-20,29920.0,PAID_ON_TIME
RP0000112,LN200019,1,2025-11-01,19141.83,2025-10-31,19141.83,PAID_ON_TIME
RP0000113,LN200019,2,2025-12-01,19141.83,2025-11-28,19141.83,PAID_ON_TIME
RP0000114,LN200019,3,2026-01-01,19141.83,2026-01-02,19141.83,PAID_ON_TIME
RP0000115,LN200019,4,2026-02-01,19141.83,2026-01-29,19141.83,PAID_ON_TIME
RP0000116,LN200019,5,2026-03-01,19141.83,2026-04-10,19141.83,PAID_LATE
RP0000117,LN200019,6,2026-04-01,19141.83,2026-04-01,19141.83,PAID_ON_TIME
RP0000118,LN200019,7,2026-05-01,19141.83,2026-05-02,19141.83,PAID_ON_TIME
RP0000119,LN200019,8,2026-06-01,19141.83,2026-06-05,19141.83,PAID_ON_TIME
RP0000120,LN200019,9,2026-07-01,19141.83,2026-07-04,19141.83,PAID_ON_TIME
RP0000121,LN200019,10,2026-08-01,19141.83,2026-08-04,19141.83,PAID_ON_TIME
RP0000122,LN200019,11,2026-09-01,19141.83,2026-09-03,19141.83,PAID_ON_TIME
RP0000123,LN200019,12,2026-10-01,19141.83,,0.0,NOT_DUE
RP0000124,LN200020,1,2026-07-21,16506.78,2026-07-22,16506.78,PAID_ON_TIME
RP0000125,LN200020,2,2026-08-21,16506.78,2026-08-23,16506.78,PAID_ON_TIME
RP0000126,LN200020,3,2026-09-21,16506.78,,0.0,NOT_DUE
RP0000127,LN200020,4,2026-10-21,16506.78,,0.0,NOT_DUE
RP0000128,LN200020,5,2026-11-21,16506.78,,0.0,NOT_DUE
RP0000129,LN200020,6,2026-12-21,16506.78,,0.0,NOT_DUE
RP0000130,LN200020,7,2027-01-21,16506.78,,0.0,NOT_DUE
RP0000131,LN200020,8,2027-02-21,16506.78,,0.0,NOT_DUE
RP0000132,LN200020,9,2027-03-21,16506.78,,0.0,NOT_DUE
RP0000133,LN200021,1,2026-08-02,3278.17,2026-07-31,3278.17,PAID_ON_TIME
RP0000134,LN200021,2,2026-09-02,3278.17,,0.0,NOT_DUE
RP0000135,LN200021,3,2026-10-02,3278.17,,0.0,NOT_DUE
RP0000136,LN200021,4,2026-11-02,3278.17,,0.0,NOT_DUE
RP0000137,LN200021,5,2026-12-02,3278.17,,0.0,NOT_DUE
RP0000138,LN200021,6,2027-01-02,3278.17,,0.0,NOT_DUE
RP0000139,LN200021,7,2027-02-02,3278.17,,0.0,NOT_DUE
RP0000140,LN200021,8,2027-03-02,3278.17,,0.0,NOT_DUE
RP0000141,LN200021,9,2027-04-02,3278.17,,0.0,NOT_DUE
RP0000142,LN200021,10,2027-05-02,3278.17,,0.0,NOT_DUE
RP0000143,LN200021,11,2027-06-02,3278.17,,0.0,NOT_DUE
RP0000144,LN200021,12,2027-07-02,3278.17,,0.0,NOT_DUE
RP0000145,LN200022,1,2026-02-02,33259.44,2026-02-06,33259.44,PAID_ON_TIME
RP0000146,LN200022,2,2026-03-02,33259.44,2026-03-03,33259.44,PAID_ON_TIME
RP0000147,LN200022,3,2026-04-02,33259.44,2026-04-04,33259.44,PAID_ON_TIME
RP0000148,LN200022,4,2026-05-02,33259.44,2026-04-30,33259.44,PAID_ON_TIME
RP0000149,LN200022,5,2026-06-02,33259.44,2026-06-05,33259.44,PAID_ON_TIME
RP0000150,LN200022,6,2026-07-02,33259.44,2026-07-06,33259.44,PAID_ON_TIME
RP0000151,LN200022,7,2026-08-02,33259.44,2026-07-31,33259.44,PAID_ON_TIME
RP0000152,LN200022,8,2026-09-02,33259.44,,0.0,NOT_DUE
RP0000153,LN200022,9,2026-10-02,33259.44,,0.0,NOT_DUE
RP0000154,LN200023,1,2025-08-03,18740.72,2025-07-31,18740.72,PAID_ON_TIME
RP0000155,LN200023,2,2025-09-03,18740.72,2025-09-04,18740.72,PAID_ON_TIME
RP0000156,LN200023,3,2025-10-03,18740.72,2025-10-04,18740.72,PAID_ON_TIME
RP0000157,LN200023,4,2025-11-03,18740.72,2025-11-07,18740.72,PAID_ON_TIME
RP0000158,LN200023,5,2025-12-03,18740.72,2025-12-03,18740.72,PAID_ON_TIME
RP0000159,LN200023,6,2026-01-03,18740.72,2026-01-06,18740.72,PAID_ON_TIME
RP0000160,LN200023,7,2026-02-03,18740.72,2026-02-05,18740.72,PAID_ON_TIME
RP0000161,LN200023,8,2026-03-03,18740.72,2026-03-04,18740.72,PAID_ON_TIME
RP0000162,LN200023,9,2026-04-03,18740.72,2026-04-06,18740.72,PAID_ON_TIME
RP0000163,LN200024,1,2025-08-27,6462.0,2025-08-26,6462.0,PAID_ON_TIME
RP0000164,LN200024,2,2025-09-27,6462.0,2025-09-30,6462.0,PAID_ON_TIME
RP0000165,LN200024,3,2025-10-27,6462.0,2025-10-31,6462.0,PAID_ON_TIME
RP0000166,LN200024,4,2025-11-27,6462.0,2025-11-28,6462.0,PAID_ON_TIME
RP0000167,LN200024,5,2025-12-27,6462.0,2026-03-17,6462.0,PAID_LATE
RP0000168,LN200024,6,2026-01-27,6462.0,2026-01-29,6462.0,PAID_ON_TIME
RP0000169,LN200025,1,2026-08-17,12572.92,2026-08-18,12572.92,PAID_ON_TIME
RP0000170,LN200025,2,2026-09-17,12572.92,,0.0,NOT_DUE
RP0000171,LN200025,3,2026-10-17,12572.92,,0.0,NOT_DUE
RP0000172,LN200025,4,2026-11-17,12572.92,,0.0,NOT_DUE
RP0000173,LN200025,5,2026-12-17,12572.92,,0.0,NOT_DUE
RP0000174,LN200025,6,2027-01-17,12572.92,,0.0,NOT_DUE
RP0000175,LN200026,1,2026-04-18,6076.39,2026-04-19,6076.39,PAID_ON_TIME
RP0000176,LN200026,2,2026-05-18,6076.39,2026-05-17,6076.39,PAID_ON_TIME
RP0000177,LN200026,3,2026-06-18,6076.39,2026-06-20,6076.39,PAID_ON_TIME
RP0000178,LN200026,4,2026-07-18,6076.39,2026-07-16,6076.39,PAID_ON_TIME
RP0000179,LN200026,5,2026-08-18,6076.39,2026-08-22,6076.39,PAID_ON_TIME
RP0000180,LN200026,6,2026-09-18,6076.39,,0.0,NOT_DUE
RP0000181,LN200026,7,2026-10-18,6076.39,,0.0,NOT_DUE
RP0000182,LN200026,8,2026-11-18,6076.39,,0.0,NOT_DUE
RP0000183,LN200026,9,2026-12-18,6076.39,,0.0,NOT_DUE
RP0000184,LN200027,1,2026-07-17,7189.0,2026-07-17,7189.0,PAID_ON_TIME
RP0000185,LN200027,2,2026-08-17,7189.0,,0.0,UNPAID
RP0000186,LN200027,3,2026-09-17,7189.0,,0.0,NOT_DUE
RP0000187,LN200027,4,2026-10-17,7189.0,,0.0,NOT_DUE
RP0000188,LN200027,5,2026-11-17,7189.0,,0.0,NOT_DUE
RP0000189,LN200027,6,2026-12-17,7189.0,,0.0,NOT_DUE
RP0000190,LN200028,1,2025-10-16,8400.0,2025-10-18,8400.0,PAID_ON_TIME
RP0000191,LN200028,2,2025-11-16,8400.0,2025-11-30,8400.0,PAID_LATE
RP0000192,LN200028,3,2025-12-16,8400.0,2025-12-18,8400.0,PAID_ON_TIME
RP0000193,LN200028,4,2026-01-16,8400.0,2026-02-10,8400.0,PAID_LATE
RP0000194,LN200028,5,2026-02-16,8400.0,2026-02-20,8400.0,PAID_ON_TIME
RP0000195,LN200028,6,2026-03-16,8400.0,2026-03-13,8400.0,PAID_ON_TIME
RP0000196,LN200028,7,2026-04-16,8400.0,2026-07-09,8400.0,PAID_LATE
RP0000197,LN200028,8,2026-05-16,8400.0,2026-05-14,8400.0,PAID_ON_TIME
RP0000198,LN200028,9,2026-06-16,8400.0,2026-06-13,8400.0,PAID_ON_TIME
RP0000199,LN200028,10,2026-07-16,8400.0,2026-07-15,8400.0,PAID_ON_TIME
RP0000200,LN200028,11,2026-08-16,8400.0,2026-08-20,8400.0,PAID_ON_TIME
RP0000201,LN200028,12,2026-09-16,8400.0,,0.0,NOT_DUE
RP0000202,LN200029,1,2026-06-21,24757.67,2026-06-20,24757.67,PAID_ON_TIME
RP0000203,LN200029,2,2026-07-21,24757.67,2026-07-22,24757.67,PAID_ON_TIME
RP0000204,LN200029,3,2026-08-21,24757.67,2026-08-21,24757.67,PAID_ON_TIME
RP0000205,LN200029,4,2026-09-21,24757.67,,0.0,NOT_DUE
RP0000206,LN200029,5,2026-10-21,24757.67,,0.0,NOT_DUE
RP0000207,LN200029,6,2026-11-21,24757.67,,0.0,NOT_DUE
RP0000208,LN200029,7,2026-12-21,24757.67,,0.0,NOT_DUE
RP0000209,LN200029,8,2027-01-21,24757.67,,0.0,NOT_DUE
RP0000210,LN200029,9,2027-02-21,24757.67,,0.0,NOT_DUE
RP0000211,LN200029,10,2027-03-21,24757.67,,0.0,NOT_DUE
RP0000212,LN200029,11,2027-04-21,24757.67,,0.0,NOT_DUE
RP0000213,LN200029,12,2027-05-21,24757.67,,0.0,NOT_DUE
RP0000214,LN200030,1,2026-04-11,33680.0,2026-04-08,33680.0,PAID_ON_TIME
RP0000215,LN200030,2,2026-05-11,33680.0,2026-05-13,33680.0,PAID_ON_TIME
RP0000216,LN200030,3,2026-06-11,33680.0,2026-06-15,33680.0,PAID_ON_TIME
RP0000217,LN200032,1,2026-02-12,17219.33,2026-02-26,17219.33,PAID_LATE
RP0000218,LN200032,2,2026-03-12,17219.33,2026-03-09,17219.33,PAID_ON_TIME
RP0000219,LN200032,3,2026-04-12,17219.33,2026-04-09,17219.33,PAID_ON_TIME
RP0000220,LN200032,4,2026-05-12,17219.33,2026-06-17,17219.33,PAID_LATE
RP0000221,LN200032,5,2026-06-12,17219.33,2026-06-10,17219.33,PAID_ON_TIME
RP0000222,LN200032,6,2026-07-12,17219.33,2026-07-11,17219.33,PAID_ON_TIME
RP0000223,LN200032,7,2026-08-12,17219.33,2026-08-10,17219.33,PAID_ON_TIME
RP0000224,LN200032,8,2026-09-12,17219.33,,0.0,NOT_DUE
RP0000225,LN200032,9,2026-10-12,17219.33,,0.0,NOT_DUE
RP0000226,LN200034,1,2026-06-06,10343.83,2026-06-05,10343.83,PAID_ON_TIME
RP0000227,LN200034,2,2026-07-06,10343.83,2026-07-05,10343.83,PAID_ON_TIME
RP0000228,LN200034,3,2026-08-06,10343.83,2026-08-09,10343.83,PAID_ON_TIME
RP0000229,LN200034,4,2026-09-06,10343.83,,0.0,NOT_DUE
RP0000230,LN200034,5,2026-10-06,10343.83,,0.0,NOT_DUE
RP0000231,LN200034,6,2026-11-06,10343.83,,0.0,NOT_DUE
RP0000232,LN200034,7,2026-12-06,10343.83,,0.0,NOT_DUE
RP0000233,LN200034,8,2027-01-06,10343.83,,0.0,NOT_DUE
RP0000234,LN200034,9,2027-02-06,10343.83,,0.0,NOT_DUE
RP0000235,LN200034,10,2027-03-06,10343.83,,0.0,NOT_DUE
RP0000236,LN200034,11,2027-04-06,10343.83,,0.0,NOT_DUE
RP0000237,LN200034,12,2027-05-06,10343.83,,0.0,NOT_DUE
RP0000238,LN200035,1,2025-02-14,3434.67,2025-02-14,3434.67,PAID_ON_TIME
RP0000239,LN200035,2,2025-03-14,3434.67,2025-03-16,3434.67,PAID_ON_TIME
RP0000240,LN200035,3,2025-04-14,3434.67,2025-04-14,3434.67,PAID_ON_TIME
RP0000241,LN200035,4,2025-05-14,3434.67,2025-05-14,3434.67,PAID_ON_TIME
RP0000242,LN200035,5,2025-06-14,3434.67,2025-06-14,3434.67,PAID_ON_TIME
RP0000243,LN200035,6,2025-07-14,3434.67,2025-07-12,3434.67,PAID_ON_TIME
RP0000244,LN200035,7,2025-08-14,3434.67,2025-08-12,3434.67,PAID_ON_TIME
RP0000245,LN200035,8,2025-09-14,3434.67,2025-09-16,3434.67,PAID_ON_TIME
RP0000246,LN200035,9,2025-10-14,3434.67,2025-10-14,3434.67,PAID_ON_TIME
RP0000247,LN200035,10,2025-11-14,3434.67,2026-01-15,3434.67,PAID_LATE
RP0000248,LN200035,11,2025-12-14,3434.67,2025-12-11,3434.67,PAID_ON_TIME
RP0000249,LN200035,12,2026-01-14,3434.67,2026-01-15,3434.67,PAID_ON_TIME
RP0000250,LN200035,13,2026-02-14,3434.67,2026-02-15,3434.67,PAID_ON_TIME
RP0000251,LN200035,14,2026-03-14,3434.67,2026-03-12,3434.67,PAID_ON_TIME
RP0000252,LN200035,15,2026-04-14,3434.67,2026-07-06,3434.67,PAID_LATE
RP0000253,LN200035,16,2026-05-14,3434.67,2026-05-11,3434.67,PAID_ON_TIME
RP0000254,LN200035,17,2026-06-14,3434.67,,0.0,UNPAID
RP0000255,LN200035,18,2026-07-14,3434.67,2026-07-11,3434.67,PAID_ON_TIME
RP0000256,LN200036,1,2026-04-23,9831.44,2026-04-27,9831.44,PAID_ON_TIME
RP0000257,LN200036,2,2026-05-23,9831.44,2026-05-25,9831.44,PAID_ON_TIME
RP0000258,LN200036,3,2026-06-23,9831.44,2026-08-09,9831.44,PAID_LATE
RP0000259,LN200036,4,2026-07-23,9831.44,2026-07-21,9831.44,PAID_ON_TIME
RP0000260,LN200036,5,2026-08-23,9831.44,2026-08-27,9831.44,PAID_ON_TIME
RP0000261,LN200036,6,2026-09-23,9831.44,,0.0,NOT_DUE
RP0000262,LN200036,7,2026-10-23,9831.44,,0.0,NOT_DUE
RP0000263,LN200036,8,2026-11-23,9831.44,,0.0,NOT_DUE
RP0000264,LN200036,9,2026-12-23,9831.44,,0.0,NOT_DUE
RP0000265,LN200037,1,2025-06-07,41644.17,2025-06-11,41644.17,PAID_ON_TIME
RP0000266,LN200037,2,2025-07-07,41644.17,2025-07-09,41644.17,PAID_ON_TIME
RP0000267,LN200037,3,2025-08-07,41644.17,2025-08-09,41644.17,PAID_ON_TIME
RP0000268,LN200038,1,2025-12-20,25930.67,2025-12-22,25930.67,PAID_ON_TIME
RP0000269,LN200038,2,2026-01-20,25930.67,2026-01-21,25930.67,PAID_ON_TIME
RP0000270,LN200038,3,2026-02-20,25930.67,2026-05-14,25930.67,PAID_LATE
RP0000271,LN200038,4,2026-03-20,25930.67,2026-03-23,25930.67,PAID_ON_TIME
RP0000272,LN200038,5,2026-04-20,25930.67,2026-04-18,25930.67,PAID_ON_TIME
RP0000273,LN200038,6,2026-05-20,25930.67,2026-05-19,25930.67,PAID_ON_TIME
RP0000274,LN200039,1,2025-07-28,9851.72,2025-07-29,9851.72,PAID_ON_TIME
RP0000275,LN200039,2,2025-08-28,9851.72,2025-08-26,9851.72,PAID_ON_TIME
RP0000276,LN200039,3,2025-09-28,9851.72,2025-09-26,9851.72,PAID_ON_TIME
RP0000277,LN200039,4,2025-10-28,9851.72,2025-10-26,9851.72,PAID_ON_TIME
RP0000278,LN200039,5,2025-11-28,9851.72,2025-11-29,9851.72,PAID_ON_TIME
RP0000279,LN200039,6,2025-12-28,9851.72,2025-12-28,9851.72,PAID_ON_TIME
RP0000280,LN200039,7,2026-01-28,9851.72,2026-01-31,9851.72,PAID_ON_TIME
RP0000281,LN200039,8,2026-02-28,9851.72,2026-02-28,9851.72,PAID_ON_TIME
RP0000282,LN200039,9,2026-03-28,9851.72,2026-03-29,9851.72,PAID_ON_TIME
RP0000283,LN200040,1,2026-04-02,6752.78,2026-03-31,6752.78,PAID_ON_TIME
RP0000284,LN200040,2,2026-05-02,6752.78,2026-05-02,6752.78,PAID_ON_TIME
RP0000285,LN200040,3,2026-06-02,6752.78,2026-05-31,6752.78,PAID_ON_TIME
RP0000286,LN200040,4,2026-07-02,6752.78,2026-06-30,6752.78,PAID_ON_TIME
RP0000287,LN200040,5,2026-08-02,6752.78,,0.0,UNPAID
RP0000288,LN200040,6,2026-09-02,6752.78,,0.0,NOT_DUE
RP0000289,LN200040,7,2026-10-02,6752.78,,0.0,NOT_DUE
RP0000290,LN200040,8,2026-11-02,6752.78,,0.0,NOT_DUE
RP0000291,LN200040,9,2026-12-02,6752.78,,0.0,NOT_DUE
RP0000292,LN200041,1,2026-07-03,3678.33,,0.0,UNPAID
RP0000293,LN200041,2,2026-08-03,3678.33,2026-08-02,3678.33,PAID_ON_TIME
RP0000294,LN200041,3,2026-09-03,3678.33,,0.0,NOT_DUE
RP0000295,LN200041,4,2026-10-03,3678.33,,0.0,NOT_DUE
RP0000296,LN200041,5,2026-11-03,3678.33,,0.0,NOT_DUE
RP0000297,LN200041,6,2026-12-03,3678.33,,0.0,NOT_DUE
RP0000298,LN200043,1,2025-02-19,5810.67,2025-02-16,5810.67,PAID_ON_TIME
RP0000299,LN200043,2,2025-03-19,5810.67,2025-05-05,5810.67,PAID_LATE
RP0000300,LN200043,3,2025-04-19,5810.67,2025-04-21,5810.67,PAID_ON_TIME
RP0000301,LN200043,4,2025-05-19,5810.67,2025-05-23,5810.67,PAID_ON_TIME
RP0000302,LN200043,5,2025-06-19,5810.67,2025-06-20,5810.67,PAID_ON_TIME
RP0000303,LN200043,6,2025-07-19,5810.67,2025-07-22,5810.67,PAID_ON_TIME
RP0000304,LN200044,1,2026-08-05,3964.69,2026-08-08,3964.69,PAID_ON_TIME
RP0000305,LN200044,2,2026-09-05,3964.69,,0.0,NOT_DUE
RP0000306,LN200044,3,2026-10-05,3964.69,,0.0,NOT_DUE
RP0000307,LN200044,4,2026-11-05,3964.69,,0.0,NOT_DUE
RP0000308,LN200044,5,2026-12-05,3964.69,,0.0,NOT_DUE
RP0000309,LN200044,6,2027-01-05,3964.69,,0.0,NOT_DUE
RP0000310,LN200044,7,2027-02-05,3964.69,,0.0,NOT_DUE
RP0000311,LN200044,8,2027-03-05,3964.69,,0.0,NOT_DUE
RP0000312,LN200044,9,2027-04-05,3964.69,,0.0,NOT_DUE
RP0000313,LN200044,10,2027-05-05,3964.69,,0.0,NOT_DUE
RP0000314,LN200044,11,2027-06-05,3964.69,,0.0,NOT_DUE
RP0000315,LN200044,12,2027-07-05,3964.69,,0.0,NOT_DUE
RP0000316,LN200044,13,2027-08-05,3964.69,,0.0,NOT_DUE
RP0000317,LN200044,14,2027-09-05,3964.69,,0.0,NOT_DUE
RP0000318,LN200044,15,2027-10-05,3964.69,,0.0,NOT_DUE
RP0000319,LN200044,16,2027-11-05,3964.69,,0.0,NOT_DUE
RP0000320,LN200044,17,2027-12-05,3964.69,,0.0,NOT_DUE
RP0000321,LN200044,18,2028-01-05,3964.69,,0.0,NOT_DUE
RP0000322,LN200046,1,2025-08-26,15627.33,2025-09-18,15627.33,PAID_LATE
RP0000323,LN200046,2,2025-09-26,15627.33,,0.0,UNPAID
RP0000324,LN200046,3,2025-10-26,15627.33,2025-10-26,15627.33,PAID_ON_TIME
RP0000325,LN200046,4,2025-11-26,15627.33,2025-11-28,15627.33,PAID_ON_TIME
RP0000326,LN200046,5,2025-12-26,15627.33,2026-04-10,15627.33,PAID_LATE
RP0000327,LN200046,6,2026-01-26,15627.33,2026-01-25,15627.33,PAID_ON_TIME
RP0000328,LN200047,1,2026-05-25,20035.5,2026-05-27,20035.5,PAID_ON_TIME
RP0000329,LN200047,2,2026-06-25,20035.5,2026-06-26,20035.5,PAID_ON_TIME
RP0000330,LN200047,3,2026-07-25,20035.5,2026-07-23,20035.5,PAID_ON_TIME
RP0000331,LN200049,1,2025-06-21,21740.25,2025-06-19,21740.25,PAID_ON_TIME
RP0000332,LN200049,2,2025-07-21,21740.25,2025-07-25,21740.25,PAID_ON_TIME
RP0000333,LN200049,3,2025-08-21,21740.25,2025-08-22,21740.25,PAID_ON_TIME
RP0000334,LN200049,4,2025-09-21,21740.25,2025-09-23,21740.25,PAID_ON_TIME
RP0000335,LN200049,5,2025-10-21,21740.25,2026-02-02,21740.25,PAID_LATE
RP0000336,LN200049,6,2025-11-21,21740.25,2025-11-20,21740.25,PAID_ON_TIME
RP0000337,LN200050,1,2026-07-02,7693.0,2026-07-05,7693.0,PAID_ON_TIME
RP0000338,LN200050,2,2026-08-02,7693.0,2026-08-05,7693.0,PAID_ON_TIME
RP0000339,LN200050,3,2026-09-02,7693.0,,0.0,NOT_DUE
RP0000340,LN200050,4,2026-10-02,7693.0,,0.0,NOT_DUE
RP0000341,LN200050,5,2026-11-02,7693.0,,0.0,NOT_DUE
RP0000342,LN200050,6,2026-12-02,7693.0,,0.0,NOT_DUE
RP0000343,LN200052,1,2025-03-06,233175.5,2025-03-08,233175.5,PAID_ON_TIME
RP0000344,LN200052,2,2025-04-06,233175.5,2025-04-05,233175.5,PAID_ON_TIME
RP0000345,LN200052,3,2025-05-06,233175.5,2025-05-07,233175.5,PAID_ON_TIME
RP0000346,LN200053,1,2026-05-14,11696.0,2026-05-16,11696.0,PAID_ON_TIME
RP0000347,LN200053,2,2026-06-14,11696.0,2026-07-27,11696.0,PAID_LATE
RP0000348,LN200053,3,2026-07-14,11696.0,,0.0,UNPAID
RP0000349,LN200054,1,2026-07-30,37351.92,2026-07-28,37351.92,PAID_ON_TIME
RP0000350,LN200054,2,2026-08-30,37351.92,2026-08-27,37351.92,PAID_ON_TIME
RP0000351,LN200054,3,2026-09-30,37351.92,,0.0,NOT_DUE
RP0000352,LN200055,1,2026-09-01,12265.0,,0.0,UNPAID
RP0000353,LN200055,2,2026-10-01,12265.0,,0.0,NOT_DUE
RP0000354,LN200055,3,2026-11-01,12265.0,,0.0,NOT_DUE
RP0000355,LN200055,4,2026-12-01,12265.0,,0.0,NOT_DUE
RP0000356,LN200055,5,2027-01-01,12265.0,,0.0,NOT_DUE
RP0000357,LN200055,6,2027-02-01,12265.0,,0.0,NOT_DUE
RP0000358,LN200056,1,2026-06-24,15036.0,2026-06-28,15036.0,PAID_ON_TIME
RP0000359,LN200056,2,2026-07-24,15036.0,2026-07-28,15036.0,PAID_ON_TIME
RP0000360,LN200056,3,2026-08-24,15036.0,2026-08-25,15036.0,PAID_ON_TIME
RP0000361,LN200056,4,2026-09-24,15036.0,,0.0,NOT_DUE
RP0000362,LN200056,5,2026-10-24,15036.0,,0.0,NOT_DUE
RP0000363,LN200056,6,2026-11-24,15036.0,,0.0,NOT_DUE
RP0000364,LN200057,1,2025-08-06,7887.0,2025-10-06,7887.0,PAID_LATE
RP0000365,LN200057,2,2025-09-06,7887.0,2025-09-04,7887.0,PAID_ON_TIME
RP0000366,LN200057,3,2025-10-06,7887.0,2025-10-06,7887.0,PAID_ON_TIME
RP0000367,LN200057,4,2025-11-06,7887.0,,0.0,UNPAID
RP0000368,LN200057,5,2025-12-06,7887.0,2025-12-09,7887.0,PAID_ON_TIME
RP0000369,LN200057,6,2026-01-06,7887.0,2026-01-04,7887.0,PAID_ON_TIME
RP0000370,LN200058,1,2025-05-09,1900.0,2025-09-02,1900.0,PAID_LATE
RP0000371,LN200058,2,2025-06-09,1900.0,2025-06-08,1900.0,PAID_ON_TIME
RP0000372,LN200058,3,2025-07-09,1900.0,,0.0,UNPAID
RP0000373,LN200058,4,2025-08-09,1900.0,2025-10-24,1900.0,PAID_LATE
RP0000374,LN200058,5,2025-09-09,1900.0,2025-09-07,1900.0,PAID_ON_TIME
RP0000375,LN200058,6,2025-10-09,1900.0,2025-10-10,1900.0,PAID_ON_TIME
RP0000376,LN200058,7,2025-11-09,1900.0,2025-11-12,1900.0,PAID_ON_TIME
RP0000377,LN200058,8,2025-12-09,1900.0,2026-01-07,1900.0,PAID_LATE
RP0000378,LN200058,9,2026-01-09,1900.0,2026-01-11,1900.0,PAID_ON_TIME
RP0000379,LN200058,10,2026-02-09,1900.0,2026-05-26,1900.0,PAID_LATE
RP0000380,LN200058,11,2026-03-09,1900.0,2026-03-09,1900.0,PAID_ON_TIME
RP0000381,LN200058,12,2026-04-09,1900.0,2026-04-28,1900.0,PAID_LATE
RP0000382,LN200059,1,2025-09-20,20150.67,2025-12-17,20150.67,PAID_LATE
RP0000383,LN200059,2,2025-10-20,20150.67,2025-10-17,20150.67,PAID_ON_TIME
RP0000384,LN200059,3,2025-11-20,20150.67,2025-11-20,20150.67,PAID_ON_TIME
RP0000385,LN200059,4,2025-12-20,20150.67,2025-12-20,20150.67,PAID_ON_TIME
RP0000386,LN200059,5,2026-01-20,20150.67,2026-01-21,20150.67,PAID_ON_TIME
RP0000387,LN200059,6,2026-02-20,20150.67,2026-02-22,20150.67,PAID_ON_TIME
RP0000388,LN200060,1,2025-04-05,141534.25,2025-04-04,141534.25,PAID_ON_TIME
RP0000389,LN200060,2,2025-05-05,141534.25,2025-05-04,141534.25,PAID_ON_TIME
RP0000390,LN200060,3,2025-06-05,141534.25,2025-06-02,141534.25,PAID_ON_TIME
RP0000391,LN200061,1,2025-06-25,5148.0,2025-06-28,5148.0,PAID_ON_TIME
RP0000392,LN200061,2,2025-07-25,5148.0,2025-07-26,5148.0,PAID_ON_TIME
RP0000393,LN200061,3,2025-08-25,5148.0,2025-08-25,5148.0,PAID_ON_TIME
RP0000394,LN200061,4,2025-09-25,5148.0,2025-09-23,5148.0,PAID_ON_TIME
RP0000395,LN200061,5,2025-10-25,5148.0,2025-11-28,5148.0,PAID_LATE
RP0000396,LN200061,6,2025-11-25,5148.0,2025-11-28,5148.0,PAID_ON_TIME
RP0000397,LN200061,7,2025-12-25,5148.0,2025-12-26,5148.0,PAID_ON_TIME
RP0000398,LN200061,8,2026-01-25,5148.0,2026-01-23,5148.0,PAID_ON_TIME
RP0000399,LN200061,9,2026-02-25,5148.0,2026-02-28,5148.0,PAID_ON_TIME
RP0000400,LN200061,10,2026-03-25,5148.0,2026-03-22,5148.0,PAID_ON_TIME
RP0000401,LN200061,11,2026-04-25,5148.0,2026-04-27,5148.0,PAID_ON_TIME
RP0000402,LN200061,12,2026-05-25,5148.0,2026-05-28,5148.0,PAID_ON_TIME
RP0000403,LN200062,1,2026-08-06,17768.0,2026-08-04,17768.0,PAID_ON_TIME
RP0000404,LN200062,2,2026-09-06,17768.0,,0.0,NOT_DUE
RP0000405,LN200062,3,2026-10-06,17768.0,,0.0,NOT_DUE
RP0000406,LN200062,4,2026-11-06,17768.0,,0.0,NOT_DUE
RP0000407,LN200062,5,2026-12-06,17768.0,,0.0,NOT_DUE
RP0000408,LN200062,6,2027-01-06,17768.0,,0.0,NOT_DUE
RP0000409,LN200063,1,2026-04-11,111626.67,2026-04-12,111626.67,PAID_ON_TIME
RP0000410,LN200063,2,2026-05-11,111626.67,2026-05-08,111626.67,PAID_ON_TIME
RP0000411,LN200063,3,2026-06-11,111626.67,2026-06-15,111626.67,PAID_ON_TIME
RP0000412,LN200064,1,2026-01-12,7375.17,2026-01-11,7375.17,PAID_ON_TIME
RP0000413,LN200064,2,2026-02-12,7375.17,2026-02-13,7375.17,PAID_ON_TIME
RP0000414,LN200064,3,2026-03-12,7375.17,2026-03-15,7375.17,PAID_ON_TIME
RP0000415,LN200064,4,2026-04-12,7375.17,2026-04-16,7375.17,PAID_ON_TIME
RP0000416,LN200064,5,2026-05-12,7375.17,2026-05-13,7375.17,PAID_ON_TIME
RP0000417,LN200064,6,2026-06-12,7375.17,2026-06-10,7375.17,PAID_ON_TIME
RP0000418,LN200064,7,2026-07-12,7375.17,2026-07-10,7375.17,PAID_ON_TIME
RP0000419,LN200064,8,2026-08-12,7375.17,,0.0,UNPAID
RP0000420,LN200064,9,2026-09-12,7375.17,,0.0,NOT_DUE
RP0000421,LN200064,10,2026-10-12,7375.17,,0.0,NOT_DUE
RP0000422,LN200064,11,2026-11-12,7375.17,,0.0,NOT_DUE
RP0000423,LN200064,12,2026-12-12,7375.17,,0.0,NOT_DUE
RP0000424,LN200064,13,2027-01-12,7375.17,,0.0,NOT_DUE
RP0000425,LN200064,14,2027-02-12,7375.17,,0.0,NOT_DUE
RP0000426,LN200064,15,2027-03-12,7375.17,,0.0,NOT_DUE
RP0000427,LN200064,16,2027-04-12,7375.17,,0.0,NOT_DUE
RP0000428,LN200064,17,2027-05-12,7375.17,,0.0,NOT_DUE
RP0000429,LN200064,18,2027-06-12,7375.17,,0.0,NOT_DUE
RP0000430,LN200065,1,2025-10-20,27814.58,2026-01-04,27814.58,PAID_LATE
RP0000431,LN200065,2,2025-11-20,27814.58,2025-11-21,27814.58,PAID_ON_TIME
RP0000432,LN200065,3,2025-12-20,27814.58,2025-12-21,27814.58,PAID_ON_TIME
RP0000433,LN200066,1,2025-07-24,1331.11,2025-07-22,1331.11,PAID_ON_TIME
RP0000434,LN200066,2,2025-08-24,1331.11,2025-08-28,1331.11,PAID_ON_TIME
RP0000435,LN200066,3,2025-09-24,1331.11,2025-09-23,1331.11,PAID_ON_TIME
RP0000436,LN200066,4,2025-10-24,1331.11,2025-10-23,1331.11,PAID_ON_TIME
RP0000437,LN200066,5,2025-11-24,1331.11,2025-11-23,1331.11,PAID_ON_TIME
RP0000438,LN200066,6,2025-12-24,1331.11,2025-12-26,1331.11,PAID_ON_TIME
RP0000439,LN200066,7,2026-01-24,1331.11,2026-01-21,1331.11,PAID_ON_TIME
RP0000440,LN200066,8,2026-02-24,1331.11,2026-02-27,1331.11,PAID_ON_TIME
RP0000441,LN200066,9,2026-03-24,1331.11,2026-03-24,1331.11,PAID_ON_TIME
RP0000442,LN200066,10,2026-04-24,1331.11,2026-04-23,1331.11,PAID_ON_TIME
RP0000443,LN200066,11,2026-05-24,1331.11,2026-05-24,1331.11,PAID_ON_TIME
RP0000444,LN200066,12,2026-06-24,1331.11,2026-06-27,1331.11,PAID_ON_TIME
RP0000445,LN200066,13,2026-07-24,1331.11,,0.0,UNPAID
RP0000446,LN200066,14,2026-08-24,1331.11,2026-08-22,1331.11,PAID_ON_TIME
RP0000447,LN200066,15,2026-09-24,1331.11,,0.0,NOT_DUE
RP0000448,LN200066,16,2026-10-24,1331.11,,0.0,NOT_DUE
RP0000449,LN200066,17,2026-11-24,1331.11,,0.0,NOT_DUE
RP0000450,LN200066,18,2026-12-24,1331.11,,0.0,NOT_DUE
RP0000451,LN200067,1,2025-05-11,33455.83,2025-05-08,33455.83,PAID_ON_TIME
RP0000452,LN200067,2,2025-06-11,33455.83,2025-06-10,33455.83,PAID_ON_TIME
RP0000453,LN200067,3,2025-07-11,33455.83,2025-07-13,33455.83,PAID_ON_TIME
RP0000454,LN200068,1,2025-04-27,9138.5,2025-04-30,9138.5,PAID_ON_TIME
RP0000455,LN200068,2,2025-05-27,9138.5,2025-05-25,9138.5,PAID_ON_TIME
RP0000456,LN200068,3,2025-06-27,9138.5,2025-06-30,9138.5,PAID_ON_TIME
RP0000457,LN200068,4,2025-07-27,9138.5,2025-07-31,9138.5,PAID_ON_TIME
RP0000458,LN200068,5,2025-08-27,9138.5,2025-08-28,9138.5,PAID_ON_TIME
RP0000459,LN200068,6,2025-09-27,9138.5,2025-12-20,9138.5,PAID_LATE
RP0000460,LN200069,1,2026-02-27,6985.67,2026-02-26,6985.67,PAID_ON_TIME
RP0000461,LN200069,2,2026-03-27,6985.67,2026-03-28,6985.67,PAID_ON_TIME
RP0000462,LN200069,3,2026-04-27,6985.67,2026-08-06,6985.67,PAID_LATE
RP0000463,LN200069,4,2026-05-27,6985.67,,0.0,UNPAID
RP0000464,LN200069,5,2026-06-27,6985.67,2026-06-29,6985.67,PAID_ON_TIME
RP0000465,LN200069,6,2026-07-27,6985.67,2026-07-24,6985.67,PAID_ON_TIME
RP0000466,LN200071,1,2025-03-10,12644.72,2025-03-13,12644.72,PAID_ON_TIME
RP0000467,LN200071,2,2025-04-10,12644.72,2025-04-14,12644.72,PAID_ON_TIME
RP0000468,LN200071,3,2025-05-10,12644.72,2025-05-11,12644.72,PAID_ON_TIME
RP0000469,LN200071,4,2025-06-10,12644.72,2025-06-08,12644.72,PAID_ON_TIME
RP0000470,LN200071,5,2025-07-10,12644.72,2025-10-27,12644.72,PAID_LATE
RP0000471,LN200071,6,2025-08-10,12644.72,2025-08-12,12644.72,PAID_ON_TIME
RP0000472,LN200071,7,2025-09-10,12644.72,2025-09-08,12644.72,PAID_ON_TIME
RP0000473,LN200071,8,2025-10-10,12644.72,2025-10-10,12644.72,PAID_ON_TIME
RP0000474,LN200071,9,2025-11-10,12644.72,2025-11-10,12644.72,PAID_ON_TIME
RP0000475,LN200072,1,2026-07-12,5746.83,2026-07-15,5746.83,PAID_ON_TIME
RP0000476,LN200072,2,2026-08-12,5746.83,2026-08-16,5746.83,PAID_ON_TIME
RP0000477,LN200072,3,2026-09-12,5746.83,,0.0,NOT_DUE
RP0000478,LN200072,4,2026-10-12,5746.83,,0.0,NOT_DUE
RP0000479,LN200072,5,2026-11-12,5746.83,,0.0,NOT_DUE
RP0000480,LN200072,6,2026-12-12,5746.83,,0.0,NOT_DUE
RP0000481,LN200072,7,2027-01-12,5746.83,,0.0,NOT_DUE
RP0000482,LN200072,8,2027-02-12,5746.83,,0.0,NOT_DUE
RP0000483,LN200072,9,2027-03-12,5746.83,,0.0,NOT_DUE
RP0000484,LN200072,10,2027-04-12,5746.83,,0.0,NOT_DUE
RP0000485,LN200072,11,2027-05-12,5746.83,,0.0,NOT_DUE
RP0000486,LN200072,12,2027-06-12,5746.83,,0.0,NOT_DUE
RP0000487,LN200073,1,2025-09-26,7122.0,2025-09-24,7122.0,PAID_ON_TIME
RP0000488,LN200073,2,2025-10-26,7122.0,2025-10-26,7122.0,PAID_ON_TIME
RP0000489,LN200073,3,2025-11-26,7122.0,2025-11-25,7122.0,PAID_ON_TIME
RP0000490,LN200073,4,2025-12-26,7122.0,2025-12-26,7122.0,PAID_ON_TIME
RP0000491,LN200073,5,2026-01-26,7122.0,2026-01-26,7122.0,PAID_ON_TIME
RP0000492,LN200073,6,2026-02-26,7122.0,2026-02-27,7122.0,PAID_ON_TIME
RP0000493,LN200073,7,2026-03-26,7122.0,2026-03-27,7122.0,PAID_ON_TIME
RP0000494,LN200073,8,2026-04-26,7122.0,2026-04-26,7122.0,PAID_ON_TIME
RP0000495,LN200073,9,2026-05-26,7122.0,2026-05-30,7122.0,PAID_ON_TIME
RP0000496,LN200073,10,2026-06-26,7122.0,2026-06-30,7122.0,PAID_ON_TIME
RP0000497,LN200073,11,2026-07-26,7122.0,2026-07-29,7122.0,PAID_ON_TIME
RP0000498,LN200073,12,2026-08-26,7122.0,2026-08-24,7122.0,PAID_ON_TIME
RP0000499,LN200074,1,2025-12-15,66117.83,2025-12-15,66117.83,PAID_ON_TIME
RP0000500,LN200074,2,2026-01-15,66117.83,2026-01-13,66117.83,PAID_ON_TIME
RP0000501,LN200074,3,2026-02-15,66117.83,2026-02-18,66117.83,PAID_ON_TIME
RP0000502,LN200075,1,2026-06-19,4136.0,2026-08-31,4136.0,PAID_LATE
RP0000503,LN200075,2,2026-07-19,4136.0,,0.0,UNPAID
RP0000504,LN200075,3,2026-08-19,4136.0,2026-08-18,4136.0,PAID_ON_TIME
RP0000505,LN200075,4,2026-09-19,4136.0,,0.0,NOT_DUE
RP0000506,LN200075,5,2026-10-19,4136.0,,0.0,NOT_DUE
RP0000507,LN200075,6,2026-11-19,4136.0,,0.0,NOT_DUE
RP0000508,LN200075,7,2026-12-19,4136.0,,0.0,NOT_DUE
RP0000509,LN200075,8,2027-01-19,4136.0,,0.0,NOT_DUE
RP0000510,LN200075,9,2027-02-19,4136.0,,0.0,NOT_DUE
RP0000511,LN200075,10,2027-03-19,4136.0,,0.0,NOT_DUE
RP0000512,LN200075,11,2027-04-19,4136.0,,0.0,NOT_DUE
RP0000513,LN200075,12,2027-05-19,4136.0,,0.0,NOT_DUE
RP0000514,LN200076,1,2025-12-12,81705.33,2025-12-12,81705.33,PAID_ON_TIME
RP0000515,LN200076,2,2026-01-12,81705.33,2026-01-09,81705.33,PAID_ON_TIME
RP0000516,LN200076,3,2026-02-12,81705.33,2026-02-16,81705.33,PAID_ON_TIME
RP0000517,LN200077,1,2026-02-07,11354.75,2026-02-05,11354.75,PAID_ON_TIME
RP0000518,LN200077,2,2026-03-07,11354.75,2026-03-10,11354.75,PAID_ON_TIME
RP0000519,LN200077,3,2026-04-07,11354.75,2026-06-20,11354.75,PAID_LATE
RP0000520,LN200078,1,2025-11-24,23265.75,2025-11-25,23265.75,PAID_ON_TIME
RP0000521,LN200078,2,2025-12-24,23265.75,2026-02-18,23265.75,PAID_LATE
RP0000522,LN200078,3,2026-01-24,23265.75,2026-01-24,23265.75,PAID_ON_TIME
RP0000523,LN200079,1,2025-02-28,143861.67,2025-03-04,143861.67,PAID_ON_TIME
RP0000524,LN200079,2,2025-03-31,143861.67,2025-04-02,143861.67,PAID_ON_TIME
RP0000525,LN200079,3,2025-04-30,143861.67,2025-08-25,143861.67,PAID_LATE
RP0000526,LN200080,1,2025-09-09,76245.75,2025-09-07,76245.75,PAID_ON_TIME
RP0000527,LN200080,2,2025-10-09,76245.75,2025-10-07,76245.75,PAID_ON_TIME
RP0000528,LN200080,3,2025-11-09,76245.75,2025-11-09,76245.75,PAID_ON_TIME
RP0000529,LN200080,4,2025-12-09,76245.75,,0.0,UNPAID
RP0000530,LN200080,5,2026-01-09,76245.75,2026-01-07,76245.75,PAID_ON_TIME
RP0000531,LN200080,6,2026-02-09,76245.75,2026-02-06,76245.75,PAID_ON_TIME
RP0000532,LN200081,1,2025-07-16,99037.5,2025-07-17,99037.5,PAID_ON_TIME
RP0000533,LN200081,2,2025-08-16,99037.5,2025-08-17,99037.5,PAID_ON_TIME
RP0000534,LN200081,3,2025-09-16,99037.5,2025-09-20,99037.5,PAID_ON_TIME
RP0000535,LN200082,1,2025-10-30,19634.19,2025-11-01,19634.19,PAID_ON_TIME
RP0000536,LN200082,2,2025-11-30,19634.19,2025-12-03,19634.19,PAID_ON_TIME
RP0000537,LN200082,3,2025-12-30,19634.19,2025-12-27,19634.19,PAID_ON_TIME
RP0000538,LN200082,4,2026-01-30,19634.19,2026-02-01,19634.19,PAID_ON_TIME
RP0000539,LN200082,5,2026-02-28,19634.19,2026-03-04,19634.19,PAID_ON_TIME
RP0000540,LN200082,6,2026-03-30,19634.19,2026-04-28,19634.19,PAID_LATE
RP0000541,LN200082,7,2026-04-30,19634.19,2026-04-27,19634.19,PAID_ON_TIME
RP0000542,LN200082,8,2026-05-30,19634.19,2026-05-30,19634.19,PAID_ON_TIME
RP0000543,LN200082,9,2026-06-30,19634.19,2026-07-04,19634.19,PAID_ON_TIME
RP0000544,LN200083,1,2026-08-15,20365.33,2026-08-19,20365.33,PAID_ON_TIME
RP0000545,LN200083,2,2026-09-15,20365.33,,0.0,NOT_DUE
RP0000546,LN200083,3,2026-10-15,20365.33,,0.0,NOT_DUE
RP0000547,LN200083,4,2026-11-15,20365.33,,0.0,NOT_DUE
RP0000548,LN200083,5,2026-12-15,20365.33,,0.0,NOT_DUE
RP0000549,LN200083,6,2027-01-15,20365.33,,0.0,NOT_DUE
RP0000550,LN200085,1,2025-05-06,13531.25,2025-05-03,13531.25,PAID_ON_TIME
RP0000551,LN200085,2,2025-06-06,13531.25,2025-06-06,13531.25,PAID_ON_TIME
RP0000552,LN200085,3,2025-07-06,13531.25,2025-07-03,13531.25,PAID_ON_TIME
RP0000553,LN200085,4,2025-08-06,13531.25,2025-08-04,13531.25,PAID_ON_TIME
RP0000554,LN200085,5,2025-09-06,13531.25,2025-09-07,13531.25,PAID_ON_TIME
RP0000555,LN200085,6,2025-10-06,13531.25,2025-10-05,13531.25,PAID_ON_TIME
RP0000556,LN200086,1,2025-05-11,14742.0,2025-05-12,14742.0,PAID_ON_TIME
RP0000557,LN200086,2,2025-06-11,14742.0,2025-06-11,14742.0,PAID_ON_TIME
RP0000558,LN200086,3,2025-07-11,14742.0,2025-07-13,14742.0,PAID_ON_TIME
RP0000559,LN200087,1,2026-06-30,13186.25,2026-06-28,13186.25,PAID_ON_TIME
RP0000560,LN200087,2,2026-07-31,13186.25,,0.0,UNPAID
RP0000561,LN200087,3,2026-08-31,13186.25,2026-08-29,13186.25,PAID_ON_TIME
RP0000562,LN200087,4,2026-09-30,13186.25,,0.0,NOT_DUE
RP0000563,LN200087,5,2026-10-31,13186.25,,0.0,NOT_DUE
RP0000564,LN200087,6,2026-11-30,13186.25,,0.0,NOT_DUE
RP0000565,LN200087,7,2026-12-31,13186.25,,0.0,NOT_DUE
RP0000566,LN200087,8,2027-01-31,13186.25,,0.0,NOT_DUE
RP0000567,LN200087,9,2027-02-28,13186.25,,0.0,NOT_DUE
RP0000568,LN200087,10,2027-03-31,13186.25,,0.0,NOT_DUE
RP0000569,LN200087,11,2027-04-30,13186.25,,0.0,NOT_DUE
RP0000570,LN200087,12,2027-05-31,13186.25,,0.0,NOT_DUE
RP0000571,LN200088,1,2025-04-13,4700.0,2025-04-14,4700.0,PAID_ON_TIME
RP0000572,LN200088,2,2025-05-13,4700.0,2025-05-15,4700.0,PAID_ON_TIME
RP0000573,LN200088,3,2025-06-13,4700.0,2025-06-12,4700.0,PAID_ON_TIME
RP0000574,LN200088,4,2025-07-13,4700.0,2025-10-17,4700.0,PAID_LATE
RP0000575,LN200088,5,2025-08-13,4700.0,2025-08-12,4700.0,PAID_ON_TIME
RP0000576,LN200088,6,2025-09-13,4700.0,2025-09-25,4700.0,PAID_LATE
RP0000577,LN200088,7,2025-10-13,4700.0,2025-12-13,4700.0,PAID_LATE
RP0000578,LN200088,8,2025-11-13,4700.0,2025-11-10,4700.0,PAID_ON_TIME
RP0000579,LN200088,9,2025-12-13,4700.0,2025-12-10,4700.0,PAID_ON_TIME
RP0000580,LN200088,10,2026-01-13,4700.0,2026-01-17,4700.0,PAID_ON_TIME
RP0000581,LN200088,11,2026-02-13,4700.0,2026-02-15,4700.0,PAID_ON_TIME
RP0000582,LN200088,12,2026-03-13,4700.0,2026-03-11,4700.0,PAID_ON_TIME
RP0000583,LN200089,1,2025-11-22,4477.5,2025-11-25,4477.5,PAID_ON_TIME
RP0000584,LN200089,2,2025-12-22,4477.5,2025-12-26,4477.5,PAID_ON_TIME
RP0000585,LN200089,3,2026-01-22,4477.5,2026-01-25,4477.5,PAID_ON_TIME
RP0000586,LN200089,4,2026-02-22,4477.5,2026-02-24,4477.5,PAID_ON_TIME
RP0000587,LN200089,5,2026-03-22,4477.5,2026-05-22,4477.5,PAID_LATE
RP0000588,LN200089,6,2026-04-22,4477.5,2026-04-24,4477.5,PAID_ON_TIME
RP0000589,LN200089,7,2026-05-22,4477.5,2026-05-26,4477.5,PAID_ON_TIME
RP0000590,LN200089,8,2026-06-22,4477.5,2026-08-23,4477.5,PAID_LATE
RP0000591,LN200089,9,2026-07-22,4477.5,2026-07-19,4477.5,PAID_ON_TIME
RP0000592,LN200089,10,2026-08-22,4477.5,2026-08-19,4477.5,PAID_ON_TIME
RP0000593,LN200089,11,2026-09-22,4477.5,,0.0,NOT_DUE
RP0000594,LN200089,12,2026-10-22,4477.5,,0.0,NOT_DUE
RP0000595,LN200090,1,2025-08-05,20040.25,2025-08-04,20040.25,PAID_ON_TIME
RP0000596,LN200090,2,2025-09-05,20040.25,,0.0,UNPAID
RP0000597,LN200090,3,2025-10-05,20040.25,2025-12-28,20040.25,PAID_LATE
RP0000598,LN200091,1,2026-08-18,15499.0,2026-08-20,15499.0,PAID_ON_TIME
RP0000599,LN200091,2,2026-09-18,15499.0,,0.0,NOT_DUE
RP0000600,LN200091,3,2026-10-18,15499.0,,0.0,NOT_DUE
RP0000601,LN200092,1,2026-04-21,6053.25,2026-04-18,6053.25,PAID_ON_TIME
RP0000602,LN200092,2,2026-05-21,6053.25,2026-05-21,6053.25,PAID_ON_TIME
RP0000603,LN200092,3,2026-06-21,6053.25,2026-06-19,6053.25,PAID_ON_TIME
RP0000604,LN200092,4,2026-07-21,6053.25,2026-07-21,6053.25,PAID_ON_TIME
RP0000605,LN200092,5,2026-08-21,6053.25,2026-08-21,6053.25,PAID_ON_TIME
RP0000606,LN200092,6,2026-09-21,6053.25,,0.0,NOT_DUE
RP0000607,LN200092,7,2026-10-21,6053.25,,0.0,NOT_DUE
RP0000608,LN200092,8,2026-11-21,6053.25,,0.0,NOT_DUE
RP0000609,LN200092,9,2026-12-21,6053.25,,0.0,NOT_DUE
RP0000610,LN200092,10,2027-01-21,6053.25,,0.0,NOT_DUE
RP0000611,LN200092,11,2027-02-21,6053.25,,0.0,NOT_DUE
RP0000612,LN200092,12,2027-03-21,6053.25,,0.0,NOT_DUE
RP0000613,LN200093,1,2026-08-17,46483.5,2026-08-17,46483.5,PAID_ON_TIME
RP0000614,LN200093,2,2026-09-17,46483.5,,0.0,NOT_DUE
RP0000615,LN200093,3,2026-10-17,46483.5,,0.0,NOT_DUE
RP0000616,LN200094,1,2026-02-22,6375.44,2026-02-22,6375.44,PAID_ON_TIME
RP0000617,LN200094,2,2026-03-22,6375.44,2026-03-29,6375.44,PAID_LATE
RP0000618,LN200094,3,2026-04-22,6375.44,2026-04-19,6375.44,PAID_ON_TIME
RP0000619,LN200094,4,2026-05-22,6375.44,2026-05-20,6375.44,PAID_ON_TIME
RP0000620,LN200094,5,2026-06-22,6375.44,2026-06-20,6375.44,PAID_ON_TIME
RP0000621,LN200094,6,2026-07-22,6375.44,2026-07-24,6375.44,PAID_ON_TIME
RP0000622,LN200094,7,2026-08-22,6375.44,2026-08-20,6375.44,PAID_ON_TIME
RP0000623,LN200094,8,2026-09-22,6375.44,,0.0,NOT_DUE
RP0000624,LN200094,9,2026-10-22,6375.44,,0.0,NOT_DUE
RP0000625,LN200095,1,2026-02-28,7181.89,2026-03-03,7181.89,PAID_ON_TIME
RP0000626,LN200095,2,2026-03-29,7181.89,2026-07-26,7181.89,PAID_LATE
RP0000627,LN200095,3,2026-04-29,7181.89,2026-04-27,7181.89,PAID_ON_TIME
RP0000628,LN200095,4,2026-05-29,7181.89,2026-07-24,7181.89,PAID_LATE
RP0000629,LN200095,5,2026-06-29,7181.89,2026-07-06,7181.89,PAID_LATE
RP0000630,LN200095,6,2026-07-29,7181.89,2026-07-30,7181.89,PAID_ON_TIME
RP0000631,LN200095,7,2026-08-29,7181.89,2026-09-02,7181.89,PAID_ON_TIME
RP0000632,LN200095,8,2026-09-29,7181.89,,0.0,NOT_DUE
RP0000633,LN200095,9,2026-10-29,7181.89,,0.0,NOT_DUE
RP0000634,LN200095,10,2026-11-29,7181.89,,0.0,NOT_DUE
RP0000635,LN200095,11,2026-12-29,7181.89,,0.0,NOT_DUE
RP0000636,LN200095,12,2027-01-29,7181.89,,0.0,NOT_DUE
RP0000637,LN200095,13,2027-02-28,7181.89,,0.0,NOT_DUE
RP0000638,LN200095,14,2027-03-29,7181.89,,0.0,NOT_DUE
RP0000639,LN200095,15,2027-04-29,7181.89,,0.0,NOT_DUE
RP0000640,LN200095,16,2027-05-29,7181.89,,0.0,NOT_DUE
RP0000641,LN200095,17,2027-06-29,7181.89,,0.0,NOT_DUE
RP0000642,LN200095,18,2027-07-29,7181.89,,0.0,NOT_DUE
RP0000643,LN200096,1,2025-09-10,12980.86,2025-09-14,12980.86,PAID_ON_TIME
RP0000644,LN200096,2,2025-10-10,12980.86,2025-12-30,12980.86,PAID_LATE
RP0000645,LN200096,3,2025-11-10,12980.86,2025-11-08,12980.86,PAID_ON_TIME
RP0000646,LN200096,4,2025-12-10,12980.86,2025-12-12,12980.86,PAID_ON_TIME
RP0000647,LN200096,5,2026-01-10,12980.86,2026-02-02,12980.86,PAID_LATE
RP0000648,LN200096,6,2026-02-10,12980.86,2026-05-09,12980.86,PAID_LATE
RP0000649,LN200096,7,2026-03-10,12980.86,2026-03-13,12980.86,PAID_ON_TIME
RP0000650,LN200096,8,2026-04-10,12980.86,2026-04-12,12980.86,PAID_ON_TIME
RP0000651,LN200096,9,2026-05-10,12980.86,2026-05-08,12980.86,PAID_ON_TIME
RP0000652,LN200097,1,2026-06-13,36349.78,2026-06-13,36349.78,PAID_ON_TIME
RP0000653,LN200097,2,2026-07-13,36349.78,2026-07-10,36349.78,PAID_ON_TIME
RP0000654,LN200097,3,2026-08-13,36349.78,2026-08-11,36349.78,PAID_ON_TIME
RP0000655,LN200097,4,2026-09-13,36349.78,,0.0,NOT_DUE
RP0000656,LN200097,5,2026-10-13,36349.78,,0.0,NOT_DUE
RP0000657,LN200097,6,2026-11-13,36349.78,,0.0,NOT_DUE
RP0000658,LN200097,7,2026-12-13,36349.78,,0.0,NOT_DUE
RP0000659,LN200097,8,2027-01-13,36349.78,,0.0,NOT_DUE
RP0000660,LN200097,9,2027-02-13,36349.78,,0.0,NOT_DUE
RP0000661,LN200098,1,2026-05-29,6752.78,2026-05-30,6752.78,PAID_LATE
RP0000662,LN200098,2,2026-06-29,6752.78,2026-06-28,6752.78,PAID_ON_TIME
RP0000663,LN200098,3,2026-07-29,6752.78,2026-07-29,6752.78,PAID_ON_TIME
RP0000664,LN200098,4,2026-08-29,6752.78,2026-08-26,6752.78,PAID_ON_TIME
RP0000665,LN200098,5,2026-09-29,6752.78,,0.0,NOT_DUE
RP0000666,LN200098,6,2026-10-29,6752.78,,0.0,NOT_DUE
RP0000667,LN200098,7,2026-11-29,6752.78,,0.0,NOT_DUE
RP0000668,LN200098,8,2026-12-29,6752.78,,0.0,NOT_DUE
RP0000669,LN200098,9,2027-01-29,6752.78,,0.0,NOT_DUE
RP0000670,LN200099,1,2025-08-06,11809.22,2025-08-07,11809.22,PAID_ON_TIME
RP0000671,LN200099,2,2025-09-06,11809.22,2025-09-08,11809.22,PAID_ON_TIME
RP0000672,LN200099,3,2025-10-06,11809.22,2025-10-06,11809.22,PAID_ON_TIME
RP0000673,LN200099,4,2025-11-06,11809.22,2025-11-04,11809.22,PAID_ON_TIME
RP0000674,LN200099,5,2025-12-06,11809.22,2025-12-04,11809.22,PAID_ON_TIME
RP0000675,LN200099,6,2026-01-06,11809.22,2026-01-05,11809.22,PAID_ON_TIME
RP0000676,LN200099,7,2026-02-06,11809.22,2026-02-07,11809.22,PAID_ON_TIME
RP0000677,LN200099,8,2026-03-06,11809.22,2026-03-10,11809.22,PAID_ON_TIME
RP0000678,LN200099,9,2026-04-06,11809.22,2026-04-08,11809.22,PAID_ON_TIME
RP0000679,LN200100,1,2026-06-14,3828.5,2026-06-11,3828.5,PAID_ON_TIME
RP0000680,LN200100,2,2026-07-14,3828.5,2026-07-13,3828.5,PAID_ON_TIME
RP0000681,LN200100,3,2026-08-14,3828.5,2026-08-11,3828.5,PAID_ON_TIME
RP0000682,LN200100,4,2026-09-14,3828.5,,0.0,NOT_DUE
RP0000683,LN200100,5,2026-10-14,3828.5,,0.0,NOT_DUE
RP0000684,LN200100,6,2026-11-14,3828.5,,0.0,NOT_DUE
RP0000685,LN200100,7,2026-12-14,3828.5,,0.0,NOT_DUE
RP0000686,LN200100,8,2027-01-14,3828.5,,0.0,NOT_DUE
RP0000687,LN200100,9,2027-02-14,3828.5,,0.0,NOT_DUE
RP0000688,LN200100,10,2027-03-14,3828.5,,0.0,NOT_DUE
RP0000689,LN200100,11,2027-04-14,3828.5,,0.0,NOT_DUE
RP0000690,LN200100,12,2027-05-14,3828.5,,0.0,NOT_DUE
RP0000691,LN200102,1,2026-05-16,12496.0,2026-05-14,12496.0,PAID_ON_TIME
RP0000692,LN200102,2,2026-06-16,12496.0,2026-06-18,12496.0,PAID_ON_TIME
RP0000693,LN200102,3,2026-07-16,12496.0,2026-07-18,12496.0,PAID_ON_TIME
RP0000694,LN200102,4,2026-08-16,12496.0,2026-08-20,12496.0,PAID_ON_TIME
RP0000695,LN200102,5,2026-09-16,12496.0,,0.0,NOT_DUE
RP0000696,LN200102,6,2026-10-16,12496.0,,0.0,NOT_DUE
RP0000697,LN200102,7,2026-11-16,12496.0,,0.0,NOT_DUE
RP0000698,LN200102,8,2026-12-16,12496.0,,0.0,NOT_DUE
RP0000699,LN200102,9,2027-01-16,12496.0,,0.0,NOT_DUE
RP0000700,LN200102,10,2027-02-16,12496.0,,0.0,NOT_DUE
RP0000701,LN200102,11,2027-03-16,12496.0,,0.0,NOT_DUE
RP0000702,LN200102,12,2027-04-16,12496.0,,0.0,NOT_DUE
RP0000703,LN200103,1,2026-08-07,12458.67,2026-08-05,12458.67,PAID_ON_TIME
RP0000704,LN200103,2,2026-09-07,12458.67,,0.0,NOT_DUE
RP0000705,LN200103,3,2026-10-07,12458.67,,0.0,NOT_DUE
RP0000706,LN200103,4,2026-11-07,12458.67,,0.0,NOT_DUE
RP0000707,LN200103,5,2026-12-07,12458.67,,0.0,NOT_DUE
RP0000708,LN200103,6,2027-01-07,12458.67,,0.0,NOT_DUE
RP0000709,LN200103,7,2027-02-07,12458.67,,0.0,NOT_DUE
RP0000710,LN200103,8,2027-03-07,12458.67,,0.0,NOT_DUE
RP0000711,LN200103,9,2027-04-07,12458.67,,0.0,NOT_DUE
RP0000712,LN200103,10,2027-05-07,12458.67,,0.0,NOT_DUE
RP0000713,LN200103,11,2027-06-07,12458.67,,0.0,NOT_DUE
RP0000714,LN200103,12,2027-07-07,12458.67,,0.0,NOT_DUE
RP0000715,LN200104,1,2026-02-28,17823.75,2026-03-02,17823.75,PAID_ON_TIME
RP0000716,LN200104,2,2026-03-31,17823.75,2026-03-29,17823.75,PAID_ON_TIME
RP0000717,LN200104,3,2026-04-30,17823.75,2026-04-27,17823.75,PAID_ON_TIME
RP0000718,LN200104,4,2026-05-31,17823.75,2026-05-29,17823.75,PAID_ON_TIME
RP0000719,LN200104,5,2026-06-30,17823.75,2026-06-28,17823.75,PAID_ON_TIME
RP0000720,LN200104,6,2026-07-31,17823.75,2026-08-04,17823.75,PAID_ON_TIME
RP0000721,LN200105,1,2025-08-15,119170.0,2025-08-13,119170.0,PAID_ON_TIME
RP0000722,LN200105,2,2025-09-15,119170.0,2025-12-15,119170.0,PAID_LATE
RP0000723,LN200105,3,2025-10-15,119170.0,2025-10-12,119170.0,PAID_ON_TIME
RP0000724,LN200106,1,2025-06-24,22958.33,2025-07-24,22958.33,PAID_LATE
RP0000725,LN200106,2,2025-07-24,22958.33,2025-07-24,22958.33,PAID_ON_TIME
RP0000726,LN200106,3,2025-08-24,22958.33,2025-11-15,22958.33,PAID_LATE
RP0000727,LN200106,4,2025-09-24,22958.33,2025-09-22,22958.33,PAID_ON_TIME
RP0000728,LN200106,5,2025-10-24,22958.33,2025-10-23,22958.33,PAID_ON_TIME
RP0000729,LN200106,6,2025-11-24,22958.33,2025-11-25,22958.33,PAID_ON_TIME
RP0000730,LN200107,1,2026-06-13,14680.0,2026-06-12,14680.0,PAID_ON_TIME
RP0000731,LN200107,2,2026-07-13,14680.0,2026-07-16,14680.0,PAID_ON_TIME
RP0000732,LN200107,3,2026-08-13,14680.0,2026-08-13,14680.0,PAID_ON_TIME
RP0000733,LN200107,4,2026-09-13,14680.0,,0.0,NOT_DUE
RP0000734,LN200107,5,2026-10-13,14680.0,,0.0,NOT_DUE
RP0000735,LN200107,6,2026-11-13,14680.0,,0.0,NOT_DUE
RP0000736,LN200108,1,2025-06-24,5678.17,2025-06-25,5678.17,PAID_ON_TIME
RP0000737,LN200108,2,2025-07-24,5678.17,2025-07-25,5678.17,PAID_ON_TIME
RP0000738,LN200108,3,2025-08-24,5678.17,2025-08-22,5678.17,PAID_ON_TIME
RP0000739,LN200108,4,2025-09-24,5678.17,2025-09-25,5678.17,PAID_ON_TIME
RP0000740,LN200108,5,2025-10-24,5678.17,2025-10-27,5678.17,PAID_ON_TIME
RP0000741,LN200108,6,2025-11-24,5678.17,2025-11-28,5678.17,PAID_ON_TIME
RP0000742,LN200109,1,2026-08-07,4330.0,2026-08-04,4330.0,PAID_ON_TIME
RP0000743,LN200109,2,2026-09-07,4330.0,,0.0,NOT_DUE
RP0000744,LN200109,3,2026-10-07,4330.0,,0.0,NOT_DUE
RP0000745,LN200109,4,2026-11-07,4330.0,,0.0,NOT_DUE
RP0000746,LN200109,5,2026-12-07,4330.0,,0.0,NOT_DUE
RP0000747,LN200109,6,2027-01-07,4330.0,,0.0,NOT_DUE
RP0000748,LN200110,1,2026-02-07,23493.0,2026-02-08,23493.0,PAID_LATE
RP0000749,LN200110,2,2026-03-07,23493.0,2026-03-09,23493.0,PAID_ON_TIME
RP0000750,LN200110,3,2026-04-07,23493.0,2026-04-09,23493.0,PAID_ON_TIME
RP0000751,LN200110,4,2026-05-07,23493.0,2026-05-11,23493.0,PAID_ON_TIME
RP0000752,LN200110,5,2026-06-07,23493.0,2026-06-08,23493.0,PAID_ON_TIME
RP0000753,LN200110,6,2026-07-07,23493.0,2026-07-08,23493.0,PAID_ON_TIME
RP0000754,LN200110,7,2026-08-07,23493.0,2026-08-08,23493.0,PAID_ON_TIME
RP0000755,LN200110,8,2026-09-07,23493.0,,0.0,NOT_DUE
RP0000756,LN200110,9,2026-10-07,23493.0,,0.0,NOT_DUE
RP0000757,LN200110,10,2026-11-07,23493.0,,0.0,NOT_DUE
RP0000758,LN200110,11,2026-12-07,23493.0,,0.0,NOT_DUE
RP0000759,LN200110,12,2027-01-07,23493.0,,0.0,NOT_DUE
RP0000760,LN200111,1,2026-02-28,13406.25,,0.0,UNPAID
RP0000761,LN200111,2,2026-03-29,13406.25,2026-04-01,13406.25,PAID_ON_TIME
RP0000762,LN200111,3,2026-04-29,13406.25,2026-04-29,13406.25,PAID_ON_TIME
RP0000763,LN200113,1,2026-01-03,13098.0,2026-01-06,13098.0,PAID_ON_TIME
RP0000764,LN200113,2,2026-02-03,13098.0,2026-02-05,13098.0,PAID_ON_TIME
RP0000765,LN200113,3,2026-03-03,13098.0,2026-02-28,13098.0,PAID_ON_TIME
RP0000766,LN200113,4,2026-04-03,13098.0,2026-04-07,13098.0,PAID_ON_TIME
RP0000767,LN200113,5,2026-05-03,13098.0,2026-05-04,13098.0,PAID_LATE
RP0000768,LN200113,6,2026-06-03,13098.0,,0.0,UNPAID
RP0000769,LN200114,1,2026-02-09,14755.0,2026-02-12,14755.0,PAID_ON_TIME
RP0000770,LN200114,2,2026-03-09,14755.0,2026-03-10,14755.0,PAID_ON_TIME
RP0000771,LN200114,3,2026-04-09,14755.0,,0.0,UNPAID
RP0000772,LN200114,4,2026-05-09,14755.0,2026-05-09,14755.0,PAID_ON_TIME
RP0000773,LN200114,5,2026-06-09,14755.0,2026-06-07,14755.0,PAID_ON_TIME
RP0000774,LN200114,6,2026-07-09,14755.0,2026-07-13,14755.0,PAID_ON_TIME
RP0000775,LN200114,7,2026-08-09,14755.0,2026-08-08,14755.0,PAID_ON_TIME
RP0000776,LN200114,8,2026-09-09,14755.0,,0.0,NOT_DUE
RP0000777,LN200114,9,2026-10-09,14755.0,,0.0,NOT_DUE
RP0000778,LN200114,10,2026-11-09,14755.0,,0.0,NOT_DUE
RP0000779,LN200114,11,2026-12-09,14755.0,,0.0,NOT_DUE
RP0000780,LN200114,12,2027-01-09,14755.0,,0.0,NOT_DUE
RP0000781,LN200115,1,2025-05-23,13923.33,2025-05-26,13923.33,PAID_ON_TIME
RP0000782,LN200115,2,2025-06-23,13923.33,2025-06-20,13923.33,PAID_ON_TIME
RP0000783,LN200115,3,2025-07-23,13923.33,2025-07-21,13923.33,PAID_ON_TIME
RP0000784,LN200116,1,2026-01-18,22140.0,2026-01-20,22140.0,PAID_ON_TIME
RP0000785,LN200116,2,2026-02-18,22140.0,2026-02-22,22140.0,PAID_ON_TIME
RP0000786,LN200116,3,2026-03-18,22140.0,2026-03-15,22140.0,PAID_ON_TIME
RP0000787,LN200116,4,2026-04-18,22140.0,2026-04-22,22140.0,PAID_ON_TIME
RP0000788,LN200116,5,2026-05-18,22140.0,2026-05-18,22140.0,PAID_ON_TIME
RP0000789,LN200116,6,2026-06-18,22140.0,2026-06-16,22140.0,PAID_ON_TIME
RP0000790,LN200118,1,2025-09-13,2781.0,2025-11-10,2781.0,PAID_LATE
RP0000791,LN200118,2,2025-10-13,2781.0,2025-10-10,2781.0,PAID_ON_TIME
RP0000792,LN200118,3,2025-11-13,2781.0,2026-02-05,2781.0,PAID_LATE
RP0000793,LN200118,4,2025-12-13,2781.0,2026-01-18,2781.0,PAID_LATE
RP0000794,LN200118,5,2026-01-13,2781.0,2026-01-25,2781.0,PAID_LATE
RP0000795,LN200118,6,2026-02-13,2781.0,2026-05-15,2781.0,PAID_LATE
RP0000796,LN200118,7,2026-03-13,2781.0,2026-03-11,2781.0,PAID_ON_TIME
RP0000797,LN200118,8,2026-04-13,2781.0,2026-04-12,2781.0,PAID_ON_TIME
RP0000798,LN200118,9,2026-05-13,2781.0,2026-05-16,2781.0,PAID_ON_TIME
RP0000799,LN200118,10,2026-06-13,2781.0,2026-06-12,2781.0,PAID_ON_TIME
RP0000800,LN200118,11,2026-07-13,2781.0,2026-07-15,2781.0,PAID_ON_TIME
RP0000801,LN200118,12,2026-08-13,2781.0,2026-08-16,2781.0,PAID_ON_TIME
RP0000802,LN200119,1,2025-12-06,3357.75,2025-12-08,3357.75,PAID_ON_TIME
RP0000803,LN200119,2,2026-01-06,3357.75,2026-02-09,3357.75,PAID_LATE
RP0000804,LN200119,3,2026-02-06,3357.75,2026-02-03,3357.75,PAID_ON_TIME
RP0000805,LN200119,4,2026-03-06,3357.75,2026-05-18,3357.75,PAID_LATE
RP0000806,LN200119,5,2026-04-06,3357.75,,0.0,UNPAID
RP0000807,LN200119,6,2026-05-06,3357.75,2026-05-04,3357.75,PAID_ON_TIME
RP0000808,LN200119,7,2026-06-06,3357.75,2026-06-07,3357.75,PAID_ON_TIME
RP0000809,LN200119,8,2026-07-06,3357.75,2026-08-21,3357.75,PAID_LATE
RP0000810,LN200119,9,2026-08-06,3357.75,2026-08-05,3357.75,PAID_ON_TIME
RP0000811,LN200119,10,2026-09-06,3357.75,,0.0,NOT_DUE
RP0000812,LN200119,11,2026-10-06,3357.75,,0.0,NOT_DUE
RP0000813,LN200119,12,2026-11-06,3357.75,,0.0,NOT_DUE
RP0000814,LN200120,1,2025-05-30,29928.0,2025-05-29,29928.0,PAID_ON_TIME
RP0000815,LN200120,2,2025-06-30,29928.0,,0.0,UNPAID
RP0000816,LN200120,3,2025-07-30,29928.0,2025-08-01,29928.0,PAID_ON_TIME
RP0000817,LN200121,1,2025-04-20,36163.75,2025-04-17,36163.75,PAID_ON_TIME
RP0000818,LN200121,2,2025-05-20,36163.75,2025-05-23,36163.75,PAID_ON_TIME
RP0000819,LN200121,3,2025-06-20,36163.75,2025-06-18,36163.75,PAID_ON_TIME
RP0000820,LN200122,1,2026-01-28,29376.0,2026-01-26,29376.0,PAID_ON_TIME
RP0000821,LN200122,2,2026-02-28,29376.0,2026-02-27,29376.0,PAID_ON_TIME
RP0000822,LN200122,3,2026-03-28,29376.0,2026-03-30,29376.0,PAID_ON_TIME
RP0000823,LN200122,4,2026-04-28,29376.0,2026-04-25,29376.0,PAID_ON_TIME
RP0000824,LN200122,5,2026-05-28,29376.0,2026-05-29,29376.0,PAID_ON_TIME
RP0000825,LN200122,6,2026-06-28,29376.0,2026-06-26,29376.0,PAID_ON_TIME
RP0000826,LN200122,7,2026-07-28,29376.0,2026-07-27,29376.0,PAID_ON_TIME
RP0000827,LN200122,8,2026-08-28,29376.0,2026-09-01,29376.0,PAID_ON_TIME
RP0000828,LN200122,9,2026-09-28,29376.0,,0.0,NOT_DUE
RP0000829,LN200122,10,2026-10-28,29376.0,,0.0,NOT_DUE
RP0000830,LN200122,11,2026-11-28,29376.0,,0.0,NOT_DUE
RP0000831,LN200122,12,2026-12-28,29376.0,,0.0,NOT_DUE
RP0000832,LN200123,1,2026-03-10,29425.0,2026-03-13,29425.0,PAID_ON_TIME
RP0000833,LN200123,2,2026-04-10,29425.0,2026-04-23,29425.0,PAID_LATE
RP0000834,LN200123,3,2026-05-10,29425.0,2026-05-07,29425.0,PAID_ON_TIME
RP0000835,LN200123,4,2026-06-10,29425.0,2026-06-08,29425.0,PAID_ON_TIME
RP0000836,LN200123,5,2026-07-10,29425.0,2026-07-14,29425.0,PAID_ON_TIME
RP0000837,LN200123,6,2026-08-10,29425.0,2026-08-08,29425.0,PAID_ON_TIME
RP0000838,LN200124,1,2026-02-08,15306.47,2026-02-05,15306.47,PAID_ON_TIME
RP0000839,LN200124,2,2026-03-08,15306.47,2026-03-10,15306.47,PAID_ON_TIME
RP0000840,LN200124,3,2026-04-08,15306.47,2026-04-09,15306.47,PAID_ON_TIME
RP0000841,LN200124,4,2026-05-08,15306.47,2026-05-06,15306.47,PAID_ON_TIME
RP0000842,LN200124,5,2026-06-08,15306.47,2026-06-08,15306.47,PAID_ON_TIME
RP0000843,LN200124,6,2026-07-08,15306.47,2026-07-06,15306.47,PAID_ON_TIME
RP0000844,LN200124,7,2026-08-08,15306.47,2026-08-06,15306.47,PAID_ON_TIME
RP0000845,LN200124,8,2026-09-08,15306.47,,0.0,NOT_DUE
RP0000846,LN200124,9,2026-10-08,15306.47,,0.0,NOT_DUE
RP0000847,LN200124,10,2026-11-08,15306.47,,0.0,NOT_DUE
RP0000848,LN200124,11,2026-12-08,15306.47,,0.0,NOT_DUE
RP0000849,LN200124,12,2027-01-08,15306.47,,0.0,NOT_DUE
RP0000850,LN200124,13,2027-02-08,15306.47,,0.0,NOT_DUE
RP0000851,LN200124,14,2027-03-08,15306.47,,0.0,NOT_DUE
RP0000852,LN200124,15,2027-04-08,15306.47,,0.0,NOT_DUE
RP0000853,LN200124,16,2027-05-08,15306.47,,0.0,NOT_DUE
RP0000854,LN200124,17,2027-06-08,15306.47,,0.0,NOT_DUE
RP0000855,LN200124,18,2027-07-08,15306.47,,0.0,NOT_DUE
RP0000856,LN200125,1,2026-05-29,99026.42,2026-05-31,99026.42,PAID_ON_TIME
RP0000857,LN200125,2,2026-06-29,99026.42,2026-06-26,99026.42,PAID_ON_TIME
RP0000858,LN200125,3,2026-07-29,99026.42,2026-08-02,99026.42,PAID_ON_TIME
RP0000859,LN200126,1,2026-05-29,19392.0,2026-05-30,19392.0,PAID_ON_TIME
RP0000860,LN200126,2,2026-06-29,19392.0,2026-06-29,19392.0,PAID_ON_TIME
RP0000861,LN200126,3,2026-07-29,19392.0,2026-07-27,19392.0,PAID_ON_TIME
RP0000862,LN200126,4,2026-08-29,19392.0,2026-08-30,19392.0,PAID_ON_TIME
RP0000863,LN200126,5,2026-09-29,19392.0,,0.0,NOT_DUE
RP0000864,LN200126,6,2026-10-29,19392.0,,0.0,NOT_DUE
RP0000865,LN200126,7,2026-11-29,19392.0,,0.0,NOT_DUE
RP0000866,LN200126,8,2026-12-29,19392.0,,0.0,NOT_DUE
RP0000867,LN200126,9,2027-01-29,19392.0,,0.0,NOT_DUE
RP0000868,LN200126,10,2027-02-28,19392.0,,0.0,NOT_DUE
RP0000869,LN200126,11,2027-03-29,19392.0,,0.0,NOT_DUE
RP0000870,LN200126,12,2027-04-29,19392.0,,0.0,NOT_DUE
RP0000871,LN200127,1,2025-03-02,8156.25,2025-02-28,8156.25,PAID_ON_TIME
RP0000872,LN200127,2,2025-04-02,8156.25,2025-05-30,8156.25,PAID_LATE
RP0000873,LN200127,3,2025-05-02,8156.25,2025-05-02,8156.25,PAID_ON_TIME
RP0000874,LN200127,4,2025-06-02,8156.25,2025-06-06,8156.25,PAID_ON_TIME
RP0000875,LN200127,5,2025-07-02,8156.25,2025-07-03,8156.25,PAID_ON_TIME
RP0000876,LN200127,6,2025-08-02,8156.25,2025-08-04,8156.25,PAID_ON_TIME
RP0000877,LN200128,1,2025-02-27,43648.5,2025-03-02,43648.5,PAID_ON_TIME
RP0000878,LN200128,2,2025-03-27,43648.5,2025-03-26,43648.5,PAID_ON_TIME
RP0000879,LN200128,3,2025-04-27,43648.5,2025-05-15,43648.5,PAID_LATE
RP0000880,LN200129,1,2025-02-09,3736.97,2025-02-12,3736.97,PAID_ON_TIME
RP0000881,LN200129,2,2025-03-09,3736.97,2025-03-06,3736.97,PAID_ON_TIME
RP0000882,LN200129,3,2025-04-09,3736.97,2025-04-09,3736.97,PAID_ON_TIME
RP0000883,LN200129,4,2025-05-09,3736.97,2025-05-13,3736.97,PAID_ON_TIME
RP0000884,LN200129,5,2025-06-09,3736.97,2025-06-07,3736.97,PAID_ON_TIME
RP0000885,LN200129,6,2025-07-09,3736.97,2025-07-26,3736.97,PAID_LATE
RP0000886,LN200129,7,2025-08-09,3736.97,2025-08-09,3736.97,PAID_ON_TIME
RP0000887,LN200129,8,2025-09-09,3736.97,2025-09-08,3736.97,PAID_ON_TIME
RP0000888,LN200129,9,2025-10-09,3736.97,2025-10-10,3736.97,PAID_ON_TIME
RP0000889,LN200130,1,2025-07-15,21195.0,2025-07-24,21195.0,PAID_LATE
RP0000890,LN200130,2,2025-08-15,21195.0,2025-08-18,21195.0,PAID_ON_TIME
RP0000891,LN200130,3,2025-09-15,21195.0,2025-09-14,21195.0,PAID_ON_TIME
RP0000892,LN200131,1,2026-07-05,24035.0,2026-07-02,24035.0,PAID_ON_TIME
RP0000893,LN200131,2,2026-08-05,24035.0,,0.0,UNPAID
RP0000894,LN200131,3,2026-09-05,24035.0,,0.0,NOT_DUE
RP0000895,LN200132,1,2026-01-20,4871.25,2026-02-14,4871.25,PAID_LATE
RP0000896,LN200132,2,2026-02-20,4871.25,2026-02-22,4871.25,PAID_ON_TIME
RP0000897,LN200132,3,2026-03-20,4871.25,2026-03-22,4871.25,PAID_ON_TIME
RP0000898,LN200132,4,2026-04-20,4871.25,2026-08-10,4871.25,PAID_LATE
RP0000899,LN200132,5,2026-05-20,4871.25,2026-05-18,4871.25,PAID_ON_TIME
RP0000900,LN200132,6,2026-06-20,4871.25,2026-06-17,4871.25,PAID_ON_TIME
RP0000901,LN200134,1,2025-11-07,5062.69,2025-11-07,5062.69,PAID_ON_TIME
RP0000902,LN200134,2,2025-12-07,5062.69,2025-12-07,5062.69,PAID_ON_TIME
RP0000903,LN200134,3,2026-01-07,5062.69,2026-01-06,5062.69,PAID_ON_TIME
RP0000904,LN200134,4,2026-02-07,5062.69,2026-02-11,5062.69,PAID_ON_TIME
RP0000905,LN200134,5,2026-03-07,5062.69,2026-03-05,5062.69,PAID_ON_TIME
RP0000906,LN200134,6,2026-04-07,5062.69,2026-04-05,5062.69,PAID_ON_TIME
RP0000907,LN200134,7,2026-05-07,5062.69,2026-06-18,5062.69,PAID_LATE
RP0000908,LN200134,8,2026-06-07,5062.69,2026-06-04,5062.69,PAID_ON_TIME
RP0000909,LN200134,9,2026-07-07,5062.69,2026-07-11,5062.69,PAID_ON_TIME
RP0000910,LN200134,10,2026-08-07,5062.69,2026-08-08,5062.69,PAID_ON_TIME
RP0000911,LN200134,11,2026-09-07,5062.69,,0.0,NOT_DUE
RP0000912,LN200134,12,2026-10-07,5062.69,,0.0,NOT_DUE
RP0000913,LN200134,13,2026-11-07,5062.69,,0.0,NOT_DUE
RP0000914,LN200134,14,2026-12-07,5062.69,,0.0,NOT_DUE
RP0000915,LN200134,15,2027-01-07,5062.69,,0.0,NOT_DUE
RP0000916,LN200134,16,2027-02-07,5062.69,,0.0,NOT_DUE
RP0000917,LN200134,17,2027-03-07,5062.69,,0.0,NOT_DUE
RP0000918,LN200134,18,2027-04-07,5062.69,,0.0,NOT_DUE
RP0000919,LN200135,1,2025-09-06,4252.5,2025-09-09,4252.5,PAID_ON_TIME
RP0000920,LN200135,2,2025-10-06,4252.5,2025-10-05,4252.5,PAID_ON_TIME
RP0000921,LN200135,3,2025-11-06,4252.5,2025-11-05,4252.5,PAID_ON_TIME
RP0000922,LN200135,4,2025-12-06,4252.5,2026-03-21,4252.5,PAID_LATE
RP0000923,LN200135,5,2026-01-06,4252.5,2026-01-08,4252.5,PAID_ON_TIME
RP0000924,LN200135,6,2026-02-06,4252.5,2026-02-08,4252.5,PAID_ON_TIME
RP0000925,LN200135,7,2026-03-06,4252.5,2026-03-07,4252.5,PAID_ON_TIME
RP0000926,LN200135,8,2026-04-06,4252.5,2026-04-27,4252.5,PAID_LATE
RP0000927,LN200135,9,2026-05-06,4252.5,2026-07-24,4252.5,PAID_LATE
RP0000928,LN200135,10,2026-06-06,4252.5,2026-06-06,4252.5,PAID_ON_TIME
RP0000929,LN200135,11,2026-07-06,4252.5,2026-07-05,4252.5,PAID_ON_TIME
RP0000930,LN200135,12,2026-08-06,4252.5,2026-08-09,4252.5,PAID_ON_TIME
RP0000931,LN200136,1,2026-05-26,8768.22,2026-05-25,8768.22,PAID_ON_TIME
RP0000932,LN200136,2,2026-06-26,8768.22,2026-06-24,8768.22,PAID_ON_TIME
RP0000933,LN200136,3,2026-07-26,8768.22,2026-07-29,8768.22,PAID_ON_TIME
RP0000934,LN200136,4,2026-08-26,8768.22,2026-09-01,8768.22,PAID_LATE
RP0000935,LN200136,5,2026-09-26,8768.22,,0.0,NOT_DUE
RP0000936,LN200136,6,2026-10-26,8768.22,,0.0,NOT_DUE
RP0000937,LN200136,7,2026-11-26,8768.22,,0.0,NOT_DUE
RP0000938,LN200136,8,2026-12-26,8768.22,,0.0,NOT_DUE
RP0000939,LN200136,9,2027-01-26,8768.22,,0.0,NOT_DUE
RP0000940,LN200137,1,2026-08-16,5719.64,2026-08-16,5719.64,PAID_ON_TIME
RP0000941,LN200137,2,2026-09-16,5719.64,,0.0,NOT_DUE
RP0000942,LN200137,3,2026-10-16,5719.64,,0.0,NOT_DUE
RP0000943,LN200137,4,2026-11-16,5719.64,,0.0,NOT_DUE
RP0000944,LN200137,5,2026-12-16,5719.64,,0.0,NOT_DUE
RP0000945,LN200137,6,2027-01-16,5719.64,,0.0,NOT_DUE
RP0000946,LN200137,7,2027-02-16,5719.64,,0.0,NOT_DUE
RP0000947,LN200137,8,2027-03-16,5719.64,,0.0,NOT_DUE
RP0000948,LN200137,9,2027-04-16,5719.64,,0.0,NOT_DUE
RP0000949,LN200139,1,2026-05-21,4214.0,2026-05-22,4214.0,PAID_ON_TIME
RP0000950,LN200139,2,2026-06-21,4214.0,2026-07-18,4214.0,PAID_LATE
RP0000951,LN200139,3,2026-07-21,4214.0,,0.0,UNPAID
RP0000952,LN200139,4,2026-08-21,4214.0,,0.0,UNPAID
RP0000953,LN200139,5,2026-09-21,4214.0,,0.0,NOT_DUE
RP0000954,LN200139,6,2026-10-21,4214.0,,0.0,NOT_DUE
RP0000955,LN200139,7,2026-11-21,4214.0,,0.0,NOT_DUE
RP0000956,LN200139,8,2026-12-21,4214.0,,0.0,NOT_DUE
RP0000957,LN200139,9,2027-01-21,4214.0,,0.0,NOT_DUE
RP0000958,LN200139,10,2027-02-21,4214.0,,0.0,NOT_DUE
RP0000959,LN200139,11,2027-03-21,4214.0,,0.0,NOT_DUE
RP0000960,LN200139,12,2027-04-21,4214.0,,0.0,NOT_DUE
RP0000961,LN200139,13,2027-05-21,4214.0,,0.0,NOT_DUE
RP0000962,LN200139,14,2027-06-21,4214.0,,0.0,NOT_DUE
RP0000963,LN200139,15,2027-07-21,4214.0,,0.0,NOT_DUE
RP0000964,LN200139,16,2027-08-21,4214.0,,0.0,NOT_DUE
RP0000965,LN200139,17,2027-09-21,4214.0,,0.0,NOT_DUE
RP0000966,LN200139,18,2027-10-21,4214.0,,0.0,NOT_DUE
RP0000967,LN200141,1,2026-05-01,7268.33,2026-04-28,7268.33,PAID_ON_TIME
RP0000968,LN200141,2,2026-06-01,7268.33,,0.0,UNPAID
RP0000969,LN200141,3,2026-07-01,7268.33,2026-07-05,7268.33,PAID_ON_TIME
RP0000970,LN200141,4,2026-08-01,7268.33,2026-08-05,7268.33,PAID_ON_TIME
RP0000971,LN200141,5,2026-09-01,7268.33,2026-08-30,7268.33,PAID_ON_TIME
RP0000972,LN200141,6,2026-10-01,7268.33,,0.0,NOT_DUE
RP0000973,LN200141,7,2026-11-01,7268.33,,0.0,NOT_DUE
RP0000974,LN200141,8,2026-12-01,7268.33,,0.0,NOT_DUE
RP0000975,LN200141,9,2027-01-01,7268.33,,0.0,NOT_DUE
RP0000976,LN200141,10,2027-02-01,7268.33,,0.0,NOT_DUE
RP0000977,LN200141,11,2027-03-01,7268.33,,0.0,NOT_DUE
RP0000978,LN200141,12,2027-04-01,7268.33,,0.0,NOT_DUE
RP0000979,LN200141,13,2027-05-01,7268.33,,0.0,NOT_DUE
RP0000980,LN200141,14,2027-06-01,7268.33,,0.0,NOT_DUE
RP0000981,LN200141,15,2027-07-01,7268.33,,0.0,NOT_DUE
RP0000982,LN200141,16,2027-08-01,7268.33,,0.0,NOT_DUE
RP0000983,LN200141,17,2027-09-01,7268.33,,0.0,NOT_DUE
RP0000984,LN200141,18,2027-10-01,7268.33,,0.0,NOT_DUE
RP0000985,LN200142,1,2026-08-18,19630.03,2026-08-20,19630.03,PAID_ON_TIME
RP0000986,LN200142,2,2026-09-18,19630.03,,0.0,NOT_DUE
RP0000987,LN200142,3,2026-10-18,19630.03,,0.0,NOT_DUE
RP0000988,LN200142,4,2026-11-18,19630.03,,0.0,NOT_DUE
RP0000989,LN200142,5,2026-12-18,19630.03,,0.0,NOT_DUE
RP0000990,LN200142,6,2027-01-18,19630.03,,0.0,NOT_DUE
RP0000991,LN200142,7,2027-02-18,19630.03,,0.0,NOT_DUE
RP0000992,LN200142,8,2027-03-18,19630.03,,0.0,NOT_DUE
RP0000993,LN200142,9,2027-04-18,19630.03,,0.0,NOT_DUE
RP0000994,LN200142,10,2027-05-18,19630.03,,0.0,NOT_DUE
RP0000995,LN200142,11,2027-06-18,19630.03,,0.0,NOT_DUE
RP0000996,LN200142,12,2027-07-18,19630.03,,0.0,NOT_DUE
RP0000997,LN200142,13,2027-08-18,19630.03,,0.0,NOT_DUE
RP0000998,LN200142,14,2027-09-18,19630.03,,0.0,NOT_DUE
RP0000999,LN200142,15,2027-10-18,19630.03,,0.0,NOT_DUE
RP0001000,LN200142,16,2027-11-18,19630.03,,0.0,NOT_DUE
RP0001001,LN200142,17,2027-12-18,19630.03,,0.0,NOT_DUE
RP0001002,LN200142,18,2028-01-18,19630.03,,0.0,NOT_DUE
RP0001003,LN200143,1,2025-07-14,24733.33,2025-10-24,24733.33,PAID_LATE
RP0001004,LN200143,2,2025-08-14,24733.33,2025-12-09,24733.33,PAID_LATE
RP0001005,LN200143,3,2025-09-14,24733.33,2025-12-05,24733.33,PAID_LATE
RP0001006,LN200144,1,2025-12-02,128148.0,2025-11-29,128148.0,PAID_ON_TIME
RP0001007,LN200144,2,2026-01-02,128148.0,2025-12-30,128148.0,PAID_ON_TIME
RP0001008,LN200144,3,2026-02-02,128148.0,2026-02-01,128148.0,PAID_ON_TIME
RP0001009,LN200144,4,2026-03-02,128148.0,2026-03-01,128148.0,PAID_ON_TIME
RP0001010,LN200144,5,2026-04-02,128148.0,2026-04-05,128148.0,PAID_ON_TIME
RP0001011,LN200144,6,2026-05-02,128148.0,2026-05-05,128148.0,PAID_ON_TIME
RP0001012,LN200145,1,2025-12-12,13611.0,2025-12-16,13611.0,PAID_ON_TIME
RP0001013,LN200145,2,2026-01-12,13611.0,2026-01-13,13611.0,PAID_ON_TIME
RP0001014,LN200145,3,2026-02-12,13611.0,2026-02-15,13611.0,PAID_ON_TIME
RP0001015,LN200146,1,2026-05-13,31546.67,2026-06-15,31546.67,PAID_LATE
RP0001016,LN200146,2,2026-06-13,31546.67,2026-06-16,31546.67,PAID_ON_TIME
RP0001017,LN200146,3,2026-07-13,31546.67,2026-07-17,31546.67,PAID_ON_TIME
RP0001018,LN200147,1,2026-06-18,20973.83,2026-06-20,20973.83,PAID_ON_TIME
RP0001019,LN200147,2,2026-07-18,20973.83,2026-07-22,20973.83,PAID_ON_TIME
RP0001020,LN200147,3,2026-08-18,20973.83,2026-08-21,20973.83,PAID_ON_TIME
RP0001021,LN200148,1,2025-02-08,32636.44,2025-02-06,32636.44,PAID_ON_TIME
RP0001022,LN200148,2,2025-03-08,32636.44,2025-03-10,32636.44,PAID_ON_TIME
RP0001023,LN200148,3,2025-04-08,32636.44,2025-04-11,32636.44,PAID_ON_TIME
RP0001024,LN200148,4,2025-05-08,32636.44,2025-05-08,32636.44,PAID_ON_TIME
RP0001025,LN200148,5,2025-06-08,32636.44,2025-06-08,32636.44,PAID_ON_TIME
RP0001026,LN200148,6,2025-07-08,32636.44,2025-07-07,32636.44,PAID_ON_TIME
RP0001027,LN200148,7,2025-08-08,32636.44,2025-08-12,32636.44,PAID_ON_TIME
RP0001028,LN200148,8,2025-09-08,32636.44,2025-09-10,32636.44,PAID_ON_TIME
RP0001029,LN200148,9,2025-10-08,32636.44,2025-10-12,32636.44,PAID_ON_TIME
RP0001030,LN200149,1,2025-11-10,56213.33,2025-11-14,56213.33,PAID_ON_TIME
RP0001031,LN200149,2,2025-12-10,56213.33,2025-12-08,56213.33,PAID_ON_TIME
RP0001032,LN200149,3,2026-01-10,56213.33,2026-03-13,56213.33,PAID_LATE
RP0001033,LN200150,1,2026-06-07,39144.0,2026-06-11,39144.0,PAID_ON_TIME
RP0001034,LN200150,2,2026-07-07,39144.0,2026-07-04,39144.0,PAID_ON_TIME
RP0001035,LN200150,3,2026-08-07,39144.0,2026-08-11,39144.0,PAID_ON_TIME
RP0001036,LN200151,1,2026-03-24,25465.92,2026-03-23,25465.92,PAID_ON_TIME
RP0001037,LN200151,2,2026-04-24,25465.92,2026-04-28,25465.92,PAID_ON_TIME
RP0001038,LN200151,3,2026-05-24,25465.92,2026-08-06,25465.92,PAID_LATE
RP0001039,LN200151,4,2026-06-24,25465.92,2026-06-22,25465.92,PAID_ON_TIME
RP0001040,LN200151,5,2026-07-24,25465.92,2026-07-22,25465.92,PAID_ON_TIME
RP0001041,LN200151,6,2026-08-24,25465.92,2026-08-25,25465.92,PAID_ON_TIME
RP0001042,LN200153,1,2025-05-25,11376.5,2025-05-22,11376.5,PAID_ON_TIME
RP0001043,LN200153,2,2025-06-25,11376.5,2025-06-29,11376.5,PAID_ON_TIME
RP0001044,LN200153,3,2025-07-25,11376.5,2025-07-29,11376.5,PAID_ON_TIME
RP0001045,LN200153,4,2025-08-25,11376.5,2025-08-24,11376.5,PAID_ON_TIME
RP0001046,LN200153,5,2025-09-25,11376.5,2025-09-27,11376.5,PAID_ON_TIME
RP0001047,LN200153,6,2025-10-25,11376.5,2025-10-28,11376.5,PAID_ON_TIME
RP0001048,LN200154,1,2026-08-08,5026.5,2026-08-18,5026.5,PAID_LATE
RP0001049,LN200154,2,2026-09-08,5026.5,,0.0,NOT_DUE
RP0001050,LN200154,3,2026-10-08,5026.5,,0.0,NOT_DUE
RP0001051,LN200154,4,2026-11-08,5026.5,,0.0,NOT_DUE
RP0001052,LN200154,5,2026-12-08,5026.5,,0.0,NOT_DUE
RP0001053,LN200154,6,2027-01-08,5026.5,,0.0,NOT_DUE
RP0001054,LN200155,1,2025-11-01,3944.5,2025-11-02,3944.5,PAID_ON_TIME
RP0001055,LN200155,2,2025-12-01,3944.5,2025-12-02,3944.5,PAID_ON_TIME
RP0001056,LN200155,3,2026-01-01,3944.5,2026-01-05,3944.5,PAID_ON_TIME
RP0001057,LN200155,4,2026-02-01,3944.5,2026-01-29,3944.5,PAID_ON_TIME
RP0001058,LN200155,5,2026-03-01,3944.5,2026-03-02,3944.5,PAID_ON_TIME
RP0001059,LN200155,6,2026-04-01,3944.5,2026-03-31,3944.5,PAID_ON_TIME
RP0001060,LN200155,7,2026-05-01,3944.5,2026-05-05,3944.5,PAID_ON_TIME
RP0001061,LN200155,8,2026-06-01,3944.5,2026-05-30,3944.5,PAID_ON_TIME
RP0001062,LN200155,9,2026-07-01,3944.5,2026-07-04,3944.5,PAID_ON_TIME
RP0001063,LN200155,10,2026-08-01,3944.5,2026-07-29,3944.5,PAID_ON_TIME
RP0001064,LN200155,11,2026-09-01,3944.5,,0.0,UNPAID
RP0001065,LN200155,12,2026-10-01,3944.5,,0.0,NOT_DUE
RP0001066,LN200156,1,2026-06-24,30426.0,2026-06-21,30426.0,PAID_ON_TIME
RP0001067,LN200156,2,2026-07-24,30426.0,2026-08-03,30426.0,PAID_LATE
RP0001068,LN200156,3,2026-08-24,30426.0,2026-08-22,30426.0,PAID_ON_TIME
RP0001069,LN200157,1,2025-02-04,7179.11,2025-02-11,7179.11,PAID_LATE
RP0001070,LN200157,2,2025-03-04,7179.11,2025-03-02,7179.11,PAID_ON_TIME
RP0001071,LN200157,3,2025-04-04,7179.11,2025-04-07,7179.11,PAID_ON_TIME
RP0001072,LN200157,4,2025-05-04,7179.11,2025-08-03,7179.11,PAID_LATE
RP0001073,LN200157,5,2025-06-04,7179.11,2025-06-05,7179.11,PAID_ON_TIME
RP0001074,LN200157,6,2025-07-04,7179.11,2025-07-07,7179.11,PAID_ON_TIME
RP0001075,LN200157,7,2025-08-04,7179.11,2025-08-01,7179.11,PAID_ON_TIME
RP0001076,LN200157,8,2025-09-04,7179.11,2025-09-04,7179.11,PAID_ON_TIME
RP0001077,LN200157,9,2025-10-04,7179.11,2025-10-05,7179.11,PAID_ON_TIME
RP0001078,LN200158,1,2025-08-10,88384.0,2025-08-14,88384.0,PAID_ON_TIME
RP0001079,LN200158,2,2025-09-10,88384.0,2025-09-14,88384.0,PAID_ON_TIME
RP0001080,LN200158,3,2025-10-10,88384.0,2025-10-11,88384.0,PAID_ON_TIME
RP0001081,LN200159,1,2026-03-22,45889.25,2026-03-26,45889.25,PAID_ON_TIME
RP0001082,LN200159,2,2026-04-22,45889.25,2026-04-25,45889.25,PAID_ON_TIME
RP0001083,LN200159,3,2026-05-22,45889.25,2026-05-23,45889.25,PAID_ON_TIME
RP0001084,LN200159,4,2026-06-22,45889.25,2026-06-26,45889.25,PAID_ON_TIME
RP0001085,LN200159,5,2026-07-22,45889.25,2026-07-23,45889.25,PAID_ON_TIME
RP0001086,LN200159,6,2026-08-22,45889.25,2026-08-26,45889.25,PAID_ON_TIME
RP0001087,LN200159,7,2026-09-22,45889.25,,0.0,NOT_DUE
RP0001088,LN200159,8,2026-10-22,45889.25,,0.0,NOT_DUE
RP0001089,LN200159,9,2026-11-22,45889.25,,0.0,NOT_DUE
RP0001090,LN200161,1,2026-03-28,22795.5,2026-05-03,22795.5,PAID_LATE
RP0001091,LN200161,2,2026-04-28,22795.5,2026-04-29,22795.5,PAID_ON_TIME
RP0001092,LN200161,3,2026-05-28,22795.5,2026-05-29,22795.5,PAID_ON_TIME
RP0001093,LN200161,4,2026-06-28,22795.5,2026-06-27,22795.5,PAID_ON_TIME
RP0001094,LN200161,5,2026-07-28,22795.5,2026-08-11,22795.5,PAID_LATE
RP0001095,LN200161,6,2026-08-28,22795.5,,0.0,UNPAID
RP0001096,LN200162,1,2026-07-24,15366.0,2026-07-22,15366.0,PAID_ON_TIME
RP0001097,LN200162,2,2026-08-24,15366.0,,0.0,UNPAID
RP0001098,LN200162,3,2026-09-24,15366.0,,0.0,NOT_DUE
RP0001099,LN200162,4,2026-10-24,15366.0,,0.0,NOT_DUE
RP0001100,LN200162,5,2026-11-24,15366.0,,0.0,NOT_DUE
RP0001101,LN200162,6,2026-12-24,15366.0,,0.0,NOT_DUE
RP0001102,LN200162,7,2027-01-24,15366.0,,0.0,NOT_DUE
RP0001103,LN200162,8,2027-02-24,15366.0,,0.0,NOT_DUE
RP0001104,LN200162,9,2027-03-24,15366.0,,0.0,NOT_DUE
RP0001105,LN200162,10,2027-04-24,15366.0,,0.0,NOT_DUE
RP0001106,LN200162,11,2027-05-24,15366.0,,0.0,NOT_DUE
RP0001107,LN200162,12,2027-06-24,15366.0,,0.0,NOT_DUE
RP0001108,LN200162,13,2027-07-24,15366.0,,0.0,NOT_DUE
RP0001109,LN200162,14,2027-08-24,15366.0,,0.0,NOT_DUE
RP0001110,LN200162,15,2027-09-24,15366.0,,0.0,NOT_DUE
RP0001111,LN200162,16,2027-10-24,15366.0,,0.0,NOT_DUE
RP0001112,LN200162,17,2027-11-24,15366.0,,0.0,NOT_DUE
RP0001113,LN200162,18,2027-12-24,15366.0,,0.0,NOT_DUE
RP0001114,LN200163,1,2025-07-11,12452.78,2025-07-10,12452.78,PAID_ON_TIME
RP0001115,LN200163,2,2025-08-11,12452.78,2025-08-11,12452.78,PAID_ON_TIME
RP0001116,LN200163,3,2025-09-11,12452.78,,0.0,UNPAID
RP0001117,LN200163,4,2025-10-11,12452.78,2025-10-09,12452.78,PAID_ON_TIME
RP0001118,LN200163,5,2025-11-11,12452.78,2025-11-08,12452.78,PAID_ON_TIME
RP0001119,LN200163,6,2025-12-11,12452.78,2025-12-09,12452.78,PAID_ON_TIME
RP0001120,LN200163,7,2026-01-11,12452.78,2026-01-10,12452.78,PAID_ON_TIME
RP0001121,LN200163,8,2026-02-11,12452.78,2026-02-12,12452.78,PAID_ON_TIME
RP0001122,LN200163,9,2026-03-11,12452.78,2026-04-09,12452.78,PAID_LATE
RP0001123,LN200164,1,2025-09-17,3731.67,2025-09-18,3731.67,PAID_ON_TIME
RP0001124,LN200164,2,2025-10-17,3731.67,2025-10-14,3731.67,PAID_ON_TIME
RP0001125,LN200164,3,2025-11-17,3731.67,2025-11-20,3731.67,PAID_LATE
RP0001126,LN200164,4,2025-12-17,3731.67,2026-03-19,3731.67,PAID_LATE
RP0001127,LN200164,5,2026-01-17,3731.67,2026-01-21,3731.67,PAID_ON_TIME
RP0001128,LN200164,6,2026-02-17,3731.67,2026-06-10,3731.67,PAID_LATE
RP0001129,LN200165,1,2026-05-06,3638.33,2026-05-05,3638.33,PAID_ON_TIME
RP0001130,LN200165,2,2026-06-06,3638.33,2026-06-10,3638.33,PAID_ON_TIME
RP0001131,LN200165,3,2026-07-06,3638.33,2026-07-05,3638.33,PAID_ON_TIME
RP0001132,LN200165,4,2026-08-06,3638.33,2026-08-04,3638.33,PAID_ON_TIME
RP0001133,LN200165,5,2026-09-06,3638.33,,0.0,NOT_DUE
RP0001134,LN200165,6,2026-10-06,3638.33,,0.0,NOT_DUE
RP0001135,LN200167,1,2025-03-21,10416.75,2025-03-19,10416.75,PAID_ON_TIME
RP0001136,LN200167,2,2025-04-21,10416.75,2025-04-18,10416.75,PAID_ON_TIME
RP0001137,LN200167,3,2025-05-21,10416.75,2025-05-19,10416.75,PAID_ON_TIME
RP0001138,LN200167,4,2025-06-21,10416.75,2025-06-23,10416.75,PAID_ON_TIME
RP0001139,LN200167,5,2025-07-21,10416.75,2025-07-19,10416.75,PAID_ON_TIME
RP0001140,LN200167,6,2025-08-21,10416.75,2025-08-25,10416.75,PAID_ON_TIME
RP0001141,LN200168,1,2026-06-23,50228.75,,0.0,UNPAID
RP0001142,LN200168,2,2026-07-23,50228.75,2026-07-26,50228.75,PAID_ON_TIME
RP0001143,LN200168,3,2026-08-23,50228.75,2026-08-24,50228.75,PAID_ON_TIME
RP0001144,LN200169,1,2026-08-12,44268.0,2026-08-12,44268.0,PAID_ON_TIME
RP0001145,LN200169,2,2026-09-12,44268.0,,0.0,NOT_DUE
RP0001146,LN200169,3,2026-10-12,44268.0,,0.0,NOT_DUE
RP0001147,LN200169,4,2026-11-12,44268.0,,0.0,NOT_DUE
RP0001148,LN200169,5,2026-12-12,44268.0,,0.0,NOT_DUE
RP0001149,LN200169,6,2027-01-12,44268.0,,0.0,NOT_DUE
RP0001150,LN200170,1,2025-09-12,105849.33,2025-09-15,105849.33,PAID_ON_TIME
RP0001151,LN200170,2,2025-10-12,105849.33,2025-10-11,105849.33,PAID_ON_TIME
RP0001152,LN200170,3,2025-11-12,105849.33,2025-11-16,105849.33,PAID_ON_TIME
RP0001153,LN200171,1,2026-01-31,11908.5,2026-02-01,11908.5,PAID_ON_TIME
RP0001154,LN200171,2,2026-02-28,11908.5,2026-03-02,11908.5,PAID_ON_TIME
RP0001155,LN200171,3,2026-03-31,11908.5,2026-04-03,11908.5,PAID_ON_TIME
RP0001156,LN200172,1,2025-09-23,8581.22,2025-09-27,8581.22,PAID_ON_TIME
RP0001157,LN200172,2,2025-10-23,8581.22,2025-10-25,8581.22,PAID_ON_TIME
RP0001158,LN200172,3,2025-11-23,8581.22,2025-11-24,8581.22,PAID_ON_TIME
RP0001159,LN200172,4,2025-12-23,8581.22,2025-12-24,8581.22,PAID_ON_TIME
RP0001160,LN200172,5,2026-01-23,8581.22,2026-05-09,8581.22,PAID_LATE
RP0001161,LN200172,6,2026-02-23,8581.22,2026-02-21,8581.22,PAID_ON_TIME
RP0001162,LN200172,7,2026-03-23,8581.22,2026-03-26,8581.22,PAID_ON_TIME
RP0001163,LN200172,8,2026-04-23,8581.22,2026-04-26,8581.22,PAID_ON_TIME
RP0001164,LN200172,9,2026-05-23,8581.22,2026-05-21,8581.22,PAID_ON_TIME
RP0001165,LN200173,1,2025-04-30,55201.33,2025-05-04,55201.33,PAID_ON_TIME
RP0001166,LN200173,2,2025-05-31,55201.33,2025-05-30,55201.33,PAID_ON_TIME
RP0001167,LN200173,3,2025-06-30,55201.33,2025-06-29,55201.33,PAID_ON_TIME
RP0001168,LN200173,4,2025-07-31,55201.33,2025-08-01,55201.33,PAID_ON_TIME
RP0001169,LN200173,5,2025-08-31,55201.33,2025-09-03,55201.33,PAID_ON_TIME
RP0001170,LN200173,6,2025-09-30,55201.33,2025-09-29,55201.33,PAID_ON_TIME
RP0001171,LN200174,1,2025-10-11,6848.08,2025-10-10,6848.08,PAID_ON_TIME
RP0001172,LN200174,2,2025-11-11,6848.08,2025-11-12,6848.08,PAID_ON_TIME
RP0001173,LN200174,3,2025-12-11,6848.08,2025-12-14,6848.08,PAID_ON_TIME
RP0001174,LN200174,4,2026-01-11,6848.08,2026-01-10,6848.08,PAID_ON_TIME
RP0001175,LN200174,5,2026-02-11,6848.08,2026-02-10,6848.08,PAID_ON_TIME
RP0001176,LN200174,6,2026-03-11,6848.08,2026-03-09,6848.08,PAID_ON_TIME
RP0001177,LN200175,1,2025-02-13,5372.25,2025-02-14,5372.25,PAID_ON_TIME
RP0001178,LN200175,2,2025-03-13,5372.25,,0.0,UNPAID
RP0001179,LN200175,3,2025-04-13,5372.25,2025-04-15,5372.25,PAID_ON_TIME
RP0001180,LN200175,4,2025-05-13,5372.25,2025-05-16,5372.25,PAID_ON_TIME
RP0001181,LN200175,5,2025-06-13,5372.25,2025-06-14,5372.25,PAID_ON_TIME
RP0001182,LN200175,6,2025-07-13,5372.25,2025-08-18,5372.25,PAID_LATE
RP0001183,LN200175,7,2025-08-13,5372.25,2025-08-15,5372.25,PAID_ON_TIME
RP0001184,LN200175,8,2025-09-13,5372.25,2025-09-15,5372.25,PAID_ON_TIME
RP0001185,LN200175,9,2025-10-13,5372.25,2025-10-12,5372.25,PAID_ON_TIME
RP0001186,LN200175,10,2025-11-13,5372.25,2025-11-14,5372.25,PAID_ON_TIME
RP0001187,LN200175,11,2025-12-13,5372.25,2026-02-27,5372.25,PAID_LATE
RP0001188,LN200175,12,2026-01-13,5372.25,2026-01-15,5372.25,PAID_ON_TIME
RP0001189,LN200176,1,2025-08-24,7325.0,2025-08-22,7325.0,PAID_ON_TIME
RP0001190,LN200176,2,2025-09-24,7325.0,2025-09-23,7325.0,PAID_ON_TIME
RP0001191,LN200176,3,2025-10-24,7325.0,2025-10-21,7325.0,PAID_ON_TIME
RP0001192,LN200176,4,2025-11-24,7325.0,2025-11-24,7325.0,PAID_ON_TIME
RP0001193,LN200176,5,2025-12-24,7325.0,2025-12-27,7325.0,PAID_LATE
RP0001194,LN200176,6,2026-01-24,7325.0,2026-01-21,7325.0,PAID_ON_TIME
RP0001195,LN200176,7,2026-02-24,7325.0,2026-02-25,7325.0,PAID_ON_TIME
RP0001196,LN200176,8,2026-03-24,7325.0,2026-06-16,7325.0,PAID_LATE
RP0001197,LN200176,9,2026-04-24,7325.0,2026-04-26,7325.0,PAID_ON_TIME
RP0001198,LN200176,10,2026-05-24,7325.0,2026-05-27,7325.0,PAID_ON_TIME
RP0001199,LN200176,11,2026-06-24,7325.0,2026-06-25,7325.0,PAID_ON_TIME
RP0001200,LN200176,12,2026-07-24,7325.0,2026-07-24,7325.0,PAID_ON_TIME
RP0001201,LN200177,1,2026-08-10,7682.61,2026-08-13,7682.61,PAID_ON_TIME
RP0001202,LN200177,2,2026-09-10,7682.61,,0.0,NOT_DUE
RP0001203,LN200177,3,2026-10-10,7682.61,,0.0,NOT_DUE
RP0001204,LN200177,4,2026-11-10,7682.61,,0.0,NOT_DUE
RP0001205,LN200177,5,2026-12-10,7682.61,,0.0,NOT_DUE
RP0001206,LN200177,6,2027-01-10,7682.61,,0.0,NOT_DUE
RP0001207,LN200177,7,2027-02-10,7682.61,,0.0,NOT_DUE
RP0001208,LN200177,8,2027-03-10,7682.61,,0.0,NOT_DUE
RP0001209,LN200177,9,2027-04-10,7682.61,,0.0,NOT_DUE
RP0001210,LN200179,1,2026-02-16,20225.5,2026-02-18,20225.5,PAID_ON_TIME
RP0001211,LN200179,2,2026-03-16,20225.5,2026-03-15,20225.5,PAID_ON_TIME
RP0001212,LN200179,3,2026-04-16,20225.5,2026-07-20,20225.5,PAID_LATE
RP0001213,LN200179,4,2026-05-16,20225.5,2026-05-18,20225.5,PAID_ON_TIME
RP0001214,LN200179,5,2026-06-16,20225.5,2026-06-15,20225.5,PAID_ON_TIME
RP0001215,LN200179,6,2026-07-16,20225.5,,0.0,UNPAID
RP0001216,LN200180,1,2025-05-08,10307.5,2025-06-27,10307.5,PAID_LATE
RP0001217,LN200180,2,2025-06-08,10307.5,2025-06-11,10307.5,PAID_ON_TIME
RP0001218,LN200180,3,2025-07-08,10307.5,2025-07-11,10307.5,PAID_ON_TIME
RP0001219,LN200181,1,2026-02-19,4507.22,2026-02-21,4507.22,PAID_ON_TIME
RP0001220,LN200181,2,2026-03-19,4507.22,2026-03-18,4507.22,PAID_ON_TIME
RP0001221,LN200181,3,2026-04-19,4507.22,2026-04-22,4507.22,PAID_ON_TIME
RP0001222,LN200181,4,2026-05-19,4507.22,2026-05-16,4507.22,PAID_ON_TIME
RP0001223,LN200181,5,2026-06-19,4507.22,2026-06-16,4507.22,PAID_ON_TIME
RP0001224,LN200181,6,2026-07-19,4507.22,2026-07-20,4507.22,PAID_ON_TIME
RP0001225,LN200181,7,2026-08-19,4507.22,,0.0,UNPAID
RP0001226,LN200181,8,2026-09-19,4507.22,,0.0,NOT_DUE
RP0001227,LN200181,9,2026-10-19,4507.22,,0.0,NOT_DUE
RP0001228,LN200183,1,2025-09-14,10331.44,2025-09-17,10331.44,PAID_ON_TIME
RP0001229,LN200183,2,2025-10-14,10331.44,2025-10-17,10331.44,PAID_ON_TIME
RP0001230,LN200183,3,2025-11-14,10331.44,2025-11-14,10331.44,PAID_ON_TIME
RP0001231,LN200183,4,2025-12-14,10331.44,2025-12-16,10331.44,PAID_ON_TIME
RP0001232,LN200183,5,2026-01-14,10331.44,2026-01-13,10331.44,PAID_ON_TIME
RP0001233,LN200183,6,2026-02-14,10331.44,2026-02-12,10331.44,PAID_ON_TIME
RP0001234,LN200183,7,2026-03-14,10331.44,2026-03-18,10331.44,PAID_ON_TIME
RP0001235,LN200183,8,2026-04-14,10331.44,2026-04-12,10331.44,PAID_ON_TIME
RP0001236,LN200183,9,2026-05-14,10331.44,2026-05-17,10331.44,PAID_ON_TIME
RP0001237,LN200184,1,2025-08-13,13632.0,2025-08-16,13632.0,PAID_ON_TIME
RP0001238,LN200184,2,2025-09-13,13632.0,2025-11-05,13632.0,PAID_LATE
RP0001239,LN200184,3,2025-10-13,13632.0,2025-11-25,13632.0,PAID_LATE
RP0001240,LN200184,4,2025-11-13,13632.0,2025-11-14,13632.0,PAID_ON_TIME
RP0001241,LN200184,5,2025-12-13,13632.0,2026-03-21,13632.0,PAID_LATE
RP0001242,LN200184,6,2026-01-13,13632.0,2026-01-17,13632.0,PAID_ON_TIME
RP0001243,LN200184,7,2026-02-13,13632.0,2026-02-13,13632.0,PAID_ON_TIME
RP0001244,LN200184,8,2026-03-13,13632.0,2026-03-17,13632.0,PAID_ON_TIME
RP0001245,LN200184,9,2026-04-13,13632.0,2026-04-10,13632.0,PAID_ON_TIME
RP0001246,LN200184,10,2026-05-13,13632.0,2026-06-15,13632.0,PAID_LATE
RP0001247,LN200184,11,2026-06-13,13632.0,2026-06-11,13632.0,PAID_ON_TIME
RP0001248,LN200184,12,2026-07-13,13632.0,2026-07-16,13632.0,PAID_ON_TIME
RP0001249,LN200185,1,2026-08-21,3951.11,2026-08-21,3951.11,PAID_ON_TIME
RP0001250,LN200185,2,2026-09-21,3951.11,,0.0,NOT_DUE
RP0001251,LN200185,3,2026-10-21,3951.11,,0.0,NOT_DUE
RP0001252,LN200185,4,2026-11-21,3951.11,,0.0,NOT_DUE
RP0001253,LN200185,5,2026-12-21,3951.11,,0.0,NOT_DUE
RP0001254,LN200185,6,2027-01-21,3951.11,,0.0,NOT_DUE
RP0001255,LN200185,7,2027-02-21,3951.11,,0.0,NOT_DUE
RP0001256,LN200185,8,2027-03-21,3951.11,,0.0,NOT_DUE
RP0001257,LN200185,9,2027-04-21,3951.11,,0.0,NOT_DUE
RP0001258,LN200185,10,2027-05-21,3951.11,,0.0,NOT_DUE
RP0001259,LN200185,11,2027-06-21,3951.11,,0.0,NOT_DUE
RP0001260,LN200185,12,2027-07-21,3951.11,,0.0,NOT_DUE
RP0001261,LN200185,13,2027-08-21,3951.11,,0.0,NOT_DUE
RP0001262,LN200185,14,2027-09-21,3951.11,,0.0,NOT_DUE
RP0001263,LN200185,15,2027-10-21,3951.11,,0.0,NOT_DUE
RP0001264,LN200185,16,2027-11-21,3951.11,,0.0,NOT_DUE
RP0001265,LN200185,17,2027-12-21,3951.11,,0.0,NOT_DUE
RP0001266,LN200185,18,2028-01-21,3951.11,,0.0,NOT_DUE
RP0001267,LN200186,1,2025-08-15,11962.67,2025-08-15,11962.67,PAID_ON_TIME
RP0001268,LN200186,2,2025-09-15,11962.67,2025-09-16,11962.67,PAID_ON_TIME
RP0001269,LN200186,3,2025-10-15,11962.67,2025-10-19,11962.67,PAID_ON_TIME
RP0001270,LN200186,4,2025-11-15,11962.67,2025-11-19,11962.67,PAID_ON_TIME
RP0001271,LN200186,5,2025-12-15,11962.67,2025-12-13,11962.67,PAID_ON_TIME
RP0001272,LN200186,6,2026-01-15,11962.67,2026-01-15,11962.67,PAID_ON_TIME
RP0001273,LN200186,7,2026-02-15,11962.67,2026-02-19,11962.67,PAID_ON_TIME
RP0001274,LN200186,8,2026-03-15,11962.67,2026-04-19,11962.67,PAID_LATE
RP0001275,LN200186,9,2026-04-15,11962.67,2026-04-18,11962.67,PAID_ON_TIME
RP0001276,LN200187,1,2025-08-07,31357.5,2025-08-07,31357.5,PAID_ON_TIME
RP0001277,LN200187,2,2025-09-07,31357.5,2025-09-08,31357.5,PAID_ON_TIME
RP0001278,LN200187,3,2025-10-07,31357.5,2025-10-08,31357.5,PAID_ON_TIME
RP0001279,LN200188,1,2026-06-25,28512.0,,0.0,UNPAID
RP0001280,LN200188,2,2026-07-25,28512.0,2026-07-29,28512.0,PAID_ON_TIME
RP0001281,LN200188,3,2026-08-25,28512.0,2026-08-25,28512.0,PAID_ON_TIME
RP0001282,LN200190,1,2026-01-12,14586.11,2026-01-12,14586.11,PAID_ON_TIME
RP0001283,LN200190,2,2026-02-12,14586.11,,0.0,UNPAID
RP0001284,LN200190,3,2026-03-12,14586.11,2026-03-14,14586.11,PAID_ON_TIME
RP0001285,LN200190,4,2026-04-12,14586.11,2026-08-02,14586.11,PAID_LATE
RP0001286,LN200190,5,2026-05-12,14586.11,2026-05-16,14586.11,PAID_ON_TIME
RP0001287,LN200190,6,2026-06-12,14586.11,2026-07-18,14586.11,PAID_LATE
RP0001288,LN200190,7,2026-07-12,14586.11,2026-07-13,14586.11,PAID_ON_TIME
RP0001289,LN200190,8,2026-08-12,14586.11,2026-08-13,14586.11,PAID_ON_TIME
RP0001290,LN200190,9,2026-09-12,14586.11,,0.0,NOT_DUE
RP0001291,LN200191,1,2025-10-10,8524.56,2025-10-13,8524.56,PAID_ON_TIME
RP0001292,LN200191,2,2025-11-10,8524.56,2025-11-13,8524.56,PAID_ON_TIME
RP0001293,LN200191,3,2025-12-10,8524.56,2025-12-12,8524.56,PAID_ON_TIME
RP0001294,LN200191,4,2026-01-10,8524.56,2026-01-11,8524.56,PAID_ON_TIME
RP0001295,LN200191,5,2026-02-10,8524.56,2026-02-09,8524.56,PAID_ON_TIME
RP0001296,LN200191,6,2026-03-10,8524.56,2026-03-11,8524.56,PAID_ON_TIME
RP0001297,LN200191,7,2026-04-10,8524.56,2026-04-13,8524.56,PAID_ON_TIME
RP0001298,LN200191,8,2026-05-10,8524.56,2026-05-14,8524.56,PAID_ON_TIME
RP0001299,LN200191,9,2026-06-10,8524.56,2026-06-10,8524.56,PAID_ON_TIME
RP0001300,LN200192,1,2025-08-14,10761.67,2025-08-14,10761.67,PAID_ON_TIME
RP0001301,LN200192,2,2025-09-14,10761.67,2025-09-13,10761.67,PAID_ON_TIME
RP0001302,LN200192,3,2025-10-14,10761.67,2025-10-17,10761.67,PAID_ON_TIME
RP0001303,LN200192,4,2025-11-14,10761.67,2025-11-17,10761.67,PAID_ON_TIME
RP0001304,LN200192,5,2025-12-14,10761.67,2025-12-15,10761.67,PAID_ON_TIME
RP0001305,LN200192,6,2026-01-14,10761.67,2026-01-12,10761.67,PAID_ON_TIME
RP0001306,LN200192,7,2026-02-14,10761.67,2026-02-17,10761.67,PAID_ON_TIME
RP0001307,LN200192,8,2026-03-14,10761.67,2026-06-19,10761.67,PAID_LATE
RP0001308,LN200192,9,2026-04-14,10761.67,2026-04-17,10761.67,PAID_ON_TIME
RP0001309,LN200192,10,2026-05-14,10761.67,2026-05-14,10761.67,PAID_ON_TIME
RP0001310,LN200192,11,2026-06-14,10761.67,2026-06-18,10761.67,PAID_ON_TIME
RP0001311,LN200192,12,2026-07-14,10761.67,2026-07-18,10761.67,PAID_ON_TIME
RP0001312,LN200193,1,2026-08-23,16966.33,2026-08-26,16966.33,PAID_ON_TIME
RP0001313,LN200193,2,2026-09-23,16966.33,,0.0,NOT_DUE
RP0001314,LN200193,3,2026-10-23,16966.33,,0.0,NOT_DUE
RP0001315,LN200193,4,2026-11-23,16966.33,,0.0,NOT_DUE
RP0001316,LN200193,5,2026-12-23,16966.33,,0.0,NOT_DUE
RP0001317,LN200193,6,2027-01-23,16966.33,,0.0,NOT_DUE
RP0001318,LN200194,1,2025-09-15,15444.92,2025-09-13,15444.92,PAID_ON_TIME
RP0001319,LN200194,2,2025-10-15,15444.92,2025-11-23,15444.92,PAID_LATE
RP0001320,LN200194,3,2025-11-15,15444.92,2026-03-06,15444.92,PAID_LATE
RP0001321,LN200194,4,2025-12-15,15444.92,2025-12-14,15444.92,PAID_ON_TIME
RP0001322,LN200194,5,2026-01-15,15444.92,2026-01-15,15444.92,PAID_ON_TIME
RP0001323,LN200194,6,2026-02-15,15444.92,2026-02-18,15444.92,PAID_ON_TIME
RP0001324,LN200195,1,2026-06-19,13215.0,2026-06-19,13215.0,PAID_ON_TIME
RP0001325,LN200195,2,2026-07-19,13215.0,2026-07-22,13215.0,PAID_ON_TIME
RP0001326,LN200195,3,2026-08-19,13215.0,2026-08-22,13215.0,PAID_ON_TIME
RP0001327,LN200195,4,2026-09-19,13215.0,,0.0,NOT_DUE
RP0001328,LN200195,5,2026-10-19,13215.0,,0.0,NOT_DUE
RP0001329,LN200195,6,2026-11-19,13215.0,,0.0,NOT_DUE
RP0001330,LN200195,7,2026-12-19,13215.0,,0.0,NOT_DUE
RP0001331,LN200195,8,2027-01-19,13215.0,,0.0,NOT_DUE
RP0001332,LN200195,9,2027-02-19,13215.0,,0.0,NOT_DUE
RP0001333,LN200196,1,2026-06-18,4158.22,2026-06-22,4158.22,PAID_ON_TIME
RP0001334,LN200196,2,2026-07-18,4158.22,2026-07-16,4158.22,PAID_ON_TIME
RP0001335,LN200196,3,2026-08-18,4158.22,2026-08-18,4158.22,PAID_ON_TIME
RP0001336,LN200196,4,2026-09-18,4158.22,,0.0,NOT_DUE
RP0001337,LN200196,5,2026-10-18,4158.22,,0.0,NOT_DUE
RP0001338,LN200196,6,2026-11-18,4158.22,,0.0,NOT_DUE
RP0001339,LN200196,7,2026-12-18,4158.22,,0.0,NOT_DUE
RP0001340,LN200196,8,2027-01-18,4158.22,,0.0,NOT_DUE
RP0001341,LN200196,9,2027-02-18,4158.22,,0.0,NOT_DUE
RP0001342,LN200197,1,2025-02-28,35912.5,2025-03-04,35912.5,PAID_ON_TIME
RP0001343,LN200197,2,2025-03-30,35912.5,2025-03-28,35912.5,PAID_ON_TIME
RP0001344,LN200197,3,2025-04-30,35912.5,2025-04-29,35912.5,PAID_ON_TIME
RP0001345,LN200198,1,2026-02-01,22360.72,2026-02-04,22360.72,PAID_ON_TIME
RP0001346,LN200198,2,2026-03-01,22360.72,2026-04-15,22360.72,PAID_LATE
RP0001347,LN200198,3,2026-04-01,22360.72,2026-04-04,22360.72,PAID_ON_TIME
RP0001348,LN200198,4,2026-05-01,22360.72,2026-05-04,22360.72,PAID_ON_TIME
RP0001349,LN200198,5,2026-06-01,22360.72,2026-05-31,22360.72,PAID_ON_TIME
RP0001350,LN200198,6,2026-07-01,22360.72,2026-06-28,22360.72,PAID_ON_TIME
RP0001351,LN200198,7,2026-08-01,22360.72,2026-08-05,22360.72,PAID_ON_TIME
RP0001352,LN200198,8,2026-09-01,22360.72,2026-09-01,22360.72,PAID_ON_TIME
RP0001353,LN200198,9,2026-10-01,22360.72,,0.0,NOT_DUE
RP0001354,LN200199,1,2025-04-24,18877.5,2025-04-21,18877.5,PAID_ON_TIME
RP0001355,LN200199,2,2025-05-24,18877.5,2025-05-22,18877.5,PAID_ON_TIME
RP0001356,LN200199,3,2025-06-24,18877.5,2025-06-28,18877.5,PAID_ON_TIME
RP0001357,LN200200,1,2025-09-07,5638.25,2025-12-01,5638.25,PAID_LATE
RP0001358,LN200200,2,2025-10-07,5638.25,,0.0,UNPAID
RP0001359,LN200200,3,2025-11-07,5638.25,2025-11-07,5638.25,PAID_ON_TIME
RP0001360,LN200200,4,2025-12-07,5638.25,2025-12-10,5638.25,PAID_ON_TIME
RP0001361,LN200200,5,2026-01-07,5638.25,2026-01-07,5638.25,PAID_ON_TIME
RP0001362,LN200200,6,2026-02-07,5638.25,2026-02-09,5638.25,PAID_ON_TIME
RP0001363,LN200200,7,2026-03-07,5638.25,2026-03-08,5638.25,PAID_ON_TIME
RP0001364,LN200200,8,2026-04-07,5638.25,2026-04-10,5638.25,PAID_ON_TIME
RP0001365,LN200200,9,2026-05-07,5638.25,2026-05-08,5638.25,PAID_ON_TIME
RP0001366,LN200200,10,2026-06-07,5638.25,2026-06-07,5638.25,PAID_ON_TIME
RP0001367,LN200200,11,2026-07-07,5638.25,2026-07-07,5638.25,PAID_ON_TIME
RP0001368,LN200200,12,2026-08-07,5638.25,2026-08-06,5638.25,PAID_ON_TIME
RP0001369,LN200201,1,2025-08-01,21886.08,2025-07-30,21886.08,PAID_ON_TIME
RP0001370,LN200201,2,2025-09-01,21886.08,2025-09-03,21886.08,PAID_ON_TIME
RP0001371,LN200201,3,2025-10-01,21886.08,2025-10-05,21886.08,PAID_ON_TIME
RP0001372,LN200201,4,2025-11-01,21886.08,2025-10-31,21886.08,PAID_ON_TIME
RP0001373,LN200201,5,2025-12-01,21886.08,2025-12-02,21886.08,PAID_ON_TIME
RP0001374,LN200201,6,2026-01-01,21886.08,2026-01-03,21886.08,PAID_ON_TIME
RP0001375,LN200202,1,2025-10-21,11473.0,2025-10-19,11473.0,PAID_ON_TIME
RP0001376,LN200202,2,2025-11-21,11473.0,2025-11-19,11473.0,PAID_ON_TIME
RP0001377,LN200202,3,2025-12-21,11473.0,2025-12-22,11473.0,PAID_ON_TIME
RP0001378,LN200203,1,2026-07-23,12959.25,2026-07-25,12959.25,PAID_ON_TIME
RP0001379,LN200203,2,2026-08-23,12959.25,2026-08-22,12959.25,PAID_ON_TIME
RP0001380,LN200203,3,2026-09-23,12959.25,,0.0,NOT_DUE
RP0001381,LN200204,1,2026-03-06,16536.0,2026-03-05,16536.0,PAID_ON_TIME
RP0001382,LN200204,2,2026-04-06,16536.0,2026-04-07,16536.0,PAID_ON_TIME
RP0001383,LN200204,3,2026-05-06,16536.0,2026-05-09,16536.0,PAID_ON_TIME
RP0001384,LN200205,1,2026-07-20,9291.67,2026-07-22,9291.67,PAID_ON_TIME
RP0001385,LN200205,2,2026-08-20,9291.67,2026-08-24,9291.67,PAID_ON_TIME
RP0001386,LN200205,3,2026-09-20,9291.67,,0.0,NOT_DUE
RP0001387,LN200205,4,2026-10-20,9291.67,,0.0,NOT_DUE
RP0001388,LN200205,5,2026-11-20,9291.67,,0.0,NOT_DUE
RP0001389,LN200205,6,2026-12-20,9291.67,,0.0,NOT_DUE
RP0001390,LN200206,1,2025-04-11,11986.5,2025-04-11,11986.5,PAID_ON_TIME
RP0001391,LN200206,2,2025-05-11,11986.5,2025-05-14,11986.5,PAID_ON_TIME
RP0001392,LN200206,3,2025-06-11,11986.5,2025-06-09,11986.5,PAID_ON_TIME
RP0001393,LN200206,4,2025-07-11,11986.5,2025-08-28,11986.5,PAID_LATE
RP0001394,LN200206,5,2025-08-11,11986.5,2025-08-10,11986.5,PAID_ON_TIME
RP0001395,LN200206,6,2025-09-11,11986.5,2025-10-26,11986.5,PAID_LATE
RP0001396,LN200206,7,2025-10-11,11986.5,2025-11-26,11986.5,PAID_LATE
RP0001397,LN200206,8,2025-11-11,11986.5,2025-11-09,11986.5,PAID_ON_TIME
RP0001398,LN200206,9,2025-12-11,11986.5,2025-12-12,11986.5,PAID_ON_TIME
RP0001399,LN200206,10,2026-01-11,11986.5,2026-01-11,11986.5,PAID_ON_TIME
RP0001400,LN200206,11,2026-02-11,11986.5,2026-02-10,11986.5,PAID_ON_TIME
RP0001401,LN200206,12,2026-03-11,11986.5,2026-03-15,11986.5,PAID_ON_TIME
RP0001402,LN200207,1,2026-05-08,30972.0,2026-05-08,30972.0,PAID_ON_TIME
RP0001403,LN200207,2,2026-06-08,30972.0,2026-06-10,30972.0,PAID_ON_TIME
RP0001404,LN200207,3,2026-07-08,30972.0,2026-07-05,30972.0,PAID_ON_TIME
RP0001405,LN200209,1,2026-04-16,20533.33,2026-04-17,20533.33,PAID_ON_TIME
RP0001406,LN200209,2,2026-05-16,20533.33,2026-05-17,20533.33,PAID_ON_TIME
RP0001407,LN200209,3,2026-06-16,20533.33,2026-06-15,20533.33,PAID_ON_TIME
RP0001408,LN200209,4,2026-07-16,20533.33,2026-07-17,20533.33,PAID_ON_TIME
RP0001409,LN200209,5,2026-08-16,20533.33,2026-08-16,20533.33,PAID_ON_TIME
RP0001410,LN200209,6,2026-09-16,20533.33,,0.0,NOT_DUE
RP0001411,LN200210,1,2026-04-08,15937.44,2026-04-11,15937.44,PAID_ON_TIME
RP0001412,LN200210,2,2026-05-08,15937.44,2026-05-10,15937.44,PAID_ON_TIME
RP0001413,LN200210,3,2026-06-08,15937.44,2026-06-15,15937.44,PAID_LATE
RP0001414,LN200210,4,2026-07-08,15937.44,2026-07-05,15937.44,PAID_ON_TIME
RP0001415,LN200210,5,2026-08-08,15937.44,2026-08-07,15937.44,PAID_ON_TIME
RP0001416,LN200210,6,2026-09-08,15937.44,,0.0,NOT_DUE
RP0001417,LN200210,7,2026-10-08,15937.44,,0.0,NOT_DUE
RP0001418,LN200210,8,2026-11-08,15937.44,,0.0,NOT_DUE
RP0001419,LN200210,9,2026-12-08,15937.44,,0.0,NOT_DUE
RP0001420,LN200212,1,2025-09-24,28291.56,2025-09-24,28291.56,PAID_ON_TIME
RP0001421,LN200212,2,2025-10-24,28291.56,2025-10-25,28291.56,PAID_ON_TIME
RP0001422,LN200212,3,2025-11-24,28291.56,2025-11-21,28291.56,PAID_ON_TIME
RP0001423,LN200212,4,2025-12-24,28291.56,2025-12-21,28291.56,PAID_ON_TIME
RP0001424,LN200212,5,2026-01-24,28291.56,2026-01-23,28291.56,PAID_ON_TIME
RP0001425,LN200212,6,2026-02-24,28291.56,2026-02-28,28291.56,PAID_ON_TIME
RP0001426,LN200212,7,2026-03-24,28291.56,2026-03-21,28291.56,PAID_ON_TIME
RP0001427,LN200212,8,2026-04-24,28291.56,2026-04-25,28291.56,PAID_ON_TIME
RP0001428,LN200212,9,2026-05-24,28291.56,2026-05-28,28291.56,PAID_ON_TIME
RP0001429,LN200213,1,2026-04-19,12293.75,2026-04-20,12293.75,PAID_ON_TIME
RP0001430,LN200213,2,2026-05-19,12293.75,2026-05-17,12293.75,PAID_ON_TIME
RP0001431,LN200213,3,2026-06-19,12293.75,2026-06-22,12293.75,PAID_ON_TIME
RP0001432,LN200214,1,2025-10-02,6072.0,2025-10-06,6072.0,PAID_ON_TIME
RP0001433,LN200214,2,2025-11-02,6072.0,2025-11-16,6072.0,PAID_LATE
RP0001434,LN200214,3,2025-12-02,6072.0,,0.0,UNPAID
RP0001435,LN200214,4,2026-01-02,6072.0,2026-01-02,6072.0,PAID_ON_TIME
RP0001436,LN200214,5,2026-02-02,6072.0,,0.0,UNPAID
RP0001437,LN200214,6,2026-03-02,6072.0,2026-03-01,6072.0,PAID_ON_TIME
RP0001438,LN200215,1,2026-07-10,94781.17,2026-07-09,94781.17,PAID_ON_TIME
RP0001439,LN200215,2,2026-08-10,94781.17,2026-08-09,94781.17,PAID_ON_TIME
RP0001440,LN200215,3,2026-09-10,94781.17,,0.0,NOT_DUE
RP0001441,LN200217,1,2026-06-06,74837.92,2026-06-07,74837.92,PAID_ON_TIME
RP0001442,LN200217,2,2026-07-06,74837.92,2026-07-03,74837.92,PAID_ON_TIME
RP0001443,LN200217,3,2026-08-06,74837.92,2026-08-07,74837.92,PAID_ON_TIME
RP0001444,LN200218,1,2025-09-05,29509.19,2025-09-02,29509.19,PAID_ON_TIME
RP0001445,LN200218,2,2025-10-05,29509.19,2025-10-09,29509.19,PAID_ON_TIME
RP0001446,LN200218,3,2025-11-05,29509.19,2025-11-03,29509.19,PAID_ON_TIME
RP0001447,LN200218,4,2025-12-05,29509.19,2025-12-07,29509.19,PAID_ON_TIME
RP0001448,LN200218,5,2026-01-05,29509.19,2026-01-05,29509.19,PAID_ON_TIME
RP0001449,LN200218,6,2026-02-05,29509.19,2026-02-09,29509.19,PAID_ON_TIME
RP0001450,LN200218,7,2026-03-05,29509.19,2026-03-04,29509.19,PAID_ON_TIME
RP0001451,LN200218,8,2026-04-05,29509.19,2026-04-06,29509.19,PAID_ON_TIME
RP0001452,LN200218,9,2026-05-05,29509.19,2026-05-02,29509.19,PAID_ON_TIME
RP0001453,LN200219,1,2026-01-23,25870.94,2026-01-26,25870.94,PAID_ON_TIME
RP0001454,LN200219,2,2026-02-23,25870.94,2026-02-22,25870.94,PAID_ON_TIME
RP0001455,LN200219,3,2026-03-23,25870.94,2026-03-27,25870.94,PAID_ON_TIME
RP0001456,LN200219,4,2026-04-23,25870.94,2026-04-24,25870.94,PAID_ON_TIME
RP0001457,LN200219,5,2026-05-23,25870.94,2026-05-22,25870.94,PAID_ON_TIME
RP0001458,LN200219,6,2026-06-23,25870.94,2026-06-27,25870.94,PAID_ON_TIME
RP0001459,LN200219,7,2026-07-23,25870.94,2026-07-20,25870.94,PAID_ON_TIME
RP0001460,LN200219,8,2026-08-23,25870.94,2026-08-24,25870.94,PAID_ON_TIME
RP0001461,LN200219,9,2026-09-23,25870.94,,0.0,NOT_DUE
RP0001462,LN200220,1,2025-05-29,7761.25,2025-05-31,7761.25,PAID_ON_TIME
RP0001463,LN200220,2,2025-06-29,7761.25,2025-06-27,7761.25,PAID_ON_TIME
RP0001464,LN200220,3,2025-07-29,7761.25,2025-07-29,7761.25,PAID_ON_TIME
RP0001465,LN200220,4,2025-08-29,7761.25,2025-08-30,7761.25,PAID_ON_TIME
RP0001466,LN200220,5,2025-09-29,7761.25,2025-12-22,7761.25,PAID_LATE
RP0001467,LN200220,6,2025-10-29,7761.25,2025-11-02,7761.25,PAID_ON_TIME
RP0001468,LN200220,7,2025-11-29,7761.25,2025-11-30,7761.25,PAID_ON_TIME
RP0001469,LN200220,8,2025-12-29,7761.25,2026-01-01,7761.25,PAID_ON_TIME
RP0001470,LN200220,9,2026-01-29,7761.25,2026-02-01,7761.25,PAID_ON_TIME
RP0001471,LN200221,1,2026-08-20,11789.5,2026-08-21,11789.5,PAID_ON_TIME
RP0001472,LN200221,2,2026-09-20,11789.5,,0.0,NOT_DUE
RP0001473,LN200221,3,2026-10-20,11789.5,,0.0,NOT_DUE
RP0001474,LN200222,1,2026-09-01,39917.25,2026-09-02,39917.25,PAID_ON_TIME
RP0001475,LN200222,2,2026-10-01,39917.25,,0.0,NOT_DUE
RP0001476,LN200222,3,2026-11-01,39917.25,,0.0,NOT_DUE
RP0001477,LN200223,1,2026-03-12,69683.33,2026-03-16,69683.33,PAID_ON_TIME
RP0001478,LN200223,2,2026-04-12,69683.33,2026-06-06,69683.33,PAID_LATE
RP0001479,LN200223,3,2026-05-12,69683.33,2026-05-14,69683.33,PAID_ON_TIME
RP0001480,LN200224,1,2026-04-06,37942.08,2026-04-09,37942.08,PAID_ON_TIME
RP0001481,LN200224,2,2026-05-06,37942.08,2026-05-07,37942.08,PAID_ON_TIME
RP0001482,LN200224,3,2026-06-06,37942.08,2026-06-04,37942.08,PAID_ON_TIME
RP0001483,LN200224,4,2026-07-06,37942.08,2026-07-09,37942.08,PAID_ON_TIME
RP0001484,LN200224,5,2026-08-06,37942.08,2026-08-08,37942.08,PAID_ON_TIME
RP0001485,LN200224,6,2026-09-06,37942.08,,0.0,NOT_DUE
RP0001486,LN200225,1,2025-02-21,3663.0,2025-02-20,3663.0,PAID_ON_TIME
RP0001487,LN200225,2,2025-03-21,3663.0,2025-03-23,3663.0,PAID_ON_TIME
RP0001488,LN200225,3,2025-04-21,3663.0,2025-04-20,3663.0,PAID_ON_TIME
RP0001489,LN200225,4,2025-05-21,3663.0,2025-08-22,3663.0,PAID_LATE
RP0001490,LN200225,5,2025-06-21,3663.0,2025-06-19,3663.0,PAID_ON_TIME
RP0001491,LN200225,6,2025-07-21,3663.0,2025-07-25,3663.0,PAID_ON_TIME
RP0001492,LN200225,7,2025-08-21,3663.0,2025-08-23,3663.0,PAID_ON_TIME
RP0001493,LN200225,8,2025-09-21,3663.0,2025-09-25,3663.0,PAID_ON_TIME
RP0001494,LN200225,9,2025-10-21,3663.0,2025-10-19,3663.0,PAID_ON_TIME
RP0001495,LN200225,10,2025-11-21,3663.0,2026-03-06,3663.0,PAID_LATE
RP0001496,LN200225,11,2025-12-21,3663.0,2025-12-19,3663.0,PAID_ON_TIME
RP0001497,LN200225,12,2026-01-21,3663.0,,0.0,UNPAID
RP0001498,LN200226,1,2025-07-11,27307.67,2025-07-15,27307.67,PAID_ON_TIME
RP0001499,LN200226,2,2025-08-11,27307.67,2025-08-15,27307.67,PAID_ON_TIME
RP0001500,LN200226,3,2025-09-11,27307.67,2025-09-22,27307.67,PAID_LATE
RP0001501,LN200227,1,2025-04-05,18971.33,2025-04-06,18971.33,PAID_ON_TIME
RP0001502,LN200227,2,2025-05-05,18971.33,2025-05-09,18971.33,PAID_ON_TIME
RP0001503,LN200227,3,2025-06-05,18971.33,2025-06-09,18971.33,PAID_ON_TIME
RP0001504,LN200227,4,2025-07-05,18971.33,2025-07-02,18971.33,PAID_ON_TIME
RP0001505,LN200227,5,2025-08-05,18971.33,2025-08-04,18971.33,PAID_ON_TIME
RP0001506,LN200227,6,2025-09-05,18971.33,2025-09-08,18971.33,PAID_ON_TIME
RP0001507,LN200228,1,2026-04-12,36001.75,2026-04-15,36001.75,PAID_ON_TIME
RP0001508,LN200228,2,2026-05-12,36001.75,2026-05-09,36001.75,PAID_ON_TIME
RP0001509,LN200228,3,2026-06-12,36001.75,2026-06-10,36001.75,PAID_ON_TIME
RP0001510,LN200228,4,2026-07-12,36001.75,2026-07-11,36001.75,PAID_ON_TIME
RP0001511,LN200228,5,2026-08-12,36001.75,2026-08-12,36001.75,PAID_ON_TIME
RP0001512,LN200228,6,2026-09-12,36001.75,,0.0,NOT_DUE
RP0001513,LN200229,1,2025-05-25,11943.0,2025-05-28,11943.0,PAID_ON_TIME
RP0001514,LN200229,2,2025-06-25,11943.0,2025-06-26,11943.0,PAID_ON_TIME
RP0001515,LN200229,3,2025-07-25,11943.0,2025-07-29,11943.0,PAID_ON_TIME
RP0001516,LN200229,4,2025-08-25,11943.0,2025-08-29,11943.0,PAID_ON_TIME
RP0001517,LN200229,5,2025-09-25,11943.0,2025-09-27,11943.0,PAID_LATE
RP0001518,LN200229,6,2025-10-25,11943.0,2026-01-04,11943.0,PAID_LATE
RP0001519,LN200229,7,2025-11-25,11943.0,2025-11-28,11943.0,PAID_ON_TIME
RP0001520,LN200229,8,2025-12-25,11943.0,2025-12-24,11943.0,PAID_ON_TIME
RP0001521,LN200229,9,2026-01-25,11943.0,2026-01-26,11943.0,PAID_ON_TIME
RP0001522,LN200229,10,2026-02-25,11943.0,2026-02-24,11943.0,PAID_ON_TIME
RP0001523,LN200229,11,2026-03-25,11943.0,2026-03-22,11943.0,PAID_ON_TIME
RP0001524,LN200229,12,2026-04-25,11943.0,2026-04-22,11943.0,PAID_ON_TIME
RP0001525,LN200229,13,2026-05-25,11943.0,2026-05-23,11943.0,PAID_ON_TIME
RP0001526,LN200229,14,2026-06-25,11943.0,,0.0,UNPAID
RP0001527,LN200229,15,2026-07-25,11943.0,2026-07-28,11943.0,PAID_ON_TIME
RP0001528,LN200229,16,2026-08-25,11943.0,,0.0,UNPAID
RP0001529,LN200229,17,2026-09-25,11943.0,,0.0,NOT_DUE
RP0001530,LN200229,18,2026-10-25,11943.0,,0.0,NOT_DUE
RP0001531,LN200230,1,2025-06-19,3726.67,2025-06-23,3726.67,PAID_ON_TIME
RP0001532,LN200230,2,2025-07-19,3726.67,2025-07-23,3726.67,PAID_ON_TIME
RP0001533,LN200230,3,2025-08-19,3726.67,2025-08-20,3726.67,PAID_ON_TIME
RP0001534,LN200230,4,2025-09-19,3726.67,2025-09-21,3726.67,PAID_ON_TIME
RP0001535,LN200230,5,2025-10-19,3726.67,2025-10-16,3726.67,PAID_ON_TIME
RP0001536,LN200230,6,2025-11-19,3726.67,2025-11-23,3726.67,PAID_ON_TIME
RP0001537,LN200231,1,2026-03-26,5422.67,2026-03-29,5422.67,PAID_ON_TIME
RP0001538,LN200231,2,2026-04-26,5422.67,2026-04-28,5422.67,PAID_ON_TIME
RP0001539,LN200231,3,2026-05-26,5422.67,2026-05-30,5422.67,PAID_ON_TIME
RP0001540,LN200231,4,2026-06-26,5422.67,2026-06-23,5422.67,PAID_ON_TIME
RP0001541,LN200231,5,2026-07-26,5422.67,2026-07-30,5422.67,PAID_ON_TIME
RP0001542,LN200231,6,2026-08-26,5422.67,2026-08-29,5422.67,PAID_ON_TIME
RP0001543,LN200231,7,2026-09-26,5422.67,,0.0,NOT_DUE
RP0001544,LN200231,8,2026-10-26,5422.67,,0.0,NOT_DUE
RP0001545,LN200231,9,2026-11-26,5422.67,,0.0,NOT_DUE
RP0001546,LN200232,1,2026-09-01,39159.0,2026-09-03,39159.0,PAID_ON_TIME
RP0001547,LN200232,2,2026-10-01,39159.0,,0.0,NOT_DUE
RP0001548,LN200232,3,2026-11-01,39159.0,,0.0,NOT_DUE
RP0001549,LN200233,1,2025-04-08,74646.0,2025-04-06,74646.0,PAID_ON_TIME
RP0001550,LN200233,2,2025-05-08,74646.0,2025-05-06,74646.0,PAID_ON_TIME
RP0001551,LN200233,3,2025-06-08,74646.0,2025-06-12,74646.0,PAID_ON_TIME
RP0001552,LN200234,1,2025-04-04,10071.0,2025-04-05,10071.0,PAID_ON_TIME
RP0001553,LN200234,2,2025-05-04,10071.0,2025-06-28,10071.0,PAID_LATE
RP0001554,LN200234,3,2025-06-04,10071.0,2025-06-03,10071.0,PAID_ON_TIME
RP0001555,LN200234,4,2025-07-04,10071.0,2025-07-04,10071.0,PAID_ON_TIME
RP0001556,LN200234,5,2025-08-04,10071.0,2025-08-04,10071.0,PAID_ON_TIME
RP0001557,LN200234,6,2025-09-04,10071.0,2025-09-04,10071.0,PAID_ON_TIME
RP0001558,LN200235,1,2025-09-11,26194.83,2025-11-01,26194.83,PAID_LATE
RP0001559,LN200235,2,2025-10-11,26194.83,2025-10-14,26194.83,PAID_ON_TIME
RP0001560,LN200235,3,2025-11-11,26194.83,2025-11-08,26194.83,PAID_ON_TIME
RP0001561,LN200235,4,2025-12-11,26194.83,2025-12-14,26194.83,PAID_ON_TIME
RP0001562,LN200235,5,2026-01-11,26194.83,2026-01-13,26194.83,PAID_ON_TIME
RP0001563,LN200235,6,2026-02-11,26194.83,2026-02-10,26194.83,PAID_ON_TIME
RP0001564,LN200236,1,2026-01-23,15635.11,2026-01-27,15635.11,PAID_ON_TIME
RP0001565,LN200236,2,2026-02-23,15635.11,2026-02-26,15635.11,PAID_ON_TIME
RP0001566,LN200236,3,2026-03-23,15635.11,2026-03-23,15635.11,PAID_ON_TIME
RP0001567,LN200236,4,2026-04-23,15635.11,,0.0,UNPAID
RP0001568,LN200236,5,2026-05-23,15635.11,2026-06-21,15635.11,PAID_LATE
RP0001569,LN200236,6,2026-06-23,15635.11,2026-06-26,15635.11,PAID_ON_TIME
RP0001570,LN200236,7,2026-07-23,15635.11,2026-07-23,15635.11,PAID_ON_TIME
RP0001571,LN200236,8,2026-08-23,15635.11,2026-08-20,15635.11,PAID_ON_TIME
RP0001572,LN200236,9,2026-09-23,15635.11,,0.0,NOT_DUE
RP0001573,LN200237,1,2026-01-18,13986.89,2026-01-19,13986.89,PAID_ON_TIME
RP0001574,LN200237,2,2026-02-18,13986.89,2026-02-19,13986.89,PAID_ON_TIME
RP0001575,LN200237,3,2026-03-18,13986.89,2026-03-21,13986.89,PAID_ON_TIME
RP0001576,LN200237,4,2026-04-18,13986.89,2026-04-21,13986.89,PAID_ON_TIME
RP0001577,LN200237,5,2026-05-18,13986.89,2026-05-20,13986.89,PAID_ON_TIME
RP0001578,LN200237,6,2026-06-18,13986.89,2026-06-20,13986.89,PAID_ON_TIME
RP0001579,LN200237,7,2026-07-18,13986.89,2026-07-21,13986.89,PAID_ON_TIME
RP0001580,LN200237,8,2026-08-18,13986.89,2026-08-22,13986.89,PAID_ON_TIME
RP0001581,LN200237,9,2026-09-18,13986.89,,0.0,NOT_DUE
RP0001582,LN200238,1,2025-08-08,134367.08,2025-08-11,134367.08,PAID_ON_TIME
RP0001583,LN200238,2,2025-09-08,134367.08,2025-09-18,134367.08,PAID_LATE
RP0001584,LN200238,3,2025-10-08,134367.08,2025-11-29,134367.08,PAID_LATE
RP0001585,LN200239,1,2026-06-20,39480.0,2026-06-17,39480.0,PAID_ON_TIME
RP0001586,LN200239,2,2026-07-20,39480.0,2026-07-24,39480.0,PAID_ON_TIME
RP0001587,LN200239,3,2026-08-20,39480.0,2026-08-20,39480.0,PAID_ON_TIME
RP0001588,LN200240,1,2025-07-29,9742.5,2025-07-27,9742.5,PAID_ON_TIME
RP0001589,LN200240,2,2025-08-29,9742.5,2025-08-29,9742.5,PAID_ON_TIME
RP0001590,LN200240,3,2025-09-29,9742.5,2025-10-01,9742.5,PAID_ON_TIME
RP0001591,LN200240,4,2025-10-29,9742.5,2025-10-26,9742.5,PAID_ON_TIME
RP0001592,LN200240,5,2025-11-29,9742.5,2025-11-26,9742.5,PAID_ON_TIME
RP0001593,LN200240,6,2025-12-29,9742.5,2026-04-11,9742.5,PAID_LATE
RP0001594,LN200241,1,2026-05-17,13884.0,2026-05-21,13884.0,PAID_ON_TIME
RP0001595,LN200241,2,2026-06-17,13884.0,2026-06-14,13884.0,PAID_ON_TIME
RP0001596,LN200241,3,2026-07-17,13884.0,2026-07-18,13884.0,PAID_ON_TIME
RP0001597,LN200241,4,2026-08-17,13884.0,2026-08-15,13884.0,PAID_ON_TIME
RP0001598,LN200241,5,2026-09-17,13884.0,,0.0,NOT_DUE
RP0001599,LN200241,6,2026-10-17,13884.0,,0.0,NOT_DUE
RP0001600,LN200243,1,2025-06-28,7403.33,2025-06-30,7403.33,PAID_ON_TIME
RP0001601,LN200243,2,2025-07-28,7403.33,2025-07-26,7403.33,PAID_ON_TIME
RP0001602,LN200243,3,2025-08-28,7403.33,2025-08-28,7403.33,PAID_ON_TIME
RP0001603,LN200243,4,2025-09-28,7403.33,2025-09-29,7403.33,PAID_ON_TIME
RP0001604,LN200243,5,2025-10-28,7403.33,2025-10-25,7403.33,PAID_ON_TIME
RP0001605,LN200243,6,2025-11-28,7403.33,2025-12-02,7403.33,PAID_ON_TIME
RP0001606,LN200244,1,2026-05-13,4516.0,2026-05-16,4516.0,PAID_ON_TIME
RP0001607,LN200244,2,2026-06-13,4516.0,2026-06-15,4516.0,PAID_ON_TIME
RP0001608,LN200244,3,2026-07-13,4516.0,2026-07-15,4516.0,PAID_ON_TIME
RP0001609,LN200244,4,2026-08-13,4516.0,2026-08-10,4516.0,PAID_ON_TIME
RP0001610,LN200244,5,2026-09-13,4516.0,,0.0,NOT_DUE
RP0001611,LN200244,6,2026-10-13,4516.0,,0.0,NOT_DUE
RP0001612,LN200244,7,2026-11-13,4516.0,,0.0,NOT_DUE
RP0001613,LN200244,8,2026-12-13,4516.0,,0.0,NOT_DUE
RP0001614,LN200244,9,2027-01-13,4516.0,,0.0,NOT_DUE
RP0001615,LN200245,1,2025-03-28,11275.75,2025-03-26,11275.75,PAID_ON_TIME
RP0001616,LN200245,2,2025-04-28,11275.75,2025-04-29,11275.75,PAID_ON_TIME
RP0001617,LN200245,3,2025-05-28,11275.75,2025-06-01,11275.75,PAID_ON_TIME
RP0001618,LN200245,4,2025-06-28,11275.75,2025-06-29,11275.75,PAID_ON_TIME
RP0001619,LN200245,5,2025-07-28,11275.75,2025-07-29,11275.75,PAID_ON_TIME
RP0001620,LN200245,6,2025-08-28,11275.75,2025-09-09,11275.75,PAID_LATE
RP0001621,LN200245,7,2025-09-28,11275.75,2025-10-01,11275.75,PAID_ON_TIME
RP0001622,LN200245,8,2025-10-28,11275.75,2025-10-29,11275.75,PAID_ON_TIME
RP0001623,LN200245,9,2025-11-28,11275.75,2025-12-01,11275.75,PAID_ON_TIME
RP0001624,LN200245,10,2025-12-28,11275.75,2025-12-25,11275.75,PAID_ON_TIME
RP0001625,LN200245,11,2026-01-28,11275.75,2026-01-30,11275.75,PAID_ON_TIME
RP0001626,LN200245,12,2026-02-28,11275.75,2026-02-28,11275.75,PAID_ON_TIME
RP0001627,LN200246,1,2025-02-16,22233.17,2025-02-17,22233.17,PAID_ON_TIME
RP0001628,LN200246,2,2025-03-16,22233.17,2025-03-18,22233.17,PAID_ON_TIME
RP0001629,LN200246,3,2025-04-16,22233.17,2025-04-16,22233.17,PAID_ON_TIME
RP0001630,LN200246,4,2025-05-16,22233.17,2025-05-18,22233.17,PAID_ON_TIME
RP0001631,LN200246,5,2025-06-16,22233.17,2025-06-19,22233.17,PAID_ON_TIME
RP0001632,LN200246,6,2025-07-16,22233.17,2025-07-20,22233.17,PAID_ON_TIME
RP0001633,LN200246,7,2025-08-16,22233.17,2025-08-14,22233.17,PAID_ON_TIME
RP0001634,LN200246,8,2025-09-16,22233.17,2025-09-20,22233.17,PAID_ON_TIME
RP0001635,LN200246,9,2025-10-16,22233.17,2025-10-18,22233.17,PAID_ON_TIME
RP0001636,LN200247,1,2026-06-25,4981.67,2026-06-25,4981.67,PAID_ON_TIME
RP0001637,LN200247,2,2026-07-25,4981.67,,0.0,UNPAID
RP0001638,LN200247,3,2026-08-25,4981.67,2026-08-29,4981.67,PAID_ON_TIME
RP0001639,LN200247,4,2026-09-25,4981.67,,0.0,NOT_DUE
RP0001640,LN200247,5,2026-10-25,4981.67,,0.0,NOT_DUE
RP0001641,LN200247,6,2026-11-25,4981.67,,0.0,NOT_DUE
RP0001642,LN200249,1,2025-12-18,1472.92,2025-12-21,1472.92,PAID_ON_TIME
RP0001643,LN200249,2,2026-01-18,1472.92,2026-01-17,1472.92,PAID_ON_TIME
RP0001644,LN200249,3,2026-02-18,1472.92,2026-02-20,1472.92,PAID_ON_TIME
RP0001645,LN200249,4,2026-03-18,1472.92,2026-03-16,1472.92,PAID_ON_TIME
RP0001646,LN200249,5,2026-04-18,1472.92,2026-04-22,1472.92,PAID_ON_TIME
RP0001647,LN200249,6,2026-05-18,1472.92,2026-05-16,1472.92,PAID_ON_TIME
RP0001648,LN200249,7,2026-06-18,1472.92,2026-06-22,1472.92,PAID_ON_TIME
RP0001649,LN200249,8,2026-07-18,1472.92,2026-07-20,1472.92,PAID_ON_TIME
RP0001650,LN200249,9,2026-08-18,1472.92,2026-08-31,1472.92,PAID_LATE
RP0001651,LN200249,10,2026-09-18,1472.92,,0.0,NOT_DUE
RP0001652,LN200249,11,2026-10-18,1472.92,,0.0,NOT_DUE
RP0001653,LN200249,12,2026-11-18,1472.92,,0.0,NOT_DUE
RP0001654,LN200249,13,2026-12-18,1472.92,,0.0,NOT_DUE
RP0001655,LN200249,14,2027-01-18,1472.92,,0.0,NOT_DUE
RP0001656,LN200249,15,2027-02-18,1472.92,,0.0,NOT_DUE
RP0001657,LN200249,16,2027-03-18,1472.92,,0.0,NOT_DUE
RP0001658,LN200249,17,2027-04-18,1472.92,,0.0,NOT_DUE
RP0001659,LN200249,18,2027-05-18,1472.92,,0.0,NOT_DUE
RP0001660,LN200250,1,2025-11-13,7038.33,2025-11-17,7038.33,PAID_ON_TIME
RP0001661,LN200250,2,2025-12-13,7038.33,2025-12-12,7038.33,PAID_ON_TIME
RP0001662,LN200250,3,2026-01-13,7038.33,2026-01-11,7038.33,PAID_ON_TIME
RP0001663,LN200251,1,2025-07-29,18340.0,2025-08-02,18340.0,PAID_ON_TIME
RP0001664,LN200251,2,2025-08-29,18340.0,2025-11-27,18340.0,PAID_LATE
RP0001665,LN200251,3,2025-09-29,18340.0,2025-10-01,18340.0,PAID_ON_TIME
RP0001666,LN200251,4,2025-10-29,18340.0,2025-10-28,18340.0,PAID_ON_TIME
RP0001667,LN200251,5,2025-11-29,18340.0,2025-11-27,18340.0,PAID_ON_TIME
RP0001668,LN200251,6,2025-12-29,18340.0,2026-04-07,18340.0,PAID_LATE
RP0001669,LN200251,7,2026-01-29,18340.0,2026-01-27,18340.0,PAID_ON_TIME
RP0001670,LN200251,8,2026-02-28,18340.0,2026-03-02,18340.0,PAID_ON_TIME
RP0001671,LN200251,9,2026-03-29,18340.0,2026-03-31,18340.0,PAID_ON_TIME
RP0001672,LN200252,1,2025-10-17,14237.25,2025-10-20,14237.25,PAID_ON_TIME
RP0001673,LN200252,2,2025-11-17,14237.25,2025-11-20,14237.25,PAID_ON_TIME
RP0001674,LN200252,3,2025-12-17,14237.25,2026-02-19,14237.25,PAID_LATE
RP0001675,LN200253,1,2025-02-20,8146.67,2025-04-30,8146.67,PAID_LATE
RP0001676,LN200253,2,2025-03-20,8146.67,2025-04-04,8146.67,PAID_LATE
RP0001677,LN200253,3,2025-04-20,8146.67,2025-04-19,8146.67,PAID_ON_TIME
RP0001678,LN200253,4,2025-05-20,8146.67,2025-05-23,8146.67,PAID_ON_TIME
RP0001679,LN200253,5,2025-06-20,8146.67,2025-06-22,8146.67,PAID_ON_TIME
RP0001680,LN200253,6,2025-07-20,8146.67,2025-07-20,8146.67,PAID_ON_TIME
RP0001681,LN200253,7,2025-08-20,8146.67,2025-08-19,8146.67,PAID_ON_TIME
RP0001682,LN200253,8,2025-09-20,8146.67,2025-09-20,8146.67,PAID_ON_TIME
RP0001683,LN200253,9,2025-10-20,8146.67,2025-11-05,8146.67,PAID_LATE
RP0001684,LN200253,10,2025-11-20,8146.67,2025-11-23,8146.67,PAID_ON_TIME
RP0001685,LN200253,11,2025-12-20,8146.67,2025-12-24,8146.67,PAID_ON_TIME
RP0001686,LN200253,12,2026-01-20,8146.67,,0.0,UNPAID
RP0001687,LN200254,1,2026-04-17,12817.78,,0.0,UNPAID
RP0001688,LN200254,2,2026-05-17,12817.78,2026-05-14,12817.78,PAID_ON_TIME
RP0001689,LN200254,3,2026-06-17,12817.78,2026-06-20,12817.78,PAID_ON_TIME
RP0001690,LN200254,4,2026-07-17,12817.78,2026-07-20,12817.78,PAID_ON_TIME
RP0001691,LN200254,5,2026-08-17,12817.78,2026-08-14,12817.78,PAID_ON_TIME
RP0001692,LN200254,6,2026-09-17,12817.78,,0.0,NOT_DUE
RP0001693,LN200254,7,2026-10-17,12817.78,,0.0,NOT_DUE
RP0001694,LN200254,8,2026-11-17,12817.78,,0.0,NOT_DUE
RP0001695,LN200254,9,2026-12-17,12817.78,,0.0,NOT_DUE
RP0001696,LN200255,1,2025-07-26,27254.5,2025-07-24,27254.5,PAID_ON_TIME
RP0001697,LN200255,2,2025-08-26,27254.5,2025-08-29,27254.5,PAID_ON_TIME
RP0001698,LN200255,3,2025-09-26,27254.5,2025-09-25,27254.5,PAID_ON_TIME
RP0001699,LN200256,1,2025-04-06,15788.75,2025-04-08,15788.75,PAID_ON_TIME
RP0001700,LN200256,2,2025-05-06,15788.75,2025-05-09,15788.75,PAID_ON_TIME
RP0001701,LN200256,3,2025-06-06,15788.75,2025-06-03,15788.75,PAID_ON_TIME
RP0001702,LN200256,4,2025-07-06,15788.75,2025-07-06,15788.75,PAID_ON_TIME
RP0001703,LN200256,5,2025-08-06,15788.75,2025-08-10,15788.75,PAID_ON_TIME
RP0001704,LN200256,6,2025-09-06,15788.75,2025-09-06,15788.75,PAID_ON_TIME
RP0001705,LN200257,1,2025-08-29,13989.58,2025-08-31,13989.58,PAID_ON_TIME
RP0001706,LN200257,2,2025-09-29,13989.58,2025-09-26,13989.58,PAID_ON_TIME
RP0001707,LN200257,3,2025-10-29,13989.58,2026-02-15,13989.58,PAID_LATE
RP0001708,LN200257,4,2025-11-29,13989.58,2025-11-26,13989.58,PAID_ON_TIME
RP0001709,LN200257,5,2025-12-29,13989.58,2025-12-29,13989.58,PAID_ON_TIME
RP0001710,LN200257,6,2026-01-29,13989.58,2026-02-01,13989.58,PAID_ON_TIME
RP0001711,LN200258,1,2026-08-09,14348.17,2026-08-11,14348.17,PAID_ON_TIME
RP0001712,LN200258,2,2026-09-09,14348.17,,0.0,NOT_DUE
RP0001713,LN200258,3,2026-10-09,14348.17,,0.0,NOT_DUE
RP0001714,LN200258,4,2026-11-09,14348.17,,0.0,NOT_DUE
RP0001715,LN200258,5,2026-12-09,14348.17,,0.0,NOT_DUE
RP0001716,LN200258,6,2027-01-09,14348.17,,0.0,NOT_DUE
RP0001717,LN200258,7,2027-02-09,14348.17,,0.0,NOT_DUE
RP0001718,LN200258,8,2027-03-09,14348.17,,0.0,NOT_DUE
RP0001719,LN200258,9,2027-04-09,14348.17,,0.0,NOT_DUE
RP0001720,LN200260,1,2025-09-15,46003.83,2025-09-14,46003.83,PAID_ON_TIME
RP0001721,LN200260,2,2025-10-15,46003.83,2025-10-19,46003.83,PAID_ON_TIME
RP0001722,LN200260,3,2025-11-15,46003.83,2025-11-17,46003.83,PAID_ON_TIME
RP0001723,LN200260,4,2025-12-15,46003.83,2025-12-17,46003.83,PAID_ON_TIME
RP0001724,LN200260,5,2026-01-15,46003.83,2026-01-14,46003.83,PAID_ON_TIME
RP0001725,LN200260,6,2026-02-15,46003.83,,0.0,UNPAID
RP0001726,LN200261,1,2025-09-11,14618.5,2025-09-12,14618.5,PAID_ON_TIME
RP0001727,LN200261,2,2025-10-11,14618.5,2025-10-10,14618.5,PAID_ON_TIME
RP0001728,LN200261,3,2025-11-11,14618.5,2025-11-10,14618.5,PAID_ON_TIME
RP0001729,LN200261,4,2025-12-11,14618.5,2025-12-08,14618.5,PAID_ON_TIME
RP0001730,LN200261,5,2026-01-11,14618.5,2026-01-15,14618.5,PAID_ON_TIME
RP0001731,LN200261,6,2026-02-11,14618.5,2026-02-13,14618.5,PAID_ON_TIME
RP0001732,LN200261,7,2026-03-11,14618.5,2026-03-15,14618.5,PAID_ON_TIME
RP0001733,LN200261,8,2026-04-11,14618.5,2026-04-08,14618.5,PAID_ON_TIME
RP0001734,LN200261,9,2026-05-11,14618.5,2026-06-06,14618.5,PAID_LATE
RP0001735,LN200262,1,2026-01-23,14371.5,2026-01-27,14371.5,PAID_ON_TIME
RP0001736,LN200262,2,2026-02-23,14371.5,2026-02-27,14371.5,PAID_ON_TIME
RP0001737,LN200262,3,2026-03-23,14371.5,2026-03-24,14371.5,PAID_ON_TIME
RP0001738,LN200262,4,2026-04-23,14371.5,2026-04-27,14371.5,PAID_ON_TIME
RP0001739,LN200262,5,2026-05-23,14371.5,2026-05-26,14371.5,PAID_ON_TIME
RP0001740,LN200262,6,2026-06-23,14371.5,2026-06-26,14371.5,PAID_ON_TIME
RP0001741,LN200263,1,2026-06-05,12922.83,2026-06-03,12922.83,PAID_ON_TIME
RP0001742,LN200263,2,2026-07-05,12922.83,2026-07-02,12922.83,PAID_ON_TIME
RP0001743,LN200263,3,2026-08-05,12922.83,2026-08-06,12922.83,PAID_ON_TIME
RP0001744,LN200263,4,2026-09-05,12922.83,,0.0,NOT_DUE
RP0001745,LN200263,5,2026-10-05,12922.83,,0.0,NOT_DUE
RP0001746,LN200263,6,2026-11-05,12922.83,,0.0,NOT_DUE
RP0001747,LN200263,7,2026-12-05,12922.83,,0.0,NOT_DUE
RP0001748,LN200263,8,2027-01-05,12922.83,,0.0,NOT_DUE
RP0001749,LN200263,9,2027-02-05,12922.83,,0.0,NOT_DUE
RP0001750,LN200264,1,2026-04-23,44851.08,2026-04-28,44851.08,PAID_LATE
RP0001751,LN200264,2,2026-05-23,44851.08,2026-05-25,44851.08,PAID_ON_TIME
RP0001752,LN200264,3,2026-06-23,44851.08,2026-06-20,44851.08,PAID_ON_TIME
RP0001753,LN200264,4,2026-07-23,44851.08,2026-07-24,44851.08,PAID_ON_TIME
RP0001754,LN200264,5,2026-08-23,44851.08,2026-08-24,44851.08,PAID_ON_TIME
RP0001755,LN200264,6,2026-09-23,44851.08,,0.0,NOT_DUE
RP0001756,LN200265,1,2025-09-08,8669.72,2025-09-08,8669.72,PAID_ON_TIME
RP0001757,LN200265,2,2025-10-08,8669.72,2025-10-06,8669.72,PAID_ON_TIME
RP0001758,LN200265,3,2025-11-08,8669.72,2025-11-10,8669.72,PAID_ON_TIME
RP0001759,LN200265,4,2025-12-08,8669.72,2025-12-12,8669.72,PAID_ON_TIME
RP0001760,LN200265,5,2026-01-08,8669.72,2026-01-08,8669.72,PAID_ON_TIME
RP0001761,LN200265,6,2026-02-08,8669.72,2026-02-10,8669.72,PAID_ON_TIME
RP0001762,LN200265,7,2026-03-08,8669.72,2026-03-06,8669.72,PAID_ON_TIME
RP0001763,LN200265,8,2026-04-08,8669.72,2026-04-06,8669.72,PAID_ON_TIME
RP0001764,LN200265,9,2026-05-08,8669.72,2026-05-05,8669.72,PAID_ON_TIME
RP0001765,LN200265,10,2026-06-08,8669.72,2026-06-12,8669.72,PAID_ON_TIME
RP0001766,LN200265,11,2026-07-08,8669.72,2026-07-06,8669.72,PAID_ON_TIME
RP0001767,LN200265,12,2026-08-08,8669.72,2026-08-06,8669.72,PAID_ON_TIME
RP0001768,LN200265,13,2026-09-08,8669.72,,0.0,NOT_DUE
RP0001769,LN200265,14,2026-10-08,8669.72,,0.0,NOT_DUE
RP0001770,LN200265,15,2026-11-08,8669.72,,0.0,NOT_DUE
RP0001771,LN200265,16,2026-12-08,8669.72,,0.0,NOT_DUE
RP0001772,LN200265,17,2027-01-08,8669.72,,0.0,NOT_DUE
RP0001773,LN200265,18,2027-02-08,8669.72,,0.0,NOT_DUE
RP0001774,LN200266,1,2025-12-27,14640.0,2025-12-30,14640.0,PAID_ON_TIME
RP0001775,LN200266,2,2026-01-27,14640.0,2026-01-24,14640.0,PAID_ON_TIME
RP0001776,LN200266,3,2026-02-27,14640.0,2026-03-02,14640.0,PAID_ON_TIME
RP0001777,LN200266,4,2026-03-27,14640.0,2026-03-30,14640.0,PAID_ON_TIME
RP0001778,LN200266,5,2026-04-27,14640.0,2026-04-27,14640.0,PAID_ON_TIME
RP0001779,LN200266,6,2026-05-27,14640.0,2026-05-29,14640.0,PAID_ON_TIME
RP0001780,LN200267,1,2025-02-15,2437.89,2025-02-13,2437.89,PAID_ON_TIME
RP0001781,LN200267,2,2025-03-15,2437.89,2025-03-14,2437.89,PAID_ON_TIME
RP0001782,LN200267,3,2025-04-15,2437.89,2025-04-17,2437.89,PAID_ON_TIME
RP0001783,LN200267,4,2025-05-15,2437.89,2025-05-19,2437.89,PAID_ON_TIME
RP0001784,LN200267,5,2025-06-15,2437.89,2025-06-13,2437.89,PAID_ON_TIME
RP0001785,LN200267,6,2025-07-15,2437.89,2025-11-01,2437.89,PAID_LATE
RP0001786,LN200267,7,2025-08-15,2437.89,2025-08-17,2437.89,PAID_ON_TIME
RP0001787,LN200267,8,2025-09-15,2437.89,2025-09-13,2437.89,PAID_ON_TIME
RP0001788,LN200267,9,2025-10-15,2437.89,2025-10-16,2437.89,PAID_ON_TIME
RP0001789,LN200267,10,2025-11-15,2437.89,2025-11-17,2437.89,PAID_ON_TIME
RP0001790,LN200267,11,2025-12-15,2437.89,2025-12-14,2437.89,PAID_ON_TIME
RP0001791,LN200267,12,2026-01-15,2437.89,2026-01-16,2437.89,PAID_ON_TIME
RP0001792,LN200267,13,2026-02-15,2437.89,2026-02-17,2437.89,PAID_ON_TIME
RP0001793,LN200267,14,2026-03-15,2437.89,2026-03-18,2437.89,PAID_ON_TIME
RP0001794,LN200267,15,2026-04-15,2437.89,2026-04-15,2437.89,PAID_ON_TIME
RP0001795,LN200267,16,2026-05-15,2437.89,2026-05-17,2437.89,PAID_ON_TIME
RP0001796,LN200267,17,2026-06-15,2437.89,,0.0,UNPAID
RP0001797,LN200267,18,2026-07-15,2437.89,2026-07-17,2437.89,PAID_ON_TIME
RP0001798,LN200268,1,2026-04-02,25709.67,2026-04-01,25709.67,PAID_ON_TIME
RP0001799,LN200268,2,2026-05-02,25709.67,2026-06-11,25709.67,PAID_LATE
RP0001800,LN200268,3,2026-06-02,25709.67,2026-06-01,25709.67,PAID_ON_TIME
RP0001801,LN200268,4,2026-07-02,25709.67,2026-07-03,25709.67,PAID_ON_TIME
RP0001802,LN200268,5,2026-08-02,25709.67,2026-07-31,25709.67,PAID_ON_TIME
RP0001803,LN200268,6,2026-09-02,25709.67,,0.0,NOT_DUE
RP0001804,LN200268,7,2026-10-02,25709.67,,0.0,NOT_DUE
RP0001805,LN200268,8,2026-11-02,25709.67,,0.0,NOT_DUE
RP0001806,LN200268,9,2026-12-02,25709.67,,0.0,NOT_DUE
RP0001807,LN200269,1,2026-05-03,6993.33,2026-05-02,6993.33,PAID_ON_TIME
RP0001808,LN200269,2,2026-06-03,6993.33,2026-06-05,6993.33,PAID_ON_TIME
RP0001809,LN200269,3,2026-07-03,6993.33,,0.0,UNPAID
RP0001810,LN200270,1,2026-03-24,26947.56,2026-03-27,26947.56,PAID_ON_TIME
RP0001811,LN200270,2,2026-04-24,26947.56,2026-04-26,26947.56,PAID_ON_TIME
RP0001812,LN200270,3,2026-05-24,26947.56,2026-06-19,26947.56,PAID_LATE
RP0001813,LN200270,4,2026-06-24,26947.56,2026-06-26,26947.56,PAID_ON_TIME
RP0001814,LN200270,5,2026-07-24,26947.56,2026-07-27,26947.56,PAID_ON_TIME
RP0001815,LN200270,6,2026-08-24,26947.56,2026-08-28,26947.56,PAID_ON_TIME
RP0001816,LN200270,7,2026-09-24,26947.56,,0.0,NOT_DUE
RP0001817,LN200270,8,2026-10-24,26947.56,,0.0,NOT_DUE
RP0001818,LN200270,9,2026-11-24,26947.56,,0.0,NOT_DUE
RP0001819,LN200272,1,2025-06-09,22732.22,2025-06-11,22732.22,PAID_ON_TIME
RP0001820,LN200272,2,2025-07-09,22732.22,2025-07-12,22732.22,PAID_ON_TIME
RP0001821,LN200272,3,2025-08-09,22732.22,2025-08-11,22732.22,PAID_ON_TIME
RP0001822,LN200272,4,2025-09-09,22732.22,2025-09-09,22732.22,PAID_ON_TIME
RP0001823,LN200272,5,2025-10-09,22732.22,2025-10-11,22732.22,PAID_ON_TIME
RP0001824,LN200272,6,2025-11-09,22732.22,2025-11-06,22732.22,PAID_ON_TIME
RP0001825,LN200272,7,2025-12-09,22732.22,2025-12-08,22732.22,PAID_ON_TIME
RP0001826,LN200272,8,2026-01-09,22732.22,2026-01-13,22732.22,PAID_ON_TIME
RP0001827,LN200272,9,2026-02-09,22732.22,2026-02-11,22732.22,PAID_ON_TIME
RP0001828,LN200272,10,2026-03-09,22732.22,2026-03-12,22732.22,PAID_ON_TIME
RP0001829,LN200272,11,2026-04-09,22732.22,2026-04-09,22732.22,PAID_ON_TIME
RP0001830,LN200272,12,2026-05-09,22732.22,2026-05-06,22732.22,PAID_ON_TIME
RP0001831,LN200272,13,2026-06-09,22732.22,2026-06-06,22732.22,PAID_ON_TIME
RP0001832,LN200272,14,2026-07-09,22732.22,2026-07-08,22732.22,PAID_ON_TIME
RP0001833,LN200272,15,2026-08-09,22732.22,2026-08-08,22732.22,PAID_ON_TIME
RP0001834,LN200272,16,2026-09-09,22732.22,,0.0,NOT_DUE
RP0001835,LN200272,17,2026-10-09,22732.22,,0.0,NOT_DUE
RP0001836,LN200272,18,2026-11-09,22732.22,,0.0,NOT_DUE
RP0001837,LN200273,1,2026-03-14,32822.5,2026-03-16,32822.5,PAID_ON_TIME
RP0001838,LN200273,2,2026-04-14,32822.5,2026-04-17,32822.5,PAID_ON_TIME
RP0001839,LN200273,3,2026-05-14,32822.5,,0.0,UNPAID
RP0001840,LN200274,1,2025-04-06,20548.5,2025-07-28,20548.5,PAID_LATE
RP0001841,LN200274,2,2025-05-06,20548.5,2025-08-13,20548.5,PAID_LATE
RP0001842,LN200274,3,2025-06-06,20548.5,2025-06-03,20548.5,PAID_ON_TIME
RP0001843,LN200274,4,2025-07-06,20548.5,2025-07-06,20548.5,PAID_ON_TIME
RP0001844,LN200274,5,2025-08-06,20548.5,2025-08-05,20548.5,PAID_ON_TIME
RP0001845,LN200274,6,2025-09-06,20548.5,2025-09-06,20548.5,PAID_ON_TIME
RP0001846,LN200275,1,2026-02-25,14937.81,2026-02-25,14937.81,PAID_ON_TIME
RP0001847,LN200275,2,2026-03-25,14937.81,2026-06-19,14937.81,PAID_LATE
RP0001848,LN200275,3,2026-04-25,14937.81,2026-04-26,14937.81,PAID_ON_TIME
RP0001849,LN200275,4,2026-05-25,14937.81,2026-05-28,14937.81,PAID_ON_TIME
RP0001850,LN200275,5,2026-06-25,14937.81,2026-06-25,14937.81,PAID_ON_TIME
RP0001851,LN200275,6,2026-07-25,14937.81,2026-07-27,14937.81,PAID_ON_TIME
RP0001852,LN200275,7,2026-08-25,14937.81,2026-08-28,14937.81,PAID_ON_TIME
RP0001853,LN200275,8,2026-09-25,14937.81,,0.0,NOT_DUE
RP0001854,LN200275,9,2026-10-25,14937.81,,0.0,NOT_DUE
RP0001855,LN200276,1,2025-09-30,18486.0,2025-09-28,18486.0,PAID_ON_TIME
RP0001856,LN200276,2,2025-10-31,18486.0,2025-10-31,18486.0,PAID_ON_TIME
RP0001857,LN200276,3,2025-11-30,18486.0,2025-12-04,18486.0,PAID_ON_TIME
RP0001858,LN200276,4,2025-12-31,18486.0,2025-12-30,18486.0,PAID_ON_TIME
RP0001859,LN200276,5,2026-01-31,18486.0,2026-01-29,18486.0,PAID_ON_TIME
RP0001860,LN200276,6,2026-02-28,18486.0,2026-02-26,18486.0,PAID_ON_TIME
RP0001861,LN200277,1,2025-11-06,17451.39,2025-11-04,17451.39,PAID_ON_TIME
RP0001862,LN200277,2,2025-12-06,17451.39,2025-12-08,17451.39,PAID_ON_TIME
RP0001863,LN200277,3,2026-01-06,17451.39,2026-01-10,17451.39,PAID_ON_TIME
RP0001864,LN200277,4,2026-02-06,17451.39,2026-02-03,17451.39,PAID_ON_TIME
RP0001865,LN200277,5,2026-03-06,17451.39,2026-03-03,17451.39,PAID_ON_TIME
RP0001866,LN200277,6,2026-04-06,17451.39,2026-07-11,17451.39,PAID_LATE
RP0001867,LN200277,7,2026-05-06,17451.39,2026-05-05,17451.39,PAID_ON_TIME
RP0001868,LN200277,8,2026-06-06,17451.39,2026-06-08,17451.39,PAID_ON_TIME
RP0001869,LN200277,9,2026-07-06,17451.39,2026-07-08,17451.39,PAID_ON_TIME
RP0001870,LN200277,10,2026-08-06,17451.39,2026-08-05,17451.39,PAID_ON_TIME
RP0001871,LN200277,11,2026-09-06,17451.39,,0.0,NOT_DUE
RP0001872,LN200277,12,2026-10-06,17451.39,,0.0,NOT_DUE
RP0001873,LN200277,13,2026-11-06,17451.39,,0.0,NOT_DUE
RP0001874,LN200277,14,2026-12-06,17451.39,,0.0,NOT_DUE
RP0001875,LN200277,15,2027-01-06,17451.39,,0.0,NOT_DUE
RP0001876,LN200277,16,2027-02-06,17451.39,,0.0,NOT_DUE
RP0001877,LN200277,17,2027-03-06,17451.39,,0.0,NOT_DUE
RP0001878,LN200277,18,2027-04-06,17451.39,,0.0,NOT_DUE
RP0001879,LN200278,1,2025-10-12,6077.5,2025-10-16,6077.5,PAID_ON_TIME
RP0001880,LN200278,2,2025-11-12,6077.5,2026-01-26,6077.5,PAID_LATE
RP0001881,LN200278,3,2025-12-12,6077.5,2025-12-13,6077.5,PAID_ON_TIME
RP0001882,LN200278,4,2026-01-12,6077.5,2026-04-13,6077.5,PAID_LATE
RP0001883,LN200278,5,2026-02-12,6077.5,2026-02-11,6077.5,PAID_ON_TIME
RP0001884,LN200278,6,2026-03-12,6077.5,2026-03-10,6077.5,PAID_ON_TIME
RP0001885,LN200279,1,2026-05-27,22694.39,2026-05-29,22694.39,PAID_ON_TIME
RP0001886,LN200279,2,2026-06-27,22694.39,2026-07-01,22694.39,PAID_ON_TIME
RP0001887,LN200279,3,2026-07-27,22694.39,,0.0,UNPAID
RP0001888,LN200279,4,2026-08-27,22694.39,2026-08-24,22694.39,PAID_ON_TIME
RP0001889,LN200279,5,2026-09-27,22694.39,,0.0,NOT_DUE
RP0001890,LN200279,6,2026-10-27,22694.39,,0.0,NOT_DUE
RP0001891,LN200279,7,2026-11-27,22694.39,,0.0,NOT_DUE
RP0001892,LN200279,8,2026-12-27,22694.39,,0.0,NOT_DUE
RP0001893,LN200279,9,2027-01-27,22694.39,,0.0,NOT_DUE
RP0001894,LN200280,1,2026-06-01,24137.17,2026-06-01,24137.17,PAID_ON_TIME
RP0001895,LN200280,2,2026-07-01,24137.17,2026-07-04,24137.17,PAID_ON_TIME
RP0001896,LN200280,3,2026-08-01,24137.17,2026-08-03,24137.17,PAID_ON_TIME
RP0001897,LN200280,4,2026-09-01,24137.17,2026-08-29,24137.17,PAID_ON_TIME
RP0001898,LN200280,5,2026-10-01,24137.17,,0.0,NOT_DUE
RP0001899,LN200280,6,2026-11-01,24137.17,,0.0,NOT_DUE
RP0001900,LN200280,7,2026-12-01,24137.17,,0.0,NOT_DUE
RP0001901,LN200280,8,2027-01-01,24137.17,,0.0,NOT_DUE
RP0001902,LN200280,9,2027-02-01,24137.17,,0.0,NOT_DUE
RP0001903,LN200280,10,2027-03-01,24137.17,,0.0,NOT_DUE
RP0001904,LN200280,11,2027-04-01,24137.17,,0.0,NOT_DUE
RP0001905,LN200280,12,2027-05-01,24137.17,,0.0,NOT_DUE
RP0001906,LN200281,1,2025-10-10,11189.17,2025-10-12,11189.17,PAID_ON_TIME
RP0001907,LN200281,2,2025-11-10,11189.17,2025-11-10,11189.17,PAID_ON_TIME
RP0001908,LN200281,3,2025-12-10,11189.17,2025-12-11,11189.17,PAID_ON_TIME
RP0001909,LN200281,4,2026-01-10,11189.17,2026-01-09,11189.17,PAID_ON_TIME
RP0001910,LN200281,5,2026-02-10,11189.17,2026-02-11,11189.17,PAID_ON_TIME
RP0001911,LN200281,6,2026-03-10,11189.17,2026-03-13,11189.17,PAID_ON_TIME
RP0001912,LN200281,7,2026-04-10,11189.17,2026-04-09,11189.17,PAID_ON_TIME
RP0001913,LN200281,8,2026-05-10,11189.17,2026-05-14,11189.17,PAID_ON_TIME
RP0001914,LN200281,9,2026-06-10,11189.17,,0.0,UNPAID
RP0001915,LN200282,1,2025-02-27,10838.33,2025-03-01,10838.33,PAID_ON_TIME
RP0001916,LN200282,2,2025-03-27,10838.33,2025-03-31,10838.33,PAID_ON_TIME
RP0001917,LN200282,3,2025-04-27,10838.33,2025-04-24,10838.33,PAID_ON_TIME
RP0001918,LN200282,4,2025-05-27,10838.33,2025-05-26,10838.33,PAID_ON_TIME
RP0001919,LN200282,5,2025-06-27,10838.33,,0.0,UNPAID
RP0001920,LN200282,6,2025-07-27,10838.33,2025-07-31,10838.33,PAID_ON_TIME
RP0001921,LN200282,7,2025-08-27,10838.33,2025-08-27,10838.33,PAID_ON_TIME
RP0001922,LN200282,8,2025-09-27,10838.33,2025-09-26,10838.33,PAID_ON_TIME
RP0001923,LN200282,9,2025-10-27,10838.33,2025-11-23,10838.33,PAID_LATE
RP0001924,LN200283,1,2025-12-15,11683.75,2026-04-09,11683.75,PAID_LATE
RP0001925,LN200283,2,2026-01-15,11683.75,2026-03-15,11683.75,PAID_LATE
RP0001926,LN200283,3,2026-02-15,11683.75,2026-02-17,11683.75,PAID_ON_TIME
RP0001927,LN200283,4,2026-03-15,11683.75,2026-03-14,11683.75,PAID_ON_TIME
RP0001928,LN200283,5,2026-04-15,11683.75,2026-04-12,11683.75,PAID_ON_TIME
RP0001929,LN200283,6,2026-05-15,11683.75,2026-05-14,11683.75,PAID_ON_TIME
RP0001930,LN200284,1,2025-09-28,7050.69,2025-09-27,7050.69,PAID_ON_TIME
RP0001931,LN200284,2,2025-10-28,7050.69,2025-10-26,7050.69,PAID_ON_TIME
RP0001932,LN200284,3,2025-11-28,7050.69,,0.0,UNPAID
RP0001933,LN200284,4,2025-12-28,7050.69,2025-12-31,7050.69,PAID_ON_TIME
RP0001934,LN200284,5,2026-01-28,7050.69,2026-01-29,7050.69,PAID_ON_TIME
RP0001935,LN200284,6,2026-02-28,7050.69,2026-03-01,7050.69,PAID_ON_TIME
RP0001936,LN200284,7,2026-03-28,7050.69,2026-03-25,7050.69,PAID_ON_TIME
RP0001937,LN200284,8,2026-04-28,7050.69,2026-04-25,7050.69,PAID_ON_TIME
RP0001938,LN200284,9,2026-05-28,7050.69,2026-06-01,7050.69,PAID_ON_TIME
RP0001939,LN200285,1,2026-02-09,3418.5,2026-02-07,3418.5,PAID_ON_TIME
RP0001940,LN200285,2,2026-03-09,3418.5,2026-03-12,3418.5,PAID_ON_TIME
RP0001941,LN200285,3,2026-04-09,3418.5,2026-04-09,3418.5,PAID_ON_TIME
RP0001942,LN200285,4,2026-05-09,3418.5,2026-05-09,3418.5,PAID_ON_TIME
RP0001943,LN200285,5,2026-06-09,3418.5,2026-06-09,3418.5,PAID_ON_TIME
RP0001944,LN200285,6,2026-07-09,3418.5,2026-07-06,3418.5,PAID_ON_TIME
RP0001945,LN200285,7,2026-08-09,3418.5,2026-08-08,3418.5,PAID_ON_TIME
RP0001946,LN200285,8,2026-09-09,3418.5,,0.0,NOT_DUE
RP0001947,LN200285,9,2026-10-09,3418.5,,0.0,NOT_DUE
RP0001948,LN200286,1,2026-04-23,27175.81,2026-04-20,27175.81,PAID_ON_TIME
RP0001949,LN200286,2,2026-05-23,27175.81,2026-08-13,27175.81,PAID_LATE
RP0001950,LN200286,3,2026-06-23,27175.81,2026-06-24,27175.81,PAID_ON_TIME
RP0001951,LN200286,4,2026-07-23,27175.81,2026-07-22,27175.81,PAID_ON_TIME
RP0001952,LN200286,5,2026-08-23,27175.81,2026-08-20,27175.81,PAID_ON_TIME
RP0001953,LN200286,6,2026-09-23,27175.81,,0.0,NOT_DUE
RP0001954,LN200286,7,2026-10-23,27175.81,,0.0,NOT_DUE
RP0001955,LN200286,8,2026-11-23,27175.81,,0.0,NOT_DUE
RP0001956,LN200286,9,2026-12-23,27175.81,,0.0,NOT_DUE
RP0001957,LN200287,1,2025-09-08,42169.44,2025-09-08,42169.44,PAID_ON_TIME
RP0001958,LN200287,2,2025-10-08,42169.44,2025-10-07,42169.44,PAID_ON_TIME
RP0001959,LN200287,3,2025-11-08,42169.44,,0.0,UNPAID
RP0001960,LN200287,4,2025-12-08,42169.44,2025-12-08,42169.44,PAID_ON_TIME
RP0001961,LN200287,5,2026-01-08,42169.44,2026-01-08,42169.44,PAID_ON_TIME
RP0001962,LN200287,6,2026-02-08,42169.44,2026-02-07,42169.44,PAID_ON_TIME
RP0001963,LN200287,7,2026-03-08,42169.44,2026-03-09,42169.44,PAID_ON_TIME
RP0001964,LN200287,8,2026-04-08,42169.44,2026-06-05,42169.44,PAID_LATE
RP0001965,LN200287,9,2026-05-08,42169.44,2026-05-09,42169.44,PAID_ON_TIME
RP0001966,LN200288,1,2026-03-08,37760.25,2026-03-07,37760.25,PAID_ON_TIME
RP0001967,LN200288,2,2026-04-08,37760.25,2026-04-11,37760.25,PAID_ON_TIME
RP0001968,LN200288,3,2026-05-08,37760.25,2026-06-22,37760.25,PAID_LATE
RP0001969,LN200288,4,2026-06-08,37760.25,2026-06-08,37760.25,PAID_ON_TIME
RP0001970,LN200288,5,2026-07-08,37760.25,2026-07-11,37760.25,PAID_ON_TIME
RP0001971,LN200288,6,2026-08-08,37760.25,2026-08-09,37760.25,PAID_ON_TIME
RP0001972,LN200289,1,2026-08-29,137157.0,2026-08-30,137157.0,PAID_ON_TIME
RP0001973,LN200289,2,2026-09-29,137157.0,,0.0,NOT_DUE
RP0001974,LN200289,3,2026-10-29,137157.0,,0.0,NOT_DUE
RP0001975,LN200290,1,2026-03-11,13962.0,2026-03-11,13962.0,PAID_ON_TIME
RP0001976,LN200290,2,2026-04-11,13962.0,2026-04-09,13962.0,PAID_ON_TIME
RP0001977,LN200290,3,2026-05-11,13962.0,2026-05-08,13962.0,PAID_ON_TIME
RP0001978,LN200290,4,2026-06-11,13962.0,2026-06-15,13962.0,PAID_ON_TIME
RP0001979,LN200290,5,2026-07-11,13962.0,2026-07-10,13962.0,PAID_ON_TIME
RP0001980,LN200290,6,2026-08-11,13962.0,2026-08-21,13962.0,PAID_LATE
RP0001981,LN200290,7,2026-09-11,13962.0,,0.0,NOT_DUE
RP0001982,LN200290,8,2026-10-11,13962.0,,0.0,NOT_DUE
RP0001983,LN200290,9,2026-11-11,13962.0,,0.0,NOT_DUE
RP0001984,LN200291,1,2025-02-02,1684.11,2025-01-31,1684.11,PAID_ON_TIME
RP0001985,LN200291,2,2025-03-02,1684.11,2025-03-02,1684.11,PAID_ON_TIME
RP0001986,LN200291,3,2025-04-02,1684.11,2025-03-31,1684.11,PAID_ON_TIME
RP0001987,LN200291,4,2025-05-02,1684.11,2025-05-06,1684.11,PAID_ON_TIME
RP0001988,LN200291,5,2025-06-02,1684.11,2025-06-04,1684.11,PAID_ON_TIME
RP0001989,LN200291,6,2025-07-02,1684.11,2025-07-03,1684.11,PAID_ON_TIME
RP0001990,LN200291,7,2025-08-02,1684.11,2025-08-03,1684.11,PAID_ON_TIME
RP0001991,LN200291,8,2025-09-02,1684.11,2025-09-05,1684.11,PAID_ON_TIME
RP0001992,LN200291,9,2025-10-02,1684.11,2025-09-30,1684.11,PAID_ON_TIME
RP0001993,LN200291,10,2025-11-02,1684.11,2025-11-01,1684.11,PAID_ON_TIME
RP0001994,LN200291,11,2025-12-02,1684.11,2025-12-04,1684.11,PAID_ON_TIME
RP0001995,LN200291,12,2026-01-02,1684.11,2026-01-03,1684.11,PAID_ON_TIME
RP0001996,LN200291,13,2026-02-02,1684.11,2026-01-31,1684.11,PAID_ON_TIME
RP0001997,LN200291,14,2026-03-02,1684.11,2026-03-04,1684.11,PAID_ON_TIME
RP0001998,LN200291,15,2026-04-02,1684.11,2026-03-30,1684.11,PAID_ON_TIME
RP0001999,LN200291,16,2026-05-02,1684.11,2026-05-04,1684.11,PAID_ON_TIME
RP0002000,LN200291,17,2026-06-02,1684.11,2026-06-03,1684.11,PAID_ON_TIME
RP0002001,LN200291,18,2026-07-02,1684.11,2026-07-06,1684.11,PAID_ON_TIME
RP0002002,LN200292,1,2026-04-28,6878.33,2026-04-29,6878.33,PAID_ON_TIME
RP0002003,LN200292,2,2026-05-28,6878.33,2026-05-30,6878.33,PAID_ON_TIME
RP0002004,LN200292,3,2026-06-28,6878.33,2026-06-28,6878.33,PAID_ON_TIME
RP0002005,LN200293,1,2025-04-15,23556.0,,0.0,UNPAID
RP0002006,LN200293,2,2025-05-15,23556.0,2025-05-16,23556.0,PAID_ON_TIME
RP0002007,LN200293,3,2025-06-15,23556.0,2025-06-26,23556.0,PAID_LATE
RP0002008,LN200293,4,2025-07-15,23556.0,2025-07-15,23556.0,PAID_ON_TIME
RP0002009,LN200293,5,2025-08-15,23556.0,2025-08-17,23556.0,PAID_ON_TIME
RP0002010,LN200293,6,2025-09-15,23556.0,2025-09-15,23556.0,PAID_ON_TIME
RP0002011,LN200293,7,2025-10-15,23556.0,2025-10-18,23556.0,PAID_ON_TIME
RP0002012,LN200293,8,2025-11-15,23556.0,2025-11-15,23556.0,PAID_ON_TIME
RP0002013,LN200293,9,2025-12-15,23556.0,2026-01-27,23556.0,PAID_LATE
RP0002014,LN200293,10,2026-01-15,23556.0,2026-01-19,23556.0,PAID_ON_TIME
RP0002015,LN200293,11,2026-02-15,23556.0,2026-02-15,23556.0,PAID_ON_TIME
RP0002016,LN200293,12,2026-03-15,23556.0,2026-03-24,23556.0,PAID_LATE
RP0002017,LN200294,1,2026-03-02,18139.33,2026-02-27,18139.33,PAID_ON_TIME
RP0002018,LN200294,2,2026-04-02,18139.33,2026-04-06,18139.33,PAID_ON_TIME
RP0002019,LN200294,3,2026-05-02,18139.33,2026-06-19,18139.33,PAID_LATE
RP0002020,LN200294,4,2026-06-02,18139.33,2026-06-06,18139.33,PAID_ON_TIME
RP0002021,LN200294,5,2026-07-02,18139.33,2026-07-01,18139.33,PAID_ON_TIME
RP0002022,LN200294,6,2026-08-02,18139.33,2026-08-01,18139.33,PAID_ON_TIME
RP0002023,LN200294,7,2026-09-02,18139.33,,0.0,NOT_DUE
RP0002024,LN200294,8,2026-10-02,18139.33,,0.0,NOT_DUE
RP0002025,LN200294,9,2026-11-02,18139.33,,0.0,NOT_DUE
RP0002026,LN200294,10,2026-12-02,18139.33,,0.0,NOT_DUE
RP0002027,LN200294,11,2027-01-02,18139.33,,0.0,NOT_DUE
RP0002028,LN200294,12,2027-02-02,18139.33,,0.0,NOT_DUE
RP0002029,LN200295,1,2026-05-29,95311.08,2026-05-26,95311.08,PAID_ON_TIME
RP0002030,LN200295,2,2026-06-29,95311.08,2026-06-29,95311.08,PAID_ON_TIME
RP0002031,LN200295,3,2026-07-29,95311.08,2026-07-29,95311.08,PAID_ON_TIME
RP0002032,LN200296,1,2025-09-17,4014.14,2026-01-07,4014.14,PAID_LATE
RP0002033,LN200296,2,2025-10-17,4014.14,2025-10-15,4014.14,PAID_ON_TIME
RP0002034,LN200296,3,2025-11-17,4014.14,2025-11-17,4014.14,PAID_ON_TIME
RP0002035,LN200296,4,2025-12-17,4014.14,2025-12-20,4014.14,PAID_ON_TIME
RP0002036,LN200296,5,2026-01-17,4014.14,2026-01-21,4014.14,PAID_ON_TIME
RP0002037,LN200296,6,2026-02-17,4014.14,2026-02-20,4014.14,PAID_ON_TIME
RP0002038,LN200296,7,2026-03-17,4014.14,2026-03-14,4014.14,PAID_ON_TIME
RP0002039,LN200296,8,2026-04-17,4014.14,2026-04-14,4014.14,PAID_ON_TIME
RP0002040,LN200296,9,2026-05-17,4014.14,2026-05-20,4014.14,PAID_ON_TIME
RP0002041,LN200296,10,2026-06-17,4014.14,2026-06-20,4014.14,PAID_ON_TIME
RP0002042,LN200296,11,2026-07-17,4014.14,2026-07-17,4014.14,PAID_ON_TIME
RP0002043,LN200296,12,2026-08-17,4014.14,2026-08-16,4014.14,PAID_ON_TIME
RP0002044,LN200296,13,2026-09-17,4014.14,,0.0,NOT_DUE
RP0002045,LN200296,14,2026-10-17,4014.14,,0.0,NOT_DUE
RP0002046,LN200296,15,2026-11-17,4014.14,,0.0,NOT_DUE
RP0002047,LN200296,16,2026-12-17,4014.14,,0.0,NOT_DUE
RP0002048,LN200296,17,2027-01-17,4014.14,,0.0,NOT_DUE
RP0002049,LN200296,18,2027-02-17,4014.14,,0.0,NOT_DUE
RP0002050,LN200297,1,2025-11-23,18477.33,2026-02-04,18477.33,PAID_LATE
RP0002051,LN200297,2,2025-12-23,18477.33,2026-04-10,18477.33,PAID_LATE
RP0002052,LN200297,3,2026-01-23,18477.33,2026-01-26,18477.33,PAID_ON_TIME
RP0002053,LN200297,4,2026-02-23,18477.33,2026-02-20,18477.33,PAID_ON_TIME
RP0002054,LN200297,5,2026-03-23,18477.33,2026-03-20,18477.33,PAID_ON_TIME
RP0002055,LN200297,6,2026-04-23,18477.33,2026-04-24,18477.33,PAID_ON_TIME
RP0002056,LN200298,1,2025-03-16,1911.67,2025-03-15,1911.67,PAID_ON_TIME
RP0002057,LN200298,2,2025-04-16,1911.67,2025-04-19,1911.67,PAID_ON_TIME
RP0002058,LN200298,3,2025-05-16,1911.67,,0.0,UNPAID
RP0002059,LN200298,4,2025-06-16,1911.67,2025-06-15,1911.67,PAID_ON_TIME
RP0002060,LN200298,5,2025-07-16,1911.67,2025-07-19,1911.67,PAID_ON_TIME
RP0002061,LN200298,6,2025-08-16,1911.67,2025-08-17,1911.67,PAID_ON_TIME
RP0002062,LN200298,7,2025-09-16,1911.67,2025-09-18,1911.67,PAID_ON_TIME
RP0002063,LN200298,8,2025-10-16,1911.67,2025-10-20,1911.67,PAID_ON_TIME
RP0002064,LN200298,9,2025-11-16,1911.67,2025-11-18,1911.67,PAID_ON_TIME
RP0002065,LN200298,10,2025-12-16,1911.67,2025-12-19,1911.67,PAID_ON_TIME
RP0002066,LN200298,11,2026-01-16,1911.67,2026-01-15,1911.67,PAID_ON_TIME
RP0002067,LN200298,12,2026-02-16,1911.67,2026-02-13,1911.67,PAID_ON_TIME
RP0002068,LN200299,1,2025-12-04,54585.83,2026-01-01,54585.83,PAID_LATE
RP0002069,LN200299,2,2026-01-04,54585.83,2026-01-03,54585.83,PAID_ON_TIME
RP0002070,LN200299,3,2026-02-04,54585.83,2026-02-05,54585.83,PAID_ON_TIME
RP0002071,LN200300,1,2025-02-12,26115.83,2025-02-14,26115.83,PAID_ON_TIME
RP0002072,LN200300,2,2025-03-12,26115.83,2025-03-15,26115.83,PAID_ON_TIME
RP0002073,LN200300,3,2025-04-12,26115.83,2025-04-12,26115.83,PAID_ON_TIME
RP0002074,LN200301,1,2025-09-29,5122.44,2025-10-01,5122.44,PAID_ON_TIME
RP0002075,LN200301,2,2025-10-29,5122.44,2025-12-19,5122.44,PAID_LATE
RP0002076,LN200301,3,2025-11-29,5122.44,2025-12-01,5122.44,PAID_ON_TIME
RP0002077,LN200301,4,2025-12-29,5122.44,2025-12-27,5122.44,PAID_ON_TIME
RP0002078,LN200301,5,2026-01-29,5122.44,2026-02-02,5122.44,PAID_ON_TIME
RP0002079,LN200301,6,2026-02-28,5122.44,,0.0,UNPAID
RP0002080,LN200301,7,2026-03-29,5122.44,2026-03-28,5122.44,PAID_ON_TIME
RP0002081,LN200301,8,2026-04-29,5122.44,2026-05-03,5122.44,PAID_ON_TIME
RP0002082,LN200301,9,2026-05-29,5122.44,2026-05-31,5122.44,PAID_ON_TIME
RP0002083,LN200301,10,2026-06-29,5122.44,2026-07-02,5122.44,PAID_ON_TIME
RP0002084,LN200301,11,2026-07-29,5122.44,2026-08-02,5122.44,PAID_ON_TIME
RP0002085,LN200301,12,2026-08-29,5122.44,2026-08-29,5122.44,PAID_ON_TIME
RP0002086,LN200301,13,2026-09-29,5122.44,,0.0,NOT_DUE
RP0002087,LN200301,14,2026-10-29,5122.44,,0.0,NOT_DUE
RP0002088,LN200301,15,2026-11-29,5122.44,,0.0,NOT_DUE
RP0002089,LN200301,16,2026-12-29,5122.44,,0.0,NOT_DUE
RP0002090,LN200301,17,2027-01-29,5122.44,,0.0,NOT_DUE
RP0002091,LN200301,18,2027-02-28,5122.44,,0.0,NOT_DUE
RP0002092,LN200302,1,2025-03-13,12854.42,2025-05-13,12854.42,PAID_LATE
RP0002093,LN200302,2,2025-04-13,12854.42,2025-04-11,12854.42,PAID_ON_TIME
RP0002094,LN200302,3,2025-05-13,12854.42,2025-05-10,12854.42,PAID_ON_TIME
RP0002095,LN200303,1,2025-03-10,36950.5,2025-06-23,36950.5,PAID_LATE
RP0002096,LN200303,2,2025-04-10,36950.5,2025-04-12,36950.5,PAID_ON_TIME
RP0002097,LN200303,3,2025-05-10,36950.5,2025-05-13,36950.5,PAID_ON_TIME
RP0002098,LN200303,4,2025-06-10,36950.5,2025-06-23,36950.5,PAID_LATE
RP0002099,LN200303,5,2025-07-10,36950.5,2025-07-09,36950.5,PAID_ON_TIME
RP0002100,LN200303,6,2025-08-10,36950.5,2025-08-13,36950.5,PAID_ON_TIME
RP0002101,LN200304,1,2025-02-09,52997.33,2025-02-07,52997.33,PAID_ON_TIME
RP0002102,LN200304,2,2025-03-09,52997.33,2025-03-08,52997.33,PAID_ON_TIME
RP0002103,LN200304,3,2025-04-09,52997.33,2025-04-09,52997.33,PAID_ON_TIME
RP0002104,LN200305,1,2026-05-16,31627.5,2026-05-14,31627.5,PAID_ON_TIME
RP0002105,LN200305,2,2026-06-16,31627.5,2026-06-19,31627.5,PAID_ON_TIME
RP0002106,LN200305,3,2026-07-16,31627.5,2026-07-19,31627.5,PAID_ON_TIME
RP0002107,LN200306,1,2026-06-25,5572.83,2026-08-10,5572.83,PAID_LATE
RP0002108,LN200306,2,2026-07-25,5572.83,2026-07-29,5572.83,PAID_ON_TIME
RP0002109,LN200306,3,2026-08-25,5572.83,2026-08-28,5572.83,PAID_ON_TIME
RP0002110,LN200306,4,2026-09-25,5572.83,,0.0,NOT_DUE
RP0002111,LN200306,5,2026-10-25,5572.83,,0.0,NOT_DUE
RP0002112,LN200306,6,2026-11-25,5572.83,,0.0,NOT_DUE
RP0002113,LN200306,7,2026-12-25,5572.83,,0.0,NOT_DUE
RP0002114,LN200306,8,2027-01-25,5572.83,,0.0,NOT_DUE
RP0002115,LN200306,9,2027-02-25,5572.83,,0.0,NOT_DUE
RP0002116,LN200306,10,2027-03-25,5572.83,,0.0,NOT_DUE
RP0002117,LN200306,11,2027-04-25,5572.83,,0.0,NOT_DUE
RP0002118,LN200306,12,2027-05-25,5572.83,,0.0,NOT_DUE
RP0002119,LN200308,1,2025-08-09,2902.42,2025-08-12,2902.42,PAID_ON_TIME
RP0002120,LN200308,2,2025-09-09,2902.42,2025-09-12,2902.42,PAID_ON_TIME
RP0002121,LN200308,3,2025-10-09,2902.42,2025-10-11,2902.42,PAID_ON_TIME
RP0002122,LN200308,4,2025-11-09,2902.42,2025-11-09,2902.42,PAID_ON_TIME
RP0002123,LN200308,5,2025-12-09,2902.42,2025-12-08,2902.42,PAID_ON_TIME
RP0002124,LN200308,6,2026-01-09,2902.42,2026-01-13,2902.42,PAID_ON_TIME
RP0002125,LN200308,7,2026-02-09,2902.42,2026-02-13,2902.42,PAID_ON_TIME
RP0002126,LN200308,8,2026-03-09,2902.42,2026-03-07,2902.42,PAID_ON_TIME
RP0002127,LN200308,9,2026-04-09,2902.42,,0.0,UNPAID
RP0002128,LN200308,10,2026-05-09,2902.42,2026-05-11,2902.42,PAID_ON_TIME
RP0002129,LN200308,11,2026-06-09,2902.42,2026-06-06,2902.42,PAID_ON_TIME
RP0002130,LN200308,12,2026-07-09,2902.42,2026-07-12,2902.42,PAID_ON_TIME
RP0002131,LN200309,1,2025-07-02,22484.58,2025-08-20,22484.58,PAID_LATE
RP0002132,LN200309,2,2025-08-02,22484.58,2025-07-30,22484.58,PAID_ON_TIME
RP0002133,LN200309,3,2025-09-02,22484.58,2025-09-03,22484.58,PAID_ON_TIME
RP0002134,LN200310,1,2025-12-27,8835.56,2025-12-26,8835.56,PAID_ON_TIME
RP0002135,LN200310,2,2026-01-27,8835.56,2026-01-29,8835.56,PAID_ON_TIME
RP0002136,LN200310,3,2026-02-27,8835.56,2026-02-25,8835.56,PAID_ON_TIME
RP0002137,LN200310,4,2026-03-27,8835.56,2026-03-30,8835.56,PAID_ON_TIME
RP0002138,LN200310,5,2026-04-27,8835.56,2026-04-24,8835.56,PAID_ON_TIME
RP0002139,LN200310,6,2026-05-27,8835.56,2026-05-30,8835.56,PAID_ON_TIME
RP0002140,LN200310,7,2026-06-27,8835.56,2026-06-26,8835.56,PAID_ON_TIME
RP0002141,LN200310,8,2026-07-27,8835.56,2026-07-30,8835.56,PAID_ON_TIME
RP0002142,LN200310,9,2026-08-27,8835.56,,0.0,UNPAID
RP0002143,LN200311,1,2025-04-27,8540.67,2025-04-26,8540.67,PAID_ON_TIME
RP0002144,LN200311,2,2025-05-27,8540.67,2025-08-14,8540.67,PAID_LATE
RP0002145,LN200311,3,2025-06-27,8540.67,2025-06-28,8540.67,PAID_ON_TIME
RP0002146,LN200311,4,2025-07-27,8540.67,2025-07-30,8540.67,PAID_ON_TIME
RP0002147,LN200311,5,2025-08-27,8540.67,,0.0,UNPAID
RP0002148,LN200311,6,2025-09-27,8540.67,2025-09-30,8540.67,PAID_ON_TIME
RP0002149,LN200312,1,2025-09-10,9498.75,2025-09-14,9498.75,PAID_ON_TIME
RP0002150,LN200312,2,2025-10-10,9498.75,2025-10-08,9498.75,PAID_ON_TIME
RP0002151,LN200312,3,2025-11-10,9498.75,2025-11-10,9498.75,PAID_ON_TIME
RP0002152,LN200312,4,2025-12-10,9498.75,2025-12-12,9498.75,PAID_ON_TIME
RP0002153,LN200312,5,2026-01-10,9498.75,2026-01-13,9498.75,PAID_ON_TIME
RP0002154,LN200312,6,2026-02-10,9498.75,2026-04-26,9498.75,PAID_LATE
RP0002155,LN200313,1,2026-06-17,18694.0,2026-06-21,18694.0,PAID_ON_TIME
RP0002156,LN200313,2,2026-07-17,18694.0,2026-07-16,18694.0,PAID_ON_TIME
RP0002157,LN200313,3,2026-08-17,18694.0,2026-08-16,18694.0,PAID_ON_TIME
RP0002158,LN200313,4,2026-09-17,18694.0,,0.0,NOT_DUE
RP0002159,LN200313,5,2026-10-17,18694.0,,0.0,NOT_DUE
RP0002160,LN200313,6,2026-11-17,18694.0,,0.0,NOT_DUE
RP0002161,LN200315,1,2026-08-24,3086.11,2026-08-27,3086.11,PAID_ON_TIME
RP0002162,LN200315,2,2026-09-24,3086.11,,0.0,NOT_DUE
RP0002163,LN200315,3,2026-10-24,3086.11,,0.0,NOT_DUE
RP0002164,LN200315,4,2026-11-24,3086.11,,0.0,NOT_DUE
RP0002165,LN200315,5,2026-12-24,3086.11,,0.0,NOT_DUE
RP0002166,LN200315,6,2027-01-24,3086.11,,0.0,NOT_DUE
RP0002167,LN200315,7,2027-02-24,3086.11,,0.0,NOT_DUE
RP0002168,LN200315,8,2027-03-24,3086.11,,0.0,NOT_DUE
RP0002169,LN200315,9,2027-04-24,3086.11,,0.0,NOT_DUE
RP0002170,LN200316,1,2026-01-15,3360.5,2026-01-15,3360.5,PAID_ON_TIME
RP0002171,LN200316,2,2026-02-15,3360.5,2026-02-14,3360.5,PAID_ON_TIME
RP0002172,LN200316,3,2026-03-15,3360.5,2026-03-17,3360.5,PAID_ON_TIME
RP0002173,LN200316,4,2026-04-15,3360.5,2026-04-18,3360.5,PAID_ON_TIME
RP0002174,LN200316,5,2026-05-15,3360.5,2026-05-19,3360.5,PAID_ON_TIME
RP0002175,LN200316,6,2026-06-15,3360.5,2026-06-17,3360.5,PAID_ON_TIME
RP0002176,LN200316,7,2026-07-15,3360.5,2026-07-12,3360.5,PAID_ON_TIME
RP0002177,LN200316,8,2026-08-15,3360.5,2026-08-13,3360.5,PAID_ON_TIME
RP0002178,LN200316,9,2026-09-15,3360.5,,0.0,NOT_DUE
RP0002179,LN200316,10,2026-10-15,3360.5,,0.0,NOT_DUE
RP0002180,LN200316,11,2026-11-15,3360.5,,0.0,NOT_DUE
RP0002181,LN200316,12,2026-12-15,3360.5,,0.0,NOT_DUE
RP0002182,LN200317,1,2025-08-22,28771.56,2025-08-23,28771.56,PAID_ON_TIME
RP0002183,LN200317,2,2025-09-22,28771.56,2025-09-19,28771.56,PAID_ON_TIME
RP0002184,LN200317,3,2025-10-22,28771.56,2025-10-21,28771.56,PAID_ON_TIME
RP0002185,LN200317,4,2025-11-22,28771.56,2025-11-22,28771.56,PAID_ON_TIME
RP0002186,LN200317,5,2025-12-22,28771.56,2025-12-26,28771.56,PAID_ON_TIME
RP0002187,LN200317,6,2026-01-22,28771.56,2026-01-25,28771.56,PAID_ON_TIME
RP0002188,LN200317,7,2026-02-22,28771.56,2026-02-26,28771.56,PAID_ON_TIME
RP0002189,LN200317,8,2026-03-22,28771.56,2026-03-26,28771.56,PAID_ON_TIME
RP0002190,LN200317,9,2026-04-22,28771.56,2026-08-05,28771.56,PAID_LATE
RP0002191,LN200318,1,2026-07-10,22574.25,2026-07-11,22574.25,PAID_ON_TIME
RP0002192,LN200318,2,2026-08-10,22574.25,2026-08-09,22574.25,PAID_ON_TIME
RP0002193,LN200318,3,2026-09-10,22574.25,,0.0,NOT_DUE
RP0002194,LN200318,4,2026-10-10,22574.25,,0.0,NOT_DUE
RP0002195,LN200318,5,2026-11-10,22574.25,,0.0,NOT_DUE
RP0002196,LN200318,6,2026-12-10,22574.25,,0.0,NOT_DUE
RP0002197,LN200318,7,2027-01-10,22574.25,,0.0,NOT_DUE
RP0002198,LN200318,8,2027-02-10,22574.25,,0.0,NOT_DUE
RP0002199,LN200318,9,2027-03-10,22574.25,,0.0,NOT_DUE
RP0002200,LN200318,10,2027-04-10,22574.25,,0.0,NOT_DUE
RP0002201,LN200318,11,2027-05-10,22574.25,,0.0,NOT_DUE
RP0002202,LN200318,12,2027-06-10,22574.25,,0.0,NOT_DUE
RP0002203,LN200319,1,2025-08-23,13552.5,2025-08-23,13552.5,PAID_ON_TIME
RP0002204,LN200319,2,2025-09-23,13552.5,2025-10-26,13552.5,PAID_LATE
RP0002205,LN200319,3,2025-10-23,13552.5,2025-10-26,13552.5,PAID_ON_TIME
RP0002206,LN200319,4,2025-11-23,13552.5,2025-11-23,13552.5,PAID_ON_TIME
RP0002207,LN200319,5,2025-12-23,13552.5,2026-04-03,13552.5,PAID_LATE
RP0002208,LN200319,6,2026-01-23,13552.5,2026-02-02,13552.5,PAID_LATE
RP0002209,LN200319,7,2026-02-23,13552.5,2026-02-23,13552.5,PAID_ON_TIME
RP0002210,LN200319,8,2026-03-23,13552.5,2026-05-22,13552.5,PAID_LATE
RP0002211,LN200319,9,2026-04-23,13552.5,2026-04-26,13552.5,PAID_ON_TIME
RP0002212,LN200319,10,2026-05-23,13552.5,2026-05-21,13552.5,PAID_ON_TIME
RP0002213,LN200319,11,2026-06-23,13552.5,2026-08-30,13552.5,PAID_LATE
RP0002214,LN200319,12,2026-07-23,13552.5,2026-07-20,13552.5,PAID_ON_TIME
RP0002215,LN200320,1,2025-11-11,29624.0,2025-11-14,29624.0,PAID_ON_TIME
RP0002216,LN200320,2,2025-12-11,29624.0,2025-12-13,29624.0,PAID_ON_TIME
RP0002217,LN200320,3,2026-01-11,29624.0,2026-01-08,29624.0,PAID_ON_TIME
RP0002218,LN200320,4,2026-02-11,29624.0,2026-02-09,29624.0,PAID_ON_TIME
RP0002219,LN200320,5,2026-03-11,29624.0,2026-03-08,29624.0,PAID_ON_TIME
RP0002220,LN200320,6,2026-04-11,29624.0,2026-04-10,29624.0,PAID_ON_TIME
RP0002221,LN200321,1,2025-04-22,4609.97,,0.0,UNPAID
RP0002222,LN200321,2,2025-05-22,4609.97,2025-05-21,4609.97,PAID_ON_TIME
RP0002223,LN200321,3,2025-06-22,4609.97,2025-06-26,4609.97,PAID_ON_TIME
RP0002224,LN200321,4,2025-07-22,4609.97,2025-07-20,4609.97,PAID_ON_TIME
RP0002225,LN200321,5,2025-08-22,4609.97,2025-08-19,4609.97,PAID_ON_TIME
RP0002226,LN200321,6,2025-09-22,4609.97,2025-09-21,4609.97,PAID_ON_TIME
RP0002227,LN200321,7,2025-10-22,4609.97,2025-10-20,4609.97,PAID_ON_TIME
RP0002228,LN200321,8,2025-11-22,4609.97,2025-12-10,4609.97,PAID_LATE
RP0002229,LN200321,9,2025-12-22,4609.97,2025-12-19,4609.97,PAID_ON_TIME
RP0002230,LN200321,10,2026-01-22,4609.97,2026-01-24,4609.97,PAID_ON_TIME
RP0002231,LN200321,11,2026-02-22,4609.97,2026-02-22,4609.97,PAID_ON_TIME
RP0002232,LN200321,12,2026-03-22,4609.97,2026-03-20,4609.97,PAID_ON_TIME
RP0002233,LN200321,13,2026-04-22,4609.97,2026-04-22,4609.97,PAID_ON_TIME
RP0002234,LN200321,14,2026-05-22,4609.97,2026-05-19,4609.97,PAID_ON_TIME
RP0002235,LN200321,15,2026-06-22,4609.97,2026-06-24,4609.97,PAID_ON_TIME
RP0002236,LN200321,16,2026-07-22,4609.97,2026-07-24,4609.97,PAID_ON_TIME
RP0002237,LN200321,17,2026-08-22,4609.97,2026-08-25,4609.97,PAID_ON_TIME
RP0002238,LN200321,18,2026-09-22,4609.97,,0.0,NOT_DUE
RP0002239,LN200322,1,2025-09-11,30786.58,2025-09-08,30786.58,PAID_ON_TIME
RP0002240,LN200322,2,2025-10-11,30786.58,2025-10-25,30786.58,PAID_LATE
RP0002241,LN200322,3,2025-11-11,30786.58,2025-11-12,30786.58,PAID_ON_TIME
RP0002242,LN200323,1,2025-12-22,21245.25,2025-12-24,21245.25,PAID_ON_TIME
RP0002243,LN200323,2,2026-01-22,21245.25,2026-01-25,21245.25,PAID_ON_TIME
RP0002244,LN200323,3,2026-02-22,21245.25,2026-02-23,21245.25,PAID_ON_TIME
RP0002245,LN200323,4,2026-03-22,21245.25,2026-05-17,21245.25,PAID_LATE
RP0002246,LN200323,5,2026-04-22,21245.25,2026-04-24,21245.25,PAID_ON_TIME
RP0002247,LN200323,6,2026-05-22,21245.25,2026-05-20,21245.25,PAID_ON_TIME
RP0002248,LN200324,1,2026-01-22,10987.78,2026-01-25,10987.78,PAID_ON_TIME
RP0002249,LN200324,2,2026-02-22,10987.78,2026-02-21,10987.78,PAID_ON_TIME
RP0002250,LN200324,3,2026-03-22,10987.78,2026-03-25,10987.78,PAID_ON_TIME
RP0002251,LN200324,4,2026-04-22,10987.78,2026-04-25,10987.78,PAID_ON_TIME
RP0002252,LN200324,5,2026-05-22,10987.78,2026-07-15,10987.78,PAID_LATE
RP0002253,LN200324,6,2026-06-22,10987.78,2026-06-20,10987.78,PAID_ON_TIME
RP0002254,LN200324,7,2026-07-22,10987.78,2026-07-26,10987.78,PAID_ON_TIME
RP0002255,LN200324,8,2026-08-22,10987.78,2026-08-21,10987.78,PAID_ON_TIME
RP0002256,LN200324,9,2026-09-22,10987.78,,0.0,NOT_DUE
RP0002257,LN200325,1,2026-08-28,7844.72,2026-09-01,7844.72,PAID_ON_TIME
RP0002258,LN200325,2,2026-09-28,7844.72,,0.0,NOT_DUE
RP0002259,LN200325,3,2026-10-28,7844.72,,0.0,NOT_DUE
RP0002260,LN200325,4,2026-11-28,7844.72,,0.0,NOT_DUE
RP0002261,LN200325,5,2026-12-28,7844.72,,0.0,NOT_DUE
RP0002262,LN200325,6,2027-01-28,7844.72,,0.0,NOT_DUE
RP0002263,LN200325,7,2027-02-28,7844.72,,0.0,NOT_DUE
RP0002264,LN200325,8,2027-03-28,7844.72,,0.0,NOT_DUE
RP0002265,LN200325,9,2027-04-28,7844.72,,0.0,NOT_DUE
RP0002266,LN200327,1,2025-12-29,19520.94,2025-12-31,19520.94,PAID_ON_TIME
RP0002267,LN200327,2,2026-01-29,19520.94,2026-01-31,19520.94,PAID_ON_TIME
RP0002268,LN200327,3,2026-02-28,19520.94,2026-03-03,19520.94,PAID_ON_TIME
RP0002269,LN200327,4,2026-03-29,19520.94,2026-04-01,19520.94,PAID_ON_TIME
RP0002270,LN200327,5,2026-04-29,19520.94,2026-04-30,19520.94,PAID_ON_TIME
RP0002271,LN200327,6,2026-05-29,19520.94,2026-05-29,19520.94,PAID_ON_TIME
RP0002272,LN200327,7,2026-06-29,19520.94,2026-06-29,19520.94,PAID_ON_TIME
RP0002273,LN200327,8,2026-07-29,19520.94,2026-07-30,19520.94,PAID_ON_TIME
RP0002274,LN200327,9,2026-08-29,19520.94,2026-08-26,19520.94,PAID_ON_TIME
RP0002275,LN200328,1,2026-07-03,12777.33,2026-07-05,12777.33,PAID_ON_TIME
RP0002276,LN200328,2,2026-08-03,12777.33,2026-08-05,12777.33,PAID_ON_TIME
RP0002277,LN200328,3,2026-09-03,12777.33,,0.0,NOT_DUE
RP0002278,LN200329,1,2025-11-23,37632.25,2025-11-25,37632.25,PAID_ON_TIME
RP0002279,LN200329,2,2025-12-23,37632.25,2025-12-22,37632.25,PAID_ON_TIME
RP0002280,LN200329,3,2026-01-23,37632.25,2026-01-22,37632.25,PAID_ON_TIME
RP0002281,LN200330,1,2025-03-25,30442.5,2025-03-28,30442.5,PAID_ON_TIME
RP0002282,LN200330,2,2025-04-25,30442.5,2025-04-25,30442.5,PAID_ON_TIME
RP0002283,LN200330,3,2025-05-25,30442.5,,0.0,UNPAID
RP0002284,LN200330,4,2025-06-25,30442.5,2025-06-26,30442.5,PAID_ON_TIME
RP0002285,LN200330,5,2025-07-25,30442.5,2025-07-23,30442.5,PAID_ON_TIME
RP0002286,LN200330,6,2025-08-25,30442.5,2025-08-26,30442.5,PAID_ON_TIME
RP0002287,LN200331,1,2026-05-21,2562.22,2026-05-24,2562.22,PAID_ON_TIME
RP0002288,LN200331,2,2026-06-21,2562.22,,0.0,UNPAID
RP0002289,LN200331,3,2026-07-21,2562.22,2026-07-21,2562.22,PAID_ON_TIME
RP0002290,LN200331,4,2026-08-21,2562.22,2026-08-25,2562.22,PAID_ON_TIME
RP0002291,LN200331,5,2026-09-21,2562.22,,0.0,NOT_DUE
RP0002292,LN200331,6,2026-10-21,2562.22,,0.0,NOT_DUE
RP0002293,LN200331,7,2026-11-21,2562.22,,0.0,NOT_DUE
RP0002294,LN200331,8,2026-12-21,2562.22,,0.0,NOT_DUE
RP0002295,LN200331,9,2027-01-21,2562.22,,0.0,NOT_DUE
RP0002296,LN200332,1,2026-03-10,107944.0,2026-03-09,107944.0,PAID_ON_TIME
RP0002297,LN200332,2,2026-04-10,107944.0,2026-06-19,107944.0,PAID_LATE
RP0002298,LN200332,3,2026-05-10,107944.0,2026-05-13,107944.0,PAID_ON_TIME
RP0002299,LN200333,1,2025-07-19,3623.33,2025-08-07,3623.33,PAID_LATE
RP0002300,LN200333,2,2025-08-19,3623.33,2025-08-17,3623.33,PAID_ON_TIME
RP0002301,LN200333,3,2025-09-19,3623.33,2025-09-17,3623.33,PAID_ON_TIME
RP0002302,LN200333,4,2025-10-19,3623.33,2025-10-18,3623.33,PAID_ON_TIME
RP0002303,LN200333,5,2025-11-19,3623.33,2025-11-18,3623.33,PAID_ON_TIME
RP0002304,LN200333,6,2025-12-19,3623.33,2025-12-20,3623.33,PAID_ON_TIME
RP0002305,LN200334,1,2025-08-23,6363.67,,0.0,UNPAID
RP0002306,LN200334,2,2025-09-23,6363.67,2025-09-22,6363.67,PAID_ON_TIME
RP0002307,LN200334,3,2025-10-23,6363.67,2026-02-19,6363.67,PAID_LATE
RP0002308,LN200334,4,2025-11-23,6363.67,2025-11-27,6363.67,PAID_LATE
RP0002309,LN200334,5,2025-12-23,6363.67,2025-12-23,6363.67,PAID_ON_TIME
RP0002310,LN200334,6,2026-01-23,6363.67,2026-04-23,6363.67,PAID_LATE
RP0002311,LN200334,7,2026-02-23,6363.67,2026-02-27,6363.67,PAID_ON_TIME
RP0002312,LN200334,8,2026-03-23,6363.67,2026-03-24,6363.67,PAID_ON_TIME
RP0002313,LN200334,9,2026-04-23,6363.67,2026-04-21,6363.67,PAID_ON_TIME
RP0002314,LN200334,10,2026-05-23,6363.67,2026-05-26,6363.67,PAID_ON_TIME
RP0002315,LN200334,11,2026-06-23,6363.67,2026-06-27,6363.67,PAID_ON_TIME
RP0002316,LN200334,12,2026-07-23,6363.67,,0.0,UNPAID
RP0002317,LN200335,1,2025-12-02,12095.36,2025-12-01,12095.36,PAID_ON_TIME
RP0002318,LN200335,2,2026-01-02,12095.36,2025-12-31,12095.36,PAID_ON_TIME
RP0002319,LN200335,3,2026-02-02,12095.36,2026-01-31,12095.36,PAID_ON_TIME
RP0002320,LN200335,4,2026-03-02,12095.36,2026-02-28,12095.36,PAID_ON_TIME
RP0002321,LN200335,5,2026-04-02,12095.36,2026-04-06,12095.36,PAID_ON_TIME
RP0002322,LN200335,6,2026-05-02,12095.36,2026-07-28,12095.36,PAID_LATE
RP0002323,LN200335,7,2026-06-02,12095.36,2026-05-30,12095.36,PAID_ON_TIME
RP0002324,LN200335,8,2026-07-02,12095.36,2026-07-03,12095.36,PAID_ON_TIME
RP0002325,LN200335,9,2026-08-02,12095.36,2026-08-03,12095.36,PAID_ON_TIME
RP0002326,LN200336,1,2026-06-13,33507.44,2026-06-10,33507.44,PAID_ON_TIME
RP0002327,LN200336,2,2026-07-13,33507.44,2026-07-13,33507.44,PAID_ON_TIME
RP0002328,LN200336,3,2026-08-13,33507.44,2026-08-10,33507.44,PAID_ON_TIME
RP0002329,LN200336,4,2026-09-13,33507.44,,0.0,NOT_DUE
RP0002330,LN200336,5,2026-10-13,33507.44,,0.0,NOT_DUE
RP0002331,LN200336,6,2026-11-13,33507.44,,0.0,NOT_DUE
RP0002332,LN200336,7,2026-12-13,33507.44,,0.0,NOT_DUE
RP0002333,LN200336,8,2027-01-13,33507.44,,0.0,NOT_DUE
RP0002334,LN200336,9,2027-02-13,33507.44,,0.0,NOT_DUE
RP0002335,LN200337,1,2026-02-15,15510.0,2026-02-13,15510.0,PAID_ON_TIME
RP0002336,LN200337,2,2026-03-15,15510.0,2026-03-13,15510.0,PAID_ON_TIME
RP0002337,LN200337,3,2026-04-15,15510.0,2026-04-12,15510.0,PAID_ON_TIME
RP0002338,LN200339,1,2026-07-27,10380.0,2026-07-30,10380.0,PAID_ON_TIME
RP0002339,LN200339,2,2026-08-27,10380.0,2026-08-30,10380.0,PAID_ON_TIME
RP0002340,LN200339,3,2026-09-27,10380.0,,0.0,NOT_DUE
RP0002341,LN200341,1,2025-04-25,2864.28,2025-04-28,2864.28,PAID_ON_TIME
RP0002342,LN200341,2,2025-05-25,2864.28,2025-05-28,2864.28,PAID_ON_TIME
RP0002343,LN200341,3,2025-06-25,2864.28,2025-06-26,2864.28,PAID_ON_TIME
RP0002344,LN200341,4,2025-07-25,2864.28,,0.0,UNPAID
RP0002345,LN200341,5,2025-08-25,2864.28,2025-08-24,2864.28,PAID_ON_TIME
RP0002346,LN200341,6,2025-09-25,2864.28,2025-09-22,2864.28,PAID_ON_TIME
RP0002347,LN200341,7,2025-10-25,2864.28,2025-10-25,2864.28,PAID_ON_TIME
RP0002348,LN200341,8,2025-11-25,2864.28,2026-01-03,2864.28,PAID_LATE
RP0002349,LN200341,9,2025-12-25,2864.28,2025-12-28,2864.28,PAID_ON_TIME
RP0002350,LN200342,1,2026-02-07,38226.17,2026-03-17,38226.17,PAID_LATE
RP0002351,LN200342,2,2026-03-07,38226.17,2026-03-11,38226.17,PAID_ON_TIME
RP0002352,LN200342,3,2026-04-07,38226.17,2026-04-06,38226.17,PAID_ON_TIME
RP0002353,LN200342,4,2026-05-07,38226.17,2026-05-07,38226.17,PAID_ON_TIME
RP0002354,LN200342,5,2026-06-07,38226.17,2026-06-04,38226.17,PAID_ON_TIME
RP0002355,LN200342,6,2026-07-07,38226.17,2026-07-11,38226.17,PAID_ON_TIME
RP0002356,LN200343,1,2025-03-11,3613.33,2025-03-08,3613.33,PAID_ON_TIME
RP0002357,LN200343,2,2025-04-11,3613.33,2025-04-12,3613.33,PAID_ON_TIME
RP0002358,LN200343,3,2025-05-11,3613.33,2025-05-12,3613.33,PAID_ON_TIME
RP0002359,LN200343,4,2025-06-11,3613.33,2025-06-14,3613.33,PAID_ON_TIME
RP0002360,LN200343,5,2025-07-11,3613.33,2025-07-12,3613.33,PAID_ON_TIME
RP0002361,LN200343,6,2025-08-11,3613.33,2025-08-12,3613.33,PAID_ON_TIME
RP0002362,LN200344,1,2026-01-24,14173.94,2026-01-28,14173.94,PAID_ON_TIME
RP0002363,LN200344,2,2026-02-24,14173.94,2026-02-26,14173.94,PAID_ON_TIME
RP0002364,LN200344,3,2026-03-24,14173.94,2026-03-23,14173.94,PAID_ON_TIME
RP0002365,LN200344,4,2026-04-24,14173.94,2026-04-28,14173.94,PAID_ON_TIME
RP0002366,LN200344,5,2026-05-24,14173.94,2026-05-28,14173.94,PAID_ON_TIME
RP0002367,LN200344,6,2026-06-24,14173.94,,0.0,UNPAID
RP0002368,LN200344,7,2026-07-24,14173.94,,0.0,UNPAID
RP0002369,LN200344,8,2026-08-24,14173.94,2026-08-24,14173.94,PAID_ON_TIME
RP0002370,LN200344,9,2026-09-24,14173.94,,0.0,NOT_DUE
RP0002371,LN200344,10,2026-10-24,14173.94,,0.0,NOT_DUE
RP0002372,LN200344,11,2026-11-24,14173.94,,0.0,NOT_DUE
RP0002373,LN200344,12,2026-12-24,14173.94,,0.0,NOT_DUE
RP0002374,LN200344,13,2027-01-24,14173.94,,0.0,NOT_DUE
RP0002375,LN200344,14,2027-02-24,14173.94,,0.0,NOT_DUE
RP0002376,LN200344,15,2027-03-24,14173.94,,0.0,NOT_DUE
RP0002377,LN200344,16,2027-04-24,14173.94,,0.0,NOT_DUE
RP0002378,LN200344,17,2027-05-24,14173.94,,0.0,NOT_DUE
RP0002379,LN200344,18,2027-06-24,14173.94,,0.0,NOT_DUE
RP0002380,LN200345,1,2025-02-28,10069.89,2025-03-04,10069.89,PAID_ON_TIME
RP0002381,LN200345,2,2025-03-28,10069.89,2025-03-31,10069.89,PAID_ON_TIME
RP0002382,LN200345,3,2025-04-28,10069.89,2025-04-25,10069.89,PAID_ON_TIME
RP0002383,LN200345,4,2025-05-28,10069.89,2025-06-01,10069.89,PAID_ON_TIME
RP0002384,LN200345,5,2025-06-28,10069.89,2025-06-30,10069.89,PAID_ON_TIME
RP0002385,LN200345,6,2025-07-28,10069.89,2025-07-31,10069.89,PAID_ON_TIME
RP0002386,LN200345,7,2025-08-28,10069.89,2025-08-29,10069.89,PAID_ON_TIME
RP0002387,LN200345,8,2025-09-28,10069.89,2025-09-27,10069.89,PAID_ON_TIME
RP0002388,LN200345,9,2025-10-28,10069.89,2026-02-04,10069.89,PAID_LATE
RP0002389,LN200346,1,2025-10-05,3497.08,2025-10-09,3497.08,PAID_ON_TIME
RP0002390,LN200346,2,2025-11-05,3497.08,2025-11-09,3497.08,PAID_ON_TIME
RP0002391,LN200346,3,2025-12-05,3497.08,2026-03-29,3497.08,PAID_LATE
RP0002392,LN200346,4,2026-01-05,3497.08,2026-01-06,3497.08,PAID_ON_TIME
RP0002393,LN200346,5,2026-02-05,3497.08,2026-02-08,3497.08,PAID_ON_TIME
RP0002394,LN200346,6,2026-03-05,3497.08,2026-03-03,3497.08,PAID_ON_TIME
RP0002395,LN200346,7,2026-04-05,3497.08,2026-04-09,3497.08,PAID_ON_TIME
RP0002396,LN200346,8,2026-05-05,3497.08,2026-07-26,3497.08,PAID_LATE
RP0002397,LN200346,9,2026-06-05,3497.08,2026-06-06,3497.08,PAID_ON_TIME
RP0002398,LN200346,10,2026-07-05,3497.08,2026-07-06,3497.08,PAID_ON_TIME
RP0002399,LN200346,11,2026-08-05,3497.08,,0.0,UNPAID
RP0002400,LN200346,12,2026-09-05,3497.08,,0.0,NOT_DUE
RP0002401,LN200347,1,2025-09-13,34534.5,2025-09-10,34534.5,PAID_ON_TIME
RP0002402,LN200347,2,2025-10-13,34534.5,2025-10-16,34534.5,PAID_ON_TIME
RP0002403,LN200347,3,2025-11-13,34534.5,2025-11-12,34534.5,PAID_ON_TIME
RP0002404,LN200348,1,2025-07-14,7075.25,2025-07-18,7075.25,PAID_ON_TIME
RP0002405,LN200348,2,2025-08-14,7075.25,2025-08-18,7075.25,PAID_ON_TIME
RP0002406,LN200348,3,2025-09-14,7075.25,2025-09-13,7075.25,PAID_ON_TIME
RP0002407,LN200348,4,2025-10-14,7075.25,2025-10-11,7075.25,PAID_ON_TIME
RP0002408,LN200348,5,2025-11-14,7075.25,2025-11-12,7075.25,PAID_ON_TIME
RP0002409,LN200348,6,2025-12-14,7075.25,2025-12-17,7075.25,PAID_ON_TIME
RP0002410,LN200349,1,2025-07-02,13953.5,2025-10-17,13953.5,PAID_LATE
RP0002411,LN200349,2,2025-08-02,13953.5,2025-08-01,13953.5,PAID_ON_TIME
RP0002412,LN200349,3,2025-09-02,13953.5,2025-08-31,13953.5,PAID_ON_TIME
RP0002413,LN200349,4,2025-10-02,13953.5,2025-09-29,13953.5,PAID_ON_TIME
RP0002414,LN200349,5,2025-11-02,13953.5,2025-11-05,13953.5,PAID_ON_TIME
RP0002415,LN200349,6,2025-12-02,13953.5,2026-01-03,13953.5,PAID_LATE
RP0002416,LN200349,7,2026-01-02,13953.5,2025-12-31,13953.5,PAID_ON_TIME
RP0002417,LN200349,8,2026-02-02,13953.5,2026-01-31,13953.5,PAID_ON_TIME
RP0002418,LN200349,9,2026-03-02,13953.5,,0.0,UNPAID
RP0002419,LN200349,10,2026-04-02,13953.5,2026-04-01,13953.5,PAID_ON_TIME
RP0002420,LN200349,11,2026-05-02,13953.5,2026-07-12,13953.5,PAID_LATE
RP0002421,LN200349,12,2026-06-02,13953.5,,0.0,UNPAID
RP0002422,LN200349,13,2026-07-02,13953.5,2026-07-03,13953.5,PAID_ON_TIME
RP0002423,LN200349,14,2026-08-02,13953.5,2026-07-30,13953.5,PAID_ON_TIME
RP0002424,LN200349,15,2026-09-02,13953.5,,0.0,NOT_DUE
RP0002425,LN200349,16,2026-10-02,13953.5,,0.0,NOT_DUE
RP0002426,LN200349,17,2026-11-02,13953.5,,0.0,NOT_DUE
RP0002427,LN200349,18,2026-12-02,13953.5,,0.0,NOT_DUE
RP0002428,LN200350,1,2025-09-11,20604.44,,0.0,UNPAID
RP0002429,LN200350,2,2025-10-11,20604.44,2025-10-15,20604.44,PAID_ON_TIME
RP0002430,LN200350,3,2025-11-11,20604.44,2025-11-15,20604.44,PAID_ON_TIME
RP0002431,LN200350,4,2025-12-11,20604.44,2025-12-13,20604.44,PAID_ON_TIME
RP0002432,LN200350,5,2026-01-11,20604.44,2026-01-12,20604.44,PAID_ON_TIME
RP0002433,LN200350,6,2026-02-11,20604.44,2026-02-09,20604.44,PAID_ON_TIME
RP0002434,LN200350,7,2026-03-11,20604.44,2026-03-08,20604.44,PAID_ON_TIME
RP0002435,LN200350,8,2026-04-11,20604.44,2026-04-12,20604.44,PAID_ON_TIME
RP0002436,LN200350,9,2026-05-11,20604.44,2026-05-14,20604.44,PAID_ON_TIME
RP0002437,LN200351,1,2026-07-03,14100.0,2026-07-02,14100.0,PAID_ON_TIME
RP0002438,LN200351,2,2026-08-03,14100.0,2026-08-03,14100.0,PAID_ON_TIME
RP0002439,LN200351,3,2026-09-03,14100.0,,0.0,NOT_DUE
RP0002440,LN200352,1,2026-07-19,7491.83,2026-07-23,7491.83,PAID_ON_TIME
RP0002441,LN200352,2,2026-08-19,7491.83,2026-08-19,7491.83,PAID_ON_TIME
RP0002442,LN200352,3,2026-09-19,7491.83,,0.0,NOT_DUE
RP0002443,LN200352,4,2026-10-19,7491.83,,0.0,NOT_DUE
RP0002444,LN200352,5,2026-11-19,7491.83,,0.0,NOT_DUE
RP0002445,LN200352,6,2026-12-19,7491.83,,0.0,NOT_DUE
RP0002446,LN200352,7,2027-01-19,7491.83,,0.0,NOT_DUE
RP0002447,LN200352,8,2027-02-19,7491.83,,0.0,NOT_DUE
RP0002448,LN200352,9,2027-03-19,7491.83,,0.0,NOT_DUE
RP0002449,LN200352,10,2027-04-19,7491.83,,0.0,NOT_DUE
RP0002450,LN200352,11,2027-05-19,7491.83,,0.0,NOT_DUE
RP0002451,LN200352,12,2027-06-19,7491.83,,0.0,NOT_DUE
RP0002452,LN200354,1,2025-09-24,14896.0,2025-09-28,14896.0,PAID_ON_TIME
RP0002453,LN200354,2,2025-10-24,14896.0,2025-10-22,14896.0,PAID_ON_TIME
RP0002454,LN200354,3,2025-11-24,14896.0,2026-03-10,14896.0,PAID_LATE
RP0002455,LN200354,4,2025-12-24,14896.0,2025-12-27,14896.0,PAID_ON_TIME
RP0002456,LN200354,5,2026-01-24,14896.0,2026-01-28,14896.0,PAID_ON_TIME
RP0002457,LN200354,6,2026-02-24,14896.0,2026-02-25,14896.0,PAID_ON_TIME
RP0002458,LN200355,1,2025-09-30,55000.75,2025-09-29,55000.75,PAID_ON_TIME
RP0002459,LN200355,2,2025-10-30,55000.75,2025-11-02,55000.75,PAID_ON_TIME
RP0002460,LN200355,3,2025-11-30,55000.75,2025-12-03,55000.75,PAID_ON_TIME
RP0002461,LN200356,1,2026-02-14,35690.75,2026-04-27,35690.75,PAID_LATE
RP0002462,LN200356,2,2026-03-14,35690.75,2026-06-27,35690.75,PAID_LATE
RP0002463,LN200356,3,2026-04-14,35690.75,2026-04-12,35690.75,PAID_ON_TIME
RP0002464,LN200356,4,2026-05-14,35690.75,2026-05-12,35690.75,PAID_ON_TIME
RP0002465,LN200356,5,2026-06-14,35690.75,2026-06-16,35690.75,PAID_ON_TIME
RP0002466,LN200356,6,2026-07-14,35690.75,2026-07-16,35690.75,PAID_ON_TIME
RP0002467,LN200356,7,2026-08-14,35690.75,2026-08-14,35690.75,PAID_ON_TIME
RP0002468,LN200356,8,2026-09-14,35690.75,,0.0,NOT_DUE
RP0002469,LN200356,9,2026-10-14,35690.75,,0.0,NOT_DUE
RP0002470,LN200356,10,2026-11-14,35690.75,,0.0,NOT_DUE
RP0002471,LN200356,11,2026-12-14,35690.75,,0.0,NOT_DUE
RP0002472,LN200356,12,2027-01-14,35690.75,,0.0,NOT_DUE
RP0002473,LN200357,1,2025-08-04,5455.0,2025-08-05,5455.0,PAID_ON_TIME
RP0002474,LN200357,2,2025-09-04,5455.0,2025-11-21,5455.0,PAID_LATE
RP0002475,LN200357,3,2025-10-04,5455.0,2025-11-09,5455.0,PAID_LATE
RP0002476,LN200357,4,2025-11-04,5455.0,2025-11-01,5455.0,PAID_ON_TIME
RP0002477,LN200357,5,2025-12-04,5455.0,2025-12-05,5455.0,PAID_ON_TIME
RP0002478,LN200357,6,2026-01-04,5455.0,2026-03-10,5455.0,PAID_LATE
RP0002479,LN200358,1,2026-01-12,3090.67,2026-01-15,3090.67,PAID_ON_TIME
RP0002480,LN200358,2,2026-02-12,3090.67,2026-02-10,3090.67,PAID_ON_TIME
RP0002481,LN200358,3,2026-03-12,3090.67,2026-03-16,3090.67,PAID_ON_TIME
RP0002482,LN200358,4,2026-04-12,3090.67,2026-05-12,3090.67,PAID_LATE
RP0002483,LN200358,5,2026-05-12,3090.67,2026-05-16,3090.67,PAID_ON_TIME
RP0002484,LN200358,6,2026-06-12,3090.67,2026-06-16,3090.67,PAID_ON_TIME
RP0002485,LN200358,7,2026-07-12,3090.67,2026-07-14,3090.67,PAID_ON_TIME
RP0002486,LN200358,8,2026-08-12,3090.67,2026-08-12,3090.67,PAID_ON_TIME
RP0002487,LN200358,9,2026-09-12,3090.67,,0.0,NOT_DUE
RP0002488,LN200359,1,2025-05-03,19497.92,2025-05-02,19497.92,PAID_ON_TIME
RP0002489,LN200359,2,2025-06-03,19497.92,2025-06-03,19497.92,PAID_ON_TIME
RP0002490,LN200359,3,2025-07-03,19497.92,2025-07-03,19497.92,PAID_ON_TIME
RP0002491,LN200359,4,2025-08-03,19497.92,2025-08-07,19497.92,PAID_ON_TIME
RP0002492,LN200359,5,2025-09-03,19497.92,2025-09-06,19497.92,PAID_ON_TIME
RP0002493,LN200359,6,2025-10-03,19497.92,2025-10-01,19497.92,PAID_ON_TIME
RP0002494,LN200359,7,2025-11-03,19497.92,2025-10-31,19497.92,PAID_ON_TIME
RP0002495,LN200359,8,2025-12-03,19497.92,2026-03-04,19497.92,PAID_LATE
RP0002496,LN200359,9,2026-01-03,19497.92,2026-01-04,19497.92,PAID_ON_TIME
RP0002497,LN200359,10,2026-02-03,19497.92,2026-02-05,19497.92,PAID_ON_TIME
RP0002498,LN200359,11,2026-03-03,19497.92,2026-03-01,19497.92,PAID_ON_TIME
RP0002499,LN200359,12,2026-04-03,19497.92,2026-04-01,19497.92,PAID_ON_TIME
RP0002500,LN200360,1,2025-04-30,17680.0,2025-05-01,17680.0,PAID_ON_TIME
RP0002501,LN200360,2,2025-05-30,17680.0,2025-08-05,17680.0,PAID_LATE
RP0002502,LN200360,3,2025-06-30,17680.0,2025-07-01,17680.0,PAID_ON_TIME
RP0002503,LN200360,4,2025-07-30,17680.0,2025-09-08,17680.0,PAID_LATE
RP0002504,LN200360,5,2025-08-30,17680.0,2025-09-01,17680.0,PAID_ON_TIME
RP0002505,LN200360,6,2025-09-30,17680.0,2025-09-27,17680.0,PAID_ON_TIME
RP0002506,LN200361,1,2025-12-09,4467.44,2025-12-12,4467.44,PAID_ON_TIME
RP0002507,LN200361,2,2026-01-09,4467.44,2026-01-06,4467.44,PAID_ON_TIME
RP0002508,LN200361,3,2026-02-09,4467.44,2026-06-02,4467.44,PAID_LATE
RP0002509,LN200361,4,2026-03-09,4467.44,2026-03-13,4467.44,PAID_ON_TIME
RP0002510,LN200361,5,2026-04-09,4467.44,2026-07-11,4467.44,PAID_LATE
RP0002511,LN200361,6,2026-05-09,4467.44,2026-05-11,4467.44,PAID_ON_TIME
RP0002512,LN200361,7,2026-06-09,4467.44,2026-06-06,4467.44,PAID_ON_TIME
RP0002513,LN200361,8,2026-07-09,4467.44,2026-07-10,4467.44,PAID_ON_TIME
RP0002514,LN200361,9,2026-08-09,4467.44,2026-08-08,4467.44,PAID_ON_TIME
RP0002515,LN200361,10,2026-09-09,4467.44,,0.0,NOT_DUE
RP0002516,LN200361,11,2026-10-09,4467.44,,0.0,NOT_DUE
RP0002517,LN200361,12,2026-11-09,4467.44,,0.0,NOT_DUE
RP0002518,LN200361,13,2026-12-09,4467.44,,0.0,NOT_DUE
RP0002519,LN200361,14,2027-01-09,4467.44,,0.0,NOT_DUE
RP0002520,LN200361,15,2027-02-09,4467.44,,0.0,NOT_DUE
RP0002521,LN200361,16,2027-03-09,4467.44,,0.0,NOT_DUE
RP0002522,LN200361,17,2027-04-09,4467.44,,0.0,NOT_DUE
RP0002523,LN200361,18,2027-05-09,4467.44,,0.0,NOT_DUE
RP0002524,LN200362,1,2026-06-14,3785.25,2026-06-17,3785.25,PAID_ON_TIME
RP0002525,LN200362,2,2026-07-14,3785.25,2026-07-17,3785.25,PAID_ON_TIME
RP0002526,LN200362,3,2026-08-14,3785.25,2026-08-18,3785.25,PAID_ON_TIME
RP0002527,LN200362,4,2026-09-14,3785.25,,0.0,NOT_DUE
RP0002528,LN200362,5,2026-10-14,3785.25,,0.0,NOT_DUE
RP0002529,LN200362,6,2026-11-14,3785.25,,0.0,NOT_DUE
RP0002530,LN200364,1,2026-04-01,9095.67,2026-03-31,9095.67,PAID_ON_TIME
RP0002531,LN200364,2,2026-05-01,9095.67,2026-05-03,9095.67,PAID_ON_TIME
RP0002532,LN200364,3,2026-06-01,9095.67,2026-06-01,9095.67,PAID_ON_TIME
RP0002533,LN200365,1,2026-08-15,7373.17,2026-08-15,7373.17,PAID_ON_TIME
RP0002534,LN200365,2,2026-09-15,7373.17,,0.0,NOT_DUE
RP0002535,LN200365,3,2026-10-15,7373.17,,0.0,NOT_DUE
RP0002536,LN200365,4,2026-11-15,7373.17,,0.0,NOT_DUE
RP0002537,LN200365,5,2026-12-15,7373.17,,0.0,NOT_DUE
RP0002538,LN200365,6,2027-01-15,7373.17,,0.0,NOT_DUE
RP0002539,LN200366,1,2025-09-30,9537.67,2025-10-01,9537.67,PAID_ON_TIME
RP0002540,LN200366,2,2025-10-30,9537.67,2026-01-19,9537.67,PAID_LATE
RP0002541,LN200366,3,2025-11-30,9537.67,2026-03-25,9537.67,PAID_LATE
RP0002542,LN200366,4,2025-12-30,9537.67,2025-12-27,9537.67,PAID_ON_TIME
RP0002543,LN200366,5,2026-01-30,9537.67,2026-01-31,9537.67,PAID_ON_TIME
RP0002544,LN200366,6,2026-02-28,9537.67,2026-03-02,9537.67,PAID_ON_TIME
RP0002545,LN200366,7,2026-03-30,9537.67,2026-04-02,9537.67,PAID_ON_TIME
RP0002546,LN200366,8,2026-04-30,9537.67,2026-05-02,9537.67,PAID_ON_TIME
RP0002547,LN200366,9,2026-05-30,9537.67,,0.0,UNPAID
RP0002548,LN200367,1,2026-04-22,8213.33,2026-04-21,8213.33,PAID_ON_TIME
RP0002549,LN200367,2,2026-05-22,8213.33,2026-05-24,8213.33,PAID_ON_TIME
RP0002550,LN200367,3,2026-06-22,8213.33,2026-06-25,8213.33,PAID_ON_TIME
RP0002551,LN200367,4,2026-07-22,8213.33,2026-07-23,8213.33,PAID_ON_TIME
RP0002552,LN200367,5,2026-08-22,8213.33,,0.0,UNPAID
RP0002553,LN200367,6,2026-09-22,8213.33,,0.0,NOT_DUE
RP0002554,LN200367,7,2026-10-22,8213.33,,0.0,NOT_DUE
RP0002555,LN200367,8,2026-11-22,8213.33,,0.0,NOT_DUE
RP0002556,LN200367,9,2026-12-22,8213.33,,0.0,NOT_DUE
RP0002557,LN200367,10,2027-01-22,8213.33,,0.0,NOT_DUE
RP0002558,LN200367,11,2027-02-22,8213.33,,0.0,NOT_DUE
RP0002559,LN200367,12,2027-03-22,8213.33,,0.0,NOT_DUE
RP0002560,LN200368,1,2026-07-03,4266.17,2026-07-07,4266.17,PAID_ON_TIME
RP0002561,LN200368,2,2026-08-03,4266.17,2026-07-31,4266.17,PAID_ON_TIME
RP0002562,LN200368,3,2026-09-03,4266.17,,0.0,NOT_DUE
RP0002563,LN200368,4,2026-10-03,4266.17,,0.0,NOT_DUE
RP0002564,LN200368,5,2026-11-03,4266.17,,0.0,NOT_DUE
RP0002565,LN200368,6,2026-12-03,4266.17,,0.0,NOT_DUE
RP0002566,LN200368,7,2027-01-03,4266.17,,0.0,NOT_DUE
RP0002567,LN200368,8,2027-02-03,4266.17,,0.0,NOT_DUE
RP0002568,LN200368,9,2027-03-03,4266.17,,0.0,NOT_DUE
RP0002569,LN200369,1,2025-08-24,5246.58,2025-09-04,5246.58,PAID_LATE
RP0002570,LN200369,2,2025-09-24,5246.58,2025-09-27,5246.58,PAID_ON_TIME
RP0002571,LN200369,3,2025-10-24,5246.58,2025-12-29,5246.58,PAID_LATE
RP0002572,LN200369,4,2025-11-24,5246.58,2025-12-29,5246.58,PAID_LATE
RP0002573,LN200369,5,2025-12-24,5246.58,2025-12-21,5246.58,PAID_ON_TIME
RP0002574,LN200369,6,2026-01-24,5246.58,,0.0,UNPAID
RP0002575,LN200370,1,2026-07-10,7897.5,2026-07-11,7897.5,PAID_ON_TIME
RP0002576,LN200370,2,2026-08-10,7897.5,2026-08-13,7897.5,PAID_ON_TIME
RP0002577,LN200370,3,2026-09-10,7897.5,,0.0,NOT_DUE
RP0002578,LN200370,4,2026-10-10,7897.5,,0.0,NOT_DUE
RP0002579,LN200370,5,2026-11-10,7897.5,,0.0,NOT_DUE
RP0002580,LN200370,6,2026-12-10,7897.5,,0.0,NOT_DUE
RP0002581,LN200370,7,2027-01-10,7897.5,,0.0,NOT_DUE
RP0002582,LN200370,8,2027-02-10,7897.5,,0.0,NOT_DUE
RP0002583,LN200370,9,2027-03-10,7897.5,,0.0,NOT_DUE
RP0002584,LN200370,10,2027-04-10,7897.5,,0.0,NOT_DUE
RP0002585,LN200370,11,2027-05-10,7897.5,,0.0,NOT_DUE
RP0002586,LN200370,12,2027-06-10,7897.5,,0.0,NOT_DUE
RP0002587,LN200372,1,2025-04-15,3731.78,2025-04-12,3731.78,PAID_ON_TIME
RP0002588,LN200372,2,2025-05-15,3731.78,2025-05-16,3731.78,PAID_ON_TIME
RP0002589,LN200372,3,2025-06-15,3731.78,2025-06-17,3731.78,PAID_ON_TIME
RP0002590,LN200372,4,2025-07-15,3731.78,2025-07-18,3731.78,PAID_ON_TIME
RP0002591,LN200372,5,2025-08-15,3731.78,2025-11-05,3731.78,PAID_LATE
RP0002592,LN200372,6,2025-09-15,3731.78,2025-09-18,3731.78,PAID_ON_TIME
RP0002593,LN200372,7,2025-10-15,3731.78,2025-10-15,3731.78,PAID_ON_TIME
RP0002594,LN200372,8,2025-11-15,3731.78,2025-11-19,3731.78,PAID_ON_TIME
RP0002595,LN200372,9,2025-12-15,3731.78,2025-12-13,3731.78,PAID_ON_TIME
RP0002596,LN200372,10,2026-01-15,3731.78,2026-01-17,3731.78,PAID_ON_TIME
RP0002597,LN200372,11,2026-02-15,3731.78,2026-02-15,3731.78,PAID_ON_TIME
RP0002598,LN200372,12,2026-03-15,3731.78,2026-07-03,3731.78,PAID_LATE
RP0002599,LN200372,13,2026-04-15,3731.78,2026-04-16,3731.78,PAID_ON_TIME
RP0002600,LN200372,14,2026-05-15,3731.78,2026-05-18,3731.78,PAID_ON_TIME
RP0002601,LN200372,15,2026-06-15,3731.78,2026-06-13,3731.78,PAID_ON_TIME
RP0002602,LN200372,16,2026-07-15,3731.78,2026-07-14,3731.78,PAID_ON_TIME
RP0002603,LN200372,17,2026-08-15,3731.78,2026-08-19,3731.78,PAID_ON_TIME
RP0002604,LN200372,18,2026-09-15,3731.78,,0.0,NOT_DUE
RP0002605,LN200373,1,2026-07-21,2522.22,2026-07-20,2522.22,PAID_ON_TIME
RP0002606,LN200373,2,2026-08-21,2522.22,2026-08-18,2522.22,PAID_ON_TIME
RP0002607,LN200373,3,2026-09-21,2522.22,,0.0,NOT_DUE
RP0002608,LN200373,4,2026-10-21,2522.22,,0.0,NOT_DUE
RP0002609,LN200373,5,2026-11-21,2522.22,,0.0,NOT_DUE
RP0002610,LN200373,6,2026-12-21,2522.22,,0.0,NOT_DUE
RP0002611,LN200373,7,2027-01-21,2522.22,,0.0,NOT_DUE
RP0002612,LN200373,8,2027-02-21,2522.22,,0.0,NOT_DUE
RP0002613,LN200373,9,2027-03-21,2522.22,,0.0,NOT_DUE
RP0002614,LN200375,1,2025-05-19,15553.33,2025-05-22,15553.33,PAID_ON_TIME
RP0002615,LN200375,2,2025-06-19,15553.33,2025-06-21,15553.33,PAID_ON_TIME
RP0002616,LN200375,3,2025-07-19,15553.33,2025-07-20,15553.33,PAID_ON_TIME
RP0002617,LN200375,4,2025-08-19,15553.33,2025-10-21,15553.33,PAID_LATE
RP0002618,LN200375,5,2025-09-19,15553.33,2025-09-21,15553.33,PAID_ON_TIME
RP0002619,LN200375,6,2025-10-19,15553.33,2025-10-22,15553.33,PAID_ON_TIME
RP0002620,LN200375,7,2025-11-19,15553.33,2025-11-16,15553.33,PAID_ON_TIME
RP0002621,LN200375,8,2025-12-19,15553.33,2025-12-17,15553.33,PAID_ON_TIME
RP0002622,LN200375,9,2026-01-19,15553.33,2026-01-17,15553.33,PAID_ON_TIME
RP0002623,LN200376,1,2026-01-26,12267.5,2026-01-23,12267.5,PAID_ON_TIME
RP0002624,LN200376,2,2026-02-26,12267.5,,0.0,UNPAID
RP0002625,LN200376,3,2026-03-26,12267.5,2026-03-24,12267.5,PAID_ON_TIME
RP0002626,LN200377,1,2025-11-24,9017.67,2025-11-22,9017.67,PAID_ON_TIME
RP0002627,LN200377,2,2025-12-24,9017.67,2025-12-25,9017.67,PAID_ON_TIME
RP0002628,LN200377,3,2026-01-24,9017.67,2026-01-22,9017.67,PAID_ON_TIME
RP0002629,LN200378,1,2025-10-25,6801.67,2025-10-28,6801.67,PAID_ON_TIME
RP0002630,LN200378,2,2025-11-25,6801.67,,0.0,UNPAID
RP0002631,LN200378,3,2025-12-25,6801.67,2025-12-24,6801.67,PAID_ON_TIME
RP0002632,LN200378,4,2026-01-25,6801.67,2026-01-23,6801.67,PAID_ON_TIME
RP0002633,LN200378,5,2026-02-25,6801.67,2026-02-28,6801.67,PAID_ON_TIME
RP0002634,LN200378,6,2026-03-25,6801.67,2026-03-23,6801.67,PAID_ON_TIME
RP0002635,LN200378,7,2026-04-25,6801.67,2026-04-29,6801.67,PAID_ON_TIME
RP0002636,LN200378,8,2026-05-25,6801.67,2026-05-23,6801.67,PAID_ON_TIME
RP0002637,LN200378,9,2026-06-25,6801.67,,0.0,UNPAID
RP0002638,LN200378,10,2026-07-25,6801.67,2026-07-24,6801.67,PAID_ON_TIME
RP0002639,LN200378,11,2026-08-25,6801.67,2026-08-27,6801.67,PAID_ON_TIME
RP0002640,LN200378,12,2026-09-25,6801.67,,0.0,NOT_DUE
RP0002641,LN200379,1,2025-05-10,14822.5,2025-05-08,14822.5,PAID_ON_TIME
RP0002642,LN200379,2,2025-06-10,14822.5,2025-09-16,14822.5,PAID_LATE
RP0002643,LN200379,3,2025-07-10,14822.5,2025-07-09,14822.5,PAID_ON_TIME
RP0002644,LN200380,1,2025-11-21,24643.0,2026-01-24,24643.0,PAID_LATE
RP0002645,LN200380,2,2025-12-21,24643.0,2025-12-21,24643.0,PAID_ON_TIME
RP0002646,LN200380,3,2026-01-21,24643.0,2026-01-18,24643.0,PAID_ON_TIME
RP0002647,LN200380,4,2026-02-21,24643.0,2026-02-20,24643.0,PAID_ON_TIME
RP0002648,LN200380,5,2026-03-21,24643.0,2026-03-23,24643.0,PAID_ON_TIME
RP0002649,LN200380,6,2026-04-21,24643.0,,0.0,UNPAID
RP0002650,LN200380,7,2026-05-21,24643.0,2026-05-19,24643.0,PAID_ON_TIME
RP0002651,LN200380,8,2026-06-21,24643.0,2026-06-19,24643.0,PAID_ON_TIME
RP0002652,LN200380,9,2026-07-21,24643.0,2026-07-24,24643.0,PAID_ON_TIME
RP0002653,LN200380,10,2026-08-21,24643.0,2026-08-20,24643.0,PAID_ON_TIME
RP0002654,LN200380,11,2026-09-21,24643.0,,0.0,NOT_DUE
RP0002655,LN200380,12,2026-10-21,24643.0,,0.0,NOT_DUE
RP0002656,LN200380,13,2026-11-21,24643.0,,0.0,NOT_DUE
RP0002657,LN200380,14,2026-12-21,24643.0,,0.0,NOT_DUE
RP0002658,LN200380,15,2027-01-21,24643.0,,0.0,NOT_DUE
RP0002659,LN200380,16,2027-02-21,24643.0,,0.0,NOT_DUE
RP0002660,LN200380,17,2027-03-21,24643.0,,0.0,NOT_DUE
RP0002661,LN200380,18,2027-04-21,24643.0,,0.0,NOT_DUE
RP0002662,LN200381,1,2026-08-19,18201.08,,0.0,UNPAID
RP0002663,LN200381,2,2026-09-19,18201.08,,0.0,NOT_DUE
RP0002664,LN200381,3,2026-10-19,18201.08,,0.0,NOT_DUE
RP0002665,LN200382,1,2026-06-27,22215.89,2026-06-25,22215.89,PAID_ON_TIME
RP0002666,LN200382,2,2026-07-27,22215.89,2026-07-28,22215.89,PAID_ON_TIME
RP0002667,LN200382,3,2026-08-27,22215.89,2026-08-30,22215.89,PAID_ON_TIME
RP0002668,LN200382,4,2026-09-27,22215.89,,0.0,NOT_DUE
RP0002669,LN200382,5,2026-10-27,22215.89,,0.0,NOT_DUE
RP0002670,LN200382,6,2026-11-27,22215.89,,0.0,NOT_DUE
RP0002671,LN200382,7,2026-12-27,22215.89,,0.0,NOT_DUE
RP0002672,LN200382,8,2027-01-27,22215.89,,0.0,NOT_DUE
RP0002673,LN200382,9,2027-02-27,22215.89,,0.0,NOT_DUE
RP0002674,LN200383,1,2025-08-05,3621.67,2025-08-02,3621.67,PAID_ON_TIME
RP0002675,LN200383,2,2025-09-05,3621.67,2025-09-02,3621.67,PAID_ON_TIME
RP0002676,LN200383,3,2025-10-05,3621.67,2025-10-08,3621.67,PAID_ON_TIME
RP0002677,LN200383,4,2025-11-05,3621.67,2025-11-04,3621.67,PAID_ON_TIME
RP0002678,LN200383,5,2025-12-05,3621.67,2025-12-09,3621.67,PAID_ON_TIME
RP0002679,LN200383,6,2026-01-05,3621.67,2026-01-02,3621.67,PAID_ON_TIME
RP0002680,LN200384,1,2026-08-15,4592.33,2026-08-13,4592.33,PAID_ON_TIME
RP0002681,LN200384,2,2026-09-15,4592.33,,0.0,NOT_DUE
RP0002682,LN200384,3,2026-10-15,4592.33,,0.0,NOT_DUE
RP0002683,LN200384,4,2026-11-15,4592.33,,0.0,NOT_DUE
RP0002684,LN200384,5,2026-12-15,4592.33,,0.0,NOT_DUE
RP0002685,LN200384,6,2027-01-15,4592.33,,0.0,NOT_DUE
RP0002686,LN200384,7,2027-02-15,4592.33,,0.0,NOT_DUE
RP0002687,LN200384,8,2027-03-15,4592.33,,0.0,NOT_DUE
RP0002688,LN200384,9,2027-04-15,4592.33,,0.0,NOT_DUE
RP0002689,LN200384,10,2027-05-15,4592.33,,0.0,NOT_DUE
RP0002690,LN200384,11,2027-06-15,4592.33,,0.0,NOT_DUE
RP0002691,LN200384,12,2027-07-15,4592.33,,0.0,NOT_DUE
RP0002692,LN200385,1,2025-06-05,6185.72,2025-06-02,6185.72,PAID_ON_TIME
RP0002693,LN200385,2,2025-07-05,6185.72,2025-07-07,6185.72,PAID_ON_TIME
RP0002694,LN200385,3,2025-08-05,6185.72,2025-08-07,6185.72,PAID_ON_TIME
RP0002695,LN200385,4,2025-09-05,6185.72,2025-09-03,6185.72,PAID_ON_TIME
RP0002696,LN200385,5,2025-10-05,6185.72,2025-10-02,6185.72,PAID_ON_TIME
RP0002697,LN200385,6,2025-11-05,6185.72,2025-11-06,6185.72,PAID_ON_TIME
RP0002698,LN200385,7,2025-12-05,6185.72,2025-12-07,6185.72,PAID_ON_TIME
RP0002699,LN200385,8,2026-01-05,6185.72,,0.0,UNPAID
RP0002700,LN200385,9,2026-02-05,6185.72,2026-02-09,6185.72,PAID_ON_TIME
RP0002701,LN200385,10,2026-03-05,6185.72,2026-03-08,6185.72,PAID_ON_TIME
RP0002702,LN200385,11,2026-04-05,6185.72,2026-04-08,6185.72,PAID_ON_TIME
RP0002703,LN200385,12,2026-05-05,6185.72,2026-05-04,6185.72,PAID_ON_TIME
RP0002704,LN200385,13,2026-06-05,6185.72,2026-06-03,6185.72,PAID_ON_TIME
RP0002705,LN200385,14,2026-07-05,6185.72,2026-07-09,6185.72,PAID_ON_TIME
RP0002706,LN200385,15,2026-08-05,6185.72,2026-08-02,6185.72,PAID_ON_TIME
RP0002707,LN200385,16,2026-09-05,6185.72,,0.0,NOT_DUE
RP0002708,LN200385,17,2026-10-05,6185.72,,0.0,NOT_DUE
RP0002709,LN200385,18,2026-11-05,6185.72,,0.0,NOT_DUE
RP0002710,LN200386,1,2025-04-23,54779.92,2025-04-21,54779.92,PAID_ON_TIME
RP0002711,LN200386,2,2025-05-23,54779.92,2025-05-26,54779.92,PAID_ON_TIME
RP0002712,LN200386,3,2025-06-23,54779.92,2025-06-22,54779.92,PAID_ON_TIME
RP0002713,LN200387,1,2026-01-13,7430.0,2026-01-15,7430.0,PAID_ON_TIME
RP0002714,LN200387,2,2026-02-13,7430.0,2026-02-14,7430.0,PAID_ON_TIME
RP0002715,LN200387,3,2026-03-13,7430.0,2026-03-17,7430.0,PAID_ON_TIME
RP0002716,LN200387,4,2026-04-13,7430.0,2026-06-25,7430.0,PAID_LATE
RP0002717,LN200387,5,2026-05-13,7430.0,2026-06-26,7430.0,PAID_LATE
RP0002718,LN200387,6,2026-06-13,7430.0,2026-06-14,7430.0,PAID_ON_TIME
RP0002719,LN200388,1,2025-06-07,42295.5,2025-06-07,42295.5,PAID_ON_TIME
RP0002720,LN200388,2,2025-07-07,42295.5,2025-07-04,42295.5,PAID_ON_TIME
RP0002721,LN200388,3,2025-08-07,42295.5,2025-08-05,42295.5,PAID_ON_TIME
RP0002722,LN200388,4,2025-09-07,42295.5,2025-09-08,42295.5,PAID_ON_TIME
RP0002723,LN200388,5,2025-10-07,42295.5,2025-10-08,42295.5,PAID_ON_TIME
RP0002724,LN200388,6,2025-11-07,42295.5,2025-12-10,42295.5,PAID_LATE
RP0002725,LN200389,1,2026-09-01,37876.0,2026-08-31,37876.0,PAID_ON_TIME
RP0002726,LN200389,2,2026-10-01,37876.0,,0.0,NOT_DUE
RP0002727,LN200389,3,2026-11-01,37876.0,,0.0,NOT_DUE
RP0002728,LN200389,4,2026-12-01,37876.0,,0.0,NOT_DUE
RP0002729,LN200389,5,2027-01-01,37876.0,,0.0,NOT_DUE
RP0002730,LN200389,6,2027-02-01,37876.0,,0.0,NOT_DUE
RP0002731,LN200390,1,2026-08-24,5742.75,2026-08-23,5742.75,PAID_ON_TIME
RP0002732,LN200390,2,2026-09-24,5742.75,,0.0,NOT_DUE
RP0002733,LN200390,3,2026-10-24,5742.75,,0.0,NOT_DUE
RP0002734,LN200390,4,2026-11-24,5742.75,,0.0,NOT_DUE
RP0002735,LN200390,5,2026-12-24,5742.75,,0.0,NOT_DUE
RP0002736,LN200390,6,2027-01-24,5742.75,,0.0,NOT_DUE
RP0002737,LN200390,7,2027-02-24,5742.75,,0.0,NOT_DUE
RP0002738,LN200390,8,2027-03-24,5742.75,,0.0,NOT_DUE
RP0002739,LN200390,9,2027-04-24,5742.75,,0.0,NOT_DUE
RP0002740,LN200390,10,2027-05-24,5742.75,,0.0,NOT_DUE
RP0002741,LN200390,11,2027-06-24,5742.75,,0.0,NOT_DUE
RP0002742,LN200390,12,2027-07-24,5742.75,,0.0,NOT_DUE
RP0002743,LN200391,1,2026-02-22,18391.67,2026-02-26,18391.67,PAID_ON_TIME
RP0002744,LN200391,2,2026-03-22,18391.67,,0.0,UNPAID
RP0002745,LN200391,3,2026-04-22,18391.67,2026-04-21,18391.67,PAID_ON_TIME
RP0002746,LN200391,4,2026-05-22,18391.67,2026-05-20,18391.67,PAID_ON_TIME
RP0002747,LN200391,5,2026-06-22,18391.67,2026-06-24,18391.67,PAID_ON_TIME
RP0002748,LN200391,6,2026-07-22,18391.67,,0.0,UNPAID
RP0002749,LN200392,1,2026-06-04,20291.08,2026-07-29,20291.08,PAID_LATE
RP0002750,LN200392,2,2026-07-04,20291.08,2026-07-04,20291.08,PAID_ON_TIME
RP0002751,LN200392,3,2026-08-04,20291.08,2026-09-01,20291.08,PAID_LATE
RP0002752,LN200394,1,2025-09-09,20932.08,2025-09-13,20932.08,PAID_ON_TIME
RP0002753,LN200394,2,2025-10-09,20932.08,,0.0,UNPAID
RP0002754,LN200394,3,2025-11-09,20932.08,2025-11-06,20932.08,PAID_ON_TIME
RP0002755,LN200394,4,2025-12-09,20932.08,2025-12-09,20932.08,PAID_ON_TIME
RP0002756,LN200394,5,2026-01-09,20932.08,2026-01-11,20932.08,PAID_ON_TIME
RP0002757,LN200394,6,2026-02-09,20932.08,2026-02-06,20932.08,PAID_ON_TIME
RP0002758,LN200394,7,2026-03-09,20932.08,2026-03-11,20932.08,PAID_ON_TIME
RP0002759,LN200394,8,2026-04-09,20932.08,2026-04-09,20932.08,PAID_ON_TIME
RP0002760,LN200394,9,2026-05-09,20932.08,2026-05-09,20932.08,PAID_ON_TIME
RP0002761,LN200395,1,2026-03-08,6436.56,2026-03-12,6436.56,PAID_ON_TIME
RP0002762,LN200395,2,2026-04-08,6436.56,2026-04-11,6436.56,PAID_ON_TIME
RP0002763,LN200395,3,2026-05-08,6436.56,2026-07-29,6436.56,PAID_LATE
RP0002764,LN200395,4,2026-06-08,6436.56,2026-06-05,6436.56,PAID_ON_TIME
RP0002765,LN200395,5,2026-07-08,6436.56,2026-07-05,6436.56,PAID_ON_TIME
RP0002766,LN200395,6,2026-08-08,6436.56,2026-08-10,6436.56,PAID_ON_TIME
RP0002767,LN200395,7,2026-09-08,6436.56,,0.0,NOT_DUE
RP0002768,LN200395,8,2026-10-08,6436.56,,0.0,NOT_DUE
RP0002769,LN200395,9,2026-11-08,6436.56,,0.0,NOT_DUE
RP0002770,LN200396,1,2026-01-18,6678.5,2026-01-19,6678.5,PAID_ON_TIME
RP0002771,LN200396,2,2026-02-18,6678.5,2026-02-21,6678.5,PAID_ON_TIME
RP0002772,LN200396,3,2026-03-18,6678.5,2026-03-21,6678.5,PAID_ON_TIME
RP0002773,LN200396,4,2026-04-18,6678.5,,0.0,UNPAID
RP0002774,LN200396,5,2026-05-18,6678.5,2026-06-28,6678.5,PAID_LATE
RP0002775,LN200396,6,2026-06-18,6678.5,2026-06-16,6678.5,PAID_ON_TIME
RP0002776,LN200397,1,2026-03-05,6259.17,2026-03-09,6259.17,PAID_ON_TIME
RP0002777,LN200397,2,2026-04-05,6259.17,2026-04-09,6259.17,PAID_ON_TIME
RP0002778,LN200397,3,2026-05-05,6259.17,2026-05-05,6259.17,PAID_ON_TIME
RP0002779,LN200397,4,2026-06-05,6259.17,2026-06-05,6259.17,PAID_ON_TIME
RP0002780,LN200397,5,2026-07-05,6259.17,,0.0,UNPAID
RP0002781,LN200397,6,2026-08-05,6259.17,2026-08-07,6259.17,PAID_ON_TIME
RP0002782,LN200398,1,2026-08-16,30934.92,2026-08-14,30934.92,PAID_ON_TIME
RP0002783,LN200398,2,2026-09-16,30934.92,,0.0,NOT_DUE
RP0002784,LN200398,3,2026-10-16,30934.92,,0.0,NOT_DUE
RP0002785,LN200399,1,2026-08-28,14246.33,2026-08-29,14246.33,PAID_ON_TIME
RP0002786,LN200399,2,2026-09-28,14246.33,,0.0,NOT_DUE
RP0002787,LN200399,3,2026-10-28,14246.33,,0.0,NOT_DUE
RP0002788,LN200399,4,2026-11-28,14246.33,,0.0,NOT_DUE
RP0002789,LN200399,5,2026-12-28,14246.33,,0.0,NOT_DUE
RP0002790,LN200399,6,2027-01-28,14246.33,,0.0,NOT_DUE
RP0002791,LN200401,1,2025-06-27,24194.92,2025-06-27,24194.92,PAID_ON_TIME
RP0002792,LN200401,2,2025-07-27,24194.92,2025-10-21,24194.92,PAID_LATE
RP0002793,LN200401,3,2025-08-27,24194.92,2025-08-24,24194.92,PAID_ON_TIME
RP0002794,LN200401,4,2025-09-27,24194.92,2025-09-26,24194.92,PAID_ON_TIME
RP0002795,LN200401,5,2025-10-27,24194.92,2025-10-24,24194.92,PAID_ON_TIME
RP0002796,LN200401,6,2025-11-27,24194.92,2025-11-24,24194.92,PAID_ON_TIME
RP0002797,LN200402,1,2026-08-23,16250.0,2026-08-26,16250.0,PAID_ON_TIME
RP0002798,LN200402,2,2026-09-23,16250.0,,0.0,NOT_DUE
RP0002799,LN200402,3,2026-10-23,16250.0,,0.0,NOT_DUE
RP0002800,LN200402,4,2026-11-23,16250.0,,0.0,NOT_DUE
RP0002801,LN200402,5,2026-12-23,16250.0,,0.0,NOT_DUE
RP0002802,LN200402,6,2027-01-23,16250.0,,0.0,NOT_DUE
RP0002803,LN200402,7,2027-02-23,16250.0,,0.0,NOT_DUE
RP0002804,LN200402,8,2027-03-23,16250.0,,0.0,NOT_DUE
RP0002805,LN200402,9,2027-04-23,16250.0,,0.0,NOT_DUE
RP0002806,LN200402,10,2027-05-23,16250.0,,0.0,NOT_DUE
RP0002807,LN200402,11,2027-06-23,16250.0,,0.0,NOT_DUE
RP0002808,LN200402,12,2027-07-23,16250.0,,0.0,NOT_DUE
RP0002809,LN200402,13,2027-08-23,16250.0,,0.0,NOT_DUE
RP0002810,LN200402,14,2027-09-23,16250.0,,0.0,NOT_DUE
RP0002811,LN200402,15,2027-10-23,16250.0,,0.0,NOT_DUE
RP0002812,LN200402,16,2027-11-23,16250.0,,0.0,NOT_DUE
RP0002813,LN200402,17,2027-12-23,16250.0,,0.0,NOT_DUE
RP0002814,LN200402,18,2028-01-23,16250.0,,0.0,NOT_DUE
RP0002815,LN200404,1,2026-03-06,12228.22,2026-03-10,12228.22,PAID_ON_TIME
RP0002816,LN200404,2,2026-04-06,12228.22,2026-04-03,12228.22,PAID_ON_TIME
RP0002817,LN200404,3,2026-05-06,12228.22,2026-05-06,12228.22,PAID_ON_TIME
RP0002818,LN200404,4,2026-06-06,12228.22,2026-06-03,12228.22,PAID_ON_TIME
RP0002819,LN200404,5,2026-07-06,12228.22,2026-07-05,12228.22,PAID_ON_TIME
RP0002820,LN200404,6,2026-08-06,12228.22,2026-08-03,12228.22,PAID_ON_TIME
RP0002821,LN200404,7,2026-09-06,12228.22,,0.0,NOT_DUE
RP0002822,LN200404,8,2026-10-06,12228.22,,0.0,NOT_DUE
RP0002823,LN200404,9,2026-11-06,12228.22,,0.0,NOT_DUE
RP0002824,LN200405,1,2025-11-23,35689.5,2025-11-27,35689.5,PAID_ON_TIME
RP0002825,LN200405,2,2025-12-23,35689.5,2025-12-21,35689.5,PAID_ON_TIME
RP0002826,LN200405,3,2026-01-23,35689.5,2026-01-26,35689.5,PAID_ON_TIME
RP0002827,LN200406,1,2025-06-19,14280.5,2025-06-23,14280.5,PAID_ON_TIME
RP0002828,LN200406,2,2025-07-19,14280.5,2025-10-18,14280.5,PAID_LATE
RP0002829,LN200406,3,2025-08-19,14280.5,2025-08-19,14280.5,PAID_ON_TIME
RP0002830,LN200406,4,2025-09-19,14280.5,2025-09-23,14280.5,PAID_ON_TIME
RP0002831,LN200406,5,2025-10-19,14280.5,2025-10-16,14280.5,PAID_ON_TIME
RP0002832,LN200406,6,2025-11-19,14280.5,2025-11-19,14280.5,PAID_ON_TIME
RP0002833,LN200407,1,2025-05-23,37648.0,2025-07-11,37648.0,PAID_LATE
RP0002834,LN200407,2,2025-06-23,37648.0,2025-08-20,37648.0,PAID_LATE
RP0002835,LN200407,3,2025-07-23,37648.0,2025-07-20,37648.0,PAID_ON_TIME
RP0002836,LN200407,4,2025-08-23,37648.0,2025-08-27,37648.0,PAID_ON_TIME
RP0002837,LN200407,5,2025-09-23,37648.0,2025-09-26,37648.0,PAID_ON_TIME
RP0002838,LN200407,6,2025-10-23,37648.0,2025-10-20,37648.0,PAID_ON_TIME
RP0002839,LN200408,1,2025-07-01,30946.67,2025-06-30,30946.67,PAID_ON_TIME
RP0002840,LN200408,2,2025-08-01,30946.67,2025-08-05,30946.67,PAID_ON_TIME
RP0002841,LN200408,3,2025-09-01,30946.67,2025-09-05,30946.67,PAID_ON_TIME
RP0002842,LN200409,1,2025-10-03,24634.17,2025-10-06,24634.17,PAID_ON_TIME
RP0002843,LN200409,2,2025-11-03,24634.17,2025-11-02,24634.17,PAID_ON_TIME
RP0002844,LN200409,3,2025-12-03,24634.17,2025-12-06,24634.17,PAID_ON_TIME
RP0002845,LN200410,1,2025-09-04,44164.25,2025-09-04,44164.25,PAID_ON_TIME
RP0002846,LN200410,2,2025-10-04,44164.25,2025-10-01,44164.25,PAID_ON_TIME
RP0002847,LN200410,3,2025-11-04,44164.25,2026-03-03,44164.25,PAID_LATE
RP0002848,LN200411,1,2025-03-10,36486.31,2025-03-09,36486.31,PAID_ON_TIME
RP0002849,LN200411,2,2025-04-10,36486.31,2025-04-08,36486.31,PAID_ON_TIME
RP0002850,LN200411,3,2025-05-10,36486.31,2025-05-13,36486.31,PAID_ON_TIME
RP0002851,LN200411,4,2025-06-10,36486.31,2025-08-08,36486.31,PAID_LATE
RP0002852,LN200411,5,2025-07-10,36486.31,2025-08-01,36486.31,PAID_LATE
RP0002853,LN200411,6,2025-08-10,36486.31,2025-08-07,36486.31,PAID_ON_TIME
RP0002854,LN200411,7,2025-09-10,36486.31,2025-09-08,36486.31,PAID_ON_TIME
RP0002855,LN200411,8,2025-10-10,36486.31,2025-10-07,36486.31,PAID_ON_TIME
RP0002856,LN200411,9,2025-11-10,36486.31,2025-11-14,36486.31,PAID_ON_TIME
RP0002857,LN200412,1,2026-04-29,5255.83,2026-04-26,5255.83,PAID_ON_TIME
RP0002858,LN200412,2,2026-05-29,5255.83,2026-05-27,5255.83,PAID_ON_TIME
RP0002859,LN200412,3,2026-06-29,5255.83,2026-07-02,5255.83,PAID_ON_TIME
RP0002860,LN200412,4,2026-07-29,5255.83,2026-08-02,5255.83,PAID_ON_TIME
RP0002861,LN200412,5,2026-08-29,5255.83,2026-08-30,5255.83,PAID_ON_TIME
RP0002862,LN200412,6,2026-09-29,5255.83,,0.0,NOT_DUE
RP0002863,LN200412,7,2026-10-29,5255.83,,0.0,NOT_DUE
RP0002864,LN200412,8,2026-11-29,5255.83,,0.0,NOT_DUE
RP0002865,LN200412,9,2026-12-29,5255.83,,0.0,NOT_DUE
RP0002866,LN200412,10,2027-01-29,5255.83,,0.0,NOT_DUE
RP0002867,LN200412,11,2027-02-28,5255.83,,0.0,NOT_DUE
RP0002868,LN200412,12,2027-03-29,5255.83,,0.0,NOT_DUE
RP0002869,LN200413,1,2025-02-03,12280.0,,0.0,UNPAID
RP0002870,LN200413,2,2025-03-03,12280.0,2025-03-05,12280.0,PAID_ON_TIME
RP0002871,LN200413,3,2025-04-03,12280.0,2025-07-16,12280.0,PAID_LATE
RP0002872,LN200413,4,2025-05-03,12280.0,2025-05-01,12280.0,PAID_ON_TIME
RP0002873,LN200413,5,2025-06-03,12280.0,,0.0,UNPAID
RP0002874,LN200413,6,2025-07-03,12280.0,2025-07-06,12280.0,PAID_ON_TIME
RP0002875,LN200413,7,2025-08-03,12280.0,2025-07-31,12280.0,PAID_ON_TIME
RP0002876,LN200413,8,2025-09-03,12280.0,2025-09-02,12280.0,PAID_ON_TIME
RP0002877,LN200413,9,2025-10-03,12280.0,2025-10-06,12280.0,PAID_ON_TIME
RP0002878,LN200413,10,2025-11-03,12280.0,2025-11-03,12280.0,PAID_ON_TIME
RP0002879,LN200413,11,2025-12-03,12280.0,2026-01-18,12280.0,PAID_LATE
RP0002880,LN200413,12,2026-01-03,12280.0,2026-01-04,12280.0,PAID_ON_TIME
RP0002881,LN200414,1,2025-02-27,7329.0,2025-02-27,7329.0,PAID_ON_TIME
RP0002882,LN200414,2,2025-03-27,7329.0,2025-03-29,7329.0,PAID_ON_TIME
RP0002883,LN200414,3,2025-04-27,7329.0,2025-04-24,7329.0,PAID_ON_TIME
RP0002884,LN200415,1,2026-04-09,5519.53,2026-04-08,5519.53,PAID_ON_TIME
RP0002885,LN200415,2,2026-05-09,5519.53,2026-05-07,5519.53,PAID_ON_TIME
RP0002886,LN200415,3,2026-06-09,5519.53,2026-06-06,5519.53,PAID_ON_TIME
RP0002887,LN200415,4,2026-07-09,5519.53,2026-07-08,5519.53,PAID_ON_TIME
RP0002888,LN200415,5,2026-08-09,5519.53,2026-08-07,5519.53,PAID_ON_TIME
RP0002889,LN200415,6,2026-09-09,5519.53,,0.0,NOT_DUE
RP0002890,LN200415,7,2026-10-09,5519.53,,0.0,NOT_DUE
RP0002891,LN200415,8,2026-11-09,5519.53,,0.0,NOT_DUE
RP0002892,LN200415,9,2026-12-09,5519.53,,0.0,NOT_DUE
RP0002893,LN200416,1,2026-09-01,19278.0,2026-08-30,19278.0,PAID_ON_TIME
RP0002894,LN200416,2,2026-10-01,19278.0,,0.0,NOT_DUE
RP0002895,LN200416,3,2026-11-01,19278.0,,0.0,NOT_DUE
RP0002896,LN200417,1,2026-08-05,18677.5,2026-08-03,18677.5,PAID_ON_TIME
RP0002897,LN200417,2,2026-09-05,18677.5,,0.0,NOT_DUE
RP0002898,LN200417,3,2026-10-05,18677.5,,0.0,NOT_DUE
RP0002899,LN200417,4,2026-11-05,18677.5,,0.0,NOT_DUE
RP0002900,LN200417,5,2026-12-05,18677.5,,0.0,NOT_DUE
RP0002901,LN200417,6,2027-01-05,18677.5,,0.0,NOT_DUE
RP0002902,LN200417,7,2027-02-05,18677.5,,0.0,NOT_DUE
RP0002903,LN200417,8,2027-03-05,18677.5,,0.0,NOT_DUE
RP0002904,LN200417,9,2027-04-05,18677.5,,0.0,NOT_DUE
RP0002905,LN200417,10,2027-05-05,18677.5,,0.0,NOT_DUE
RP0002906,LN200417,11,2027-06-05,18677.5,,0.0,NOT_DUE
RP0002907,LN200417,12,2027-07-05,18677.5,,0.0,NOT_DUE
RP0002908,LN200418,1,2026-04-18,40388.33,2026-04-19,40388.33,PAID_ON_TIME
RP0002909,LN200418,2,2026-05-18,40388.33,2026-05-16,40388.33,PAID_ON_TIME
RP0002910,LN200418,3,2026-06-18,40388.33,2026-06-18,40388.33,PAID_ON_TIME
RP0002911,LN200418,4,2026-07-18,40388.33,2026-07-16,40388.33,PAID_ON_TIME
RP0002912,LN200418,5,2026-08-18,40388.33,2026-08-20,40388.33,PAID_ON_TIME
RP0002913,LN200418,6,2026-09-18,40388.33,,0.0,NOT_DUE
RP0002914,LN200419,1,2026-06-05,11929.5,2026-06-07,11929.5,PAID_ON_TIME
RP0002915,LN200419,2,2026-07-05,11929.5,2026-07-09,11929.5,PAID_ON_TIME
RP0002916,LN200419,3,2026-08-05,11929.5,2026-08-05,11929.5,PAID_ON_TIME
RP0002917,LN200419,4,2026-09-05,11929.5,,0.0,NOT_DUE
RP0002918,LN200419,5,2026-10-05,11929.5,,0.0,NOT_DUE
RP0002919,LN200419,6,2026-11-05,11929.5,,0.0,NOT_DUE
RP0002920,LN200420,1,2026-02-02,8393.42,2026-04-10,8393.42,PAID_LATE
RP0002921,LN200420,2,2026-03-02,8393.42,2026-03-03,8393.42,PAID_ON_TIME
RP0002922,LN200420,3,2026-04-02,8393.42,2026-04-01,8393.42,PAID_ON_TIME
RP0002923,LN200420,4,2026-05-02,8393.42,2026-05-06,8393.42,PAID_ON_TIME
RP0002924,LN200420,5,2026-06-02,8393.42,2026-06-02,8393.42,PAID_ON_TIME
RP0002925,LN200420,6,2026-07-02,8393.42,2026-07-01,8393.42,PAID_ON_TIME
RP0002926,LN200421,1,2026-05-10,17060.31,,0.0,UNPAID
RP0002927,LN200421,2,2026-06-10,17060.31,2026-06-10,17060.31,PAID_ON_TIME
RP0002928,LN200421,3,2026-07-10,17060.31,,0.0,UNPAID
RP0002929,LN200421,4,2026-08-10,17060.31,,0.0,UNPAID
RP0002930,LN200421,5,2026-09-10,17060.31,,0.0,NOT_DUE
RP0002931,LN200421,6,2026-10-10,17060.31,,0.0,NOT_DUE
RP0002932,LN200421,7,2026-11-10,17060.31,,0.0,NOT_DUE
RP0002933,LN200421,8,2026-12-10,17060.31,,0.0,NOT_DUE
RP0002934,LN200421,9,2027-01-10,17060.31,,0.0,NOT_DUE
RP0002935,LN200422,1,2026-08-01,7216.83,2026-08-03,7216.83,PAID_ON_TIME
RP0002936,LN200422,2,2026-09-01,7216.83,,0.0,UNPAID
RP0002937,LN200422,3,2026-10-01,7216.83,,0.0,NOT_DUE
RP0002938,LN200422,4,2026-11-01,7216.83,,0.0,NOT_DUE
RP0002939,LN200422,5,2026-12-01,7216.83,,0.0,NOT_DUE
RP0002940,LN200422,6,2027-01-01,7216.83,,0.0,NOT_DUE
RP0002941,LN200422,7,2027-02-01,7216.83,,0.0,NOT_DUE
RP0002942,LN200422,8,2027-03-01,7216.83,,0.0,NOT_DUE
RP0002943,LN200422,9,2027-04-01,7216.83,,0.0,NOT_DUE
RP0002944,LN200423,1,2025-08-04,12404.33,2025-10-30,12404.33,PAID_LATE
RP0002945,LN200423,2,2025-09-04,12404.33,2025-09-08,12404.33,PAID_ON_TIME
RP0002946,LN200423,3,2025-10-04,12404.33,2025-10-02,12404.33,PAID_ON_TIME
RP0002947,LN200423,4,2025-11-04,12404.33,2025-12-21,12404.33,PAID_LATE
RP0002948,LN200423,5,2025-12-04,12404.33,2025-12-05,12404.33,PAID_ON_TIME
RP0002949,LN200423,6,2026-01-04,12404.33,2026-01-06,12404.33,PAID_ON_TIME
RP0002950,LN200424,1,2025-08-03,4563.75,2025-08-07,4563.75,PAID_ON_TIME
RP0002951,LN200424,2,2025-09-03,4563.75,2025-09-05,4563.75,PAID_ON_TIME
RP0002952,LN200424,3,2025-10-03,4563.75,2025-10-05,4563.75,PAID_ON_TIME
RP0002953,LN200424,4,2025-11-03,4563.75,2025-11-07,4563.75,PAID_ON_TIME
RP0002954,LN200424,5,2025-12-03,4563.75,2025-12-13,4563.75,PAID_LATE
RP0002955,LN200424,6,2026-01-03,4563.75,2026-01-06,4563.75,PAID_ON_TIME
RP0002956,LN200424,7,2026-02-03,4563.75,2026-02-06,4563.75,PAID_ON_TIME
RP0002957,LN200424,8,2026-03-03,4563.75,2026-03-06,4563.75,PAID_ON_TIME
RP0002958,LN200424,9,2026-04-03,4563.75,2026-04-05,4563.75,PAID_ON_TIME
RP0002959,LN200424,10,2026-05-03,4563.75,2026-05-04,4563.75,PAID_ON_TIME
RP0002960,LN200424,11,2026-06-03,4563.75,2026-06-05,4563.75,PAID_ON_TIME
RP0002961,LN200424,12,2026-07-03,4563.75,2026-07-05,4563.75,PAID_ON_TIME
RP0002962,LN200425,1,2026-03-16,11332.03,2026-03-14,11332.03,PAID_ON_TIME
RP0002963,LN200425,2,2026-04-16,11332.03,2026-04-15,11332.03,PAID_ON_TIME
RP0002964,LN200425,3,2026-05-16,11332.03,,0.0,UNPAID
RP0002965,LN200425,4,2026-06-16,11332.03,2026-06-15,11332.03,PAID_ON_TIME
RP0002966,LN200425,5,2026-07-16,11332.03,2026-07-20,11332.03,PAID_ON_TIME
RP0002967,LN200425,6,2026-08-16,11332.03,2026-08-17,11332.03,PAID_ON_TIME
RP0002968,LN200425,7,2026-09-16,11332.03,,0.0,NOT_DUE
RP0002969,LN200425,8,2026-10-16,11332.03,,0.0,NOT_DUE
RP0002970,LN200425,9,2026-11-16,11332.03,,0.0,NOT_DUE
RP0002971,LN200426,1,2026-08-15,21340.67,2026-08-19,21340.67,PAID_ON_TIME
RP0002972,LN200426,2,2026-09-15,21340.67,,0.0,NOT_DUE
RP0002973,LN200426,3,2026-10-15,21340.67,,0.0,NOT_DUE
RP0002974,LN200426,4,2026-11-15,21340.67,,0.0,NOT_DUE
RP0002975,LN200426,5,2026-12-15,21340.67,,0.0,NOT_DUE
RP0002976,LN200426,6,2027-01-15,21340.67,,0.0,NOT_DUE
RP0002977,LN200427,1,2025-03-10,14843.17,2025-03-08,14843.17,PAID_ON_TIME
RP0002978,LN200427,2,2025-04-10,14843.17,2025-04-14,14843.17,PAID_ON_TIME
RP0002979,LN200427,3,2025-05-10,14843.17,2025-05-13,14843.17,PAID_ON_TIME
RP0002980,LN200427,4,2025-06-10,14843.17,2025-06-09,14843.17,PAID_ON_TIME
RP0002981,LN200427,5,2025-07-10,14843.17,2025-07-12,14843.17,PAID_ON_TIME
RP0002982,LN200427,6,2025-08-10,14843.17,2025-08-08,14843.17,PAID_ON_TIME
RP0002983,LN200428,1,2026-03-11,7383.33,2026-03-20,7383.33,PAID_LATE
RP0002984,LN200428,2,2026-04-11,7383.33,2026-04-15,7383.33,PAID_ON_TIME
RP0002985,LN200428,3,2026-05-11,7383.33,2026-05-08,7383.33,PAID_ON_TIME
RP0002986,LN200428,4,2026-06-11,7383.33,2026-06-10,7383.33,PAID_ON_TIME
RP0002987,LN200428,5,2026-07-11,7383.33,2026-07-15,7383.33,PAID_ON_TIME
RP0002988,LN200428,6,2026-08-11,7383.33,2026-08-11,7383.33,PAID_ON_TIME
RP0002989,LN200429,1,2026-08-13,2936.67,2026-08-12,2936.67,PAID_ON_TIME
RP0002990,LN200429,2,2026-09-13,2936.67,,0.0,NOT_DUE
RP0002991,LN200429,3,2026-10-13,2936.67,,0.0,NOT_DUE
RP0002992,LN200429,4,2026-11-13,2936.67,,0.0,NOT_DUE
RP0002993,LN200429,5,2026-12-13,2936.67,,0.0,NOT_DUE
RP0002994,LN200429,6,2027-01-13,2936.67,,0.0,NOT_DUE
RP0002995,LN200429,7,2027-02-13,2936.67,,0.0,NOT_DUE
RP0002996,LN200429,8,2027-03-13,2936.67,,0.0,NOT_DUE
RP0002997,LN200429,9,2027-04-13,2936.67,,0.0,NOT_DUE
RP0002998,LN200430,1,2026-04-10,21715.5,2026-04-12,21715.5,PAID_ON_TIME
RP0002999,LN200430,2,2026-05-10,21715.5,2026-05-11,21715.5,PAID_ON_TIME
RP0003000,LN200430,3,2026-06-10,21715.5,2026-06-10,21715.5,PAID_ON_TIME
RP0003001,LN200432,1,2025-02-26,3663.33,2025-02-27,3663.33,PAID_ON_TIME
RP0003002,LN200432,2,2025-03-26,3663.33,2025-03-29,3663.33,PAID_ON_TIME
RP0003003,LN200432,3,2025-04-26,3663.33,2025-04-29,3663.33,PAID_ON_TIME
RP0003004,LN200432,4,2025-05-26,3663.33,2025-05-24,3663.33,PAID_ON_TIME
RP0003005,LN200432,5,2025-06-26,3663.33,2025-06-28,3663.33,PAID_ON_TIME
RP0003006,LN200432,6,2025-07-26,3663.33,2025-07-25,3663.33,PAID_ON_TIME
RP0003007,LN200433,1,2026-04-26,35742.5,2026-04-25,35742.5,PAID_ON_TIME
RP0003008,LN200433,2,2026-05-26,35742.5,2026-06-29,35742.5,PAID_LATE
RP0003009,LN200433,3,2026-06-26,35742.5,,0.0,UNPAID
RP0003010,LN200434,1,2026-08-20,19725.33,2026-08-20,19725.33,PAID_ON_TIME
RP0003011,LN200434,2,2026-09-20,19725.33,,0.0,NOT_DUE
RP0003012,LN200434,3,2026-10-20,19725.33,,0.0,NOT_DUE
RP0003013,LN200434,4,2026-11-20,19725.33,,0.0,NOT_DUE
RP0003014,LN200434,5,2026-12-20,19725.33,,0.0,NOT_DUE
RP0003015,LN200434,6,2027-01-20,19725.33,,0.0,NOT_DUE
RP0003016,LN200434,7,2027-02-20,19725.33,,0.0,NOT_DUE
RP0003017,LN200434,8,2027-03-20,19725.33,,0.0,NOT_DUE
RP0003018,LN200434,9,2027-04-20,19725.33,,0.0,NOT_DUE
RP0003019,LN200435,1,2026-03-07,19497.78,2026-03-04,19497.78,PAID_ON_TIME
RP0003020,LN200435,2,2026-04-07,19497.78,2026-04-04,19497.78,PAID_ON_TIME
RP0003021,LN200435,3,2026-05-07,19497.78,2026-07-25,19497.78,PAID_LATE
RP0003022,LN200435,4,2026-06-07,19497.78,2026-06-04,19497.78,PAID_ON_TIME
RP0003023,LN200435,5,2026-07-07,19497.78,2026-07-06,19497.78,PAID_ON_TIME
RP0003024,LN200435,6,2026-08-07,19497.78,2026-08-09,19497.78,PAID_ON_TIME
RP0003025,LN200435,7,2026-09-07,19497.78,,0.0,NOT_DUE
RP0003026,LN200435,8,2026-10-07,19497.78,,0.0,NOT_DUE
RP0003027,LN200435,9,2026-11-07,19497.78,,0.0,NOT_DUE
RP0003028,LN200436,1,2025-08-26,10519.44,2025-08-25,10519.44,PAID_ON_TIME
RP0003029,LN200436,2,2025-09-26,10519.44,,0.0,UNPAID
RP0003030,LN200436,3,2025-10-26,10519.44,2025-10-25,10519.44,PAID_ON_TIME
RP0003031,LN200436,4,2025-11-26,10519.44,2025-11-28,10519.44,PAID_ON_TIME
RP0003032,LN200436,5,2025-12-26,10519.44,2025-12-25,10519.44,PAID_ON_TIME
RP0003033,LN200436,6,2026-01-26,10519.44,2026-05-14,10519.44,PAID_LATE
RP0003034,LN200436,7,2026-02-26,10519.44,2026-02-23,10519.44,PAID_ON_TIME
RP0003035,LN200436,8,2026-03-26,10519.44,2026-03-23,10519.44,PAID_ON_TIME
RP0003036,LN200436,9,2026-04-26,10519.44,2026-06-12,10519.44,PAID_LATE
RP0003037,LN200436,10,2026-05-26,10519.44,2026-05-25,10519.44,PAID_ON_TIME
RP0003038,LN200436,11,2026-06-26,10519.44,2026-06-30,10519.44,PAID_ON_TIME
RP0003039,LN200436,12,2026-07-26,10519.44,2026-07-23,10519.44,PAID_ON_TIME
RP0003040,LN200436,13,2026-08-26,10519.44,2026-08-25,10519.44,PAID_ON_TIME
RP0003041,LN200436,14,2026-09-26,10519.44,,0.0,NOT_DUE
RP0003042,LN200436,15,2026-10-26,10519.44,,0.0,NOT_DUE
RP0003043,LN200436,16,2026-11-26,10519.44,,0.0,NOT_DUE
RP0003044,LN200436,17,2026-12-26,10519.44,,0.0,NOT_DUE
RP0003045,LN200436,18,2027-01-26,10519.44,,0.0,NOT_DUE
RP0003046,LN200437,1,2026-08-06,55562.0,2026-08-08,55562.0,PAID_ON_TIME
RP0003047,LN200437,2,2026-09-06,55562.0,,0.0,NOT_DUE
RP0003048,LN200437,3,2026-10-06,55562.0,,0.0,NOT_DUE
RP0003049,LN200437,4,2026-11-06,55562.0,,0.0,NOT_DUE
RP0003050,LN200437,5,2026-12-06,55562.0,,0.0,NOT_DUE
RP0003051,LN200437,6,2027-01-06,55562.0,,0.0,NOT_DUE
RP0003052,LN200438,1,2026-07-17,4722.67,2026-07-15,4722.67,PAID_ON_TIME
RP0003053,LN200438,2,2026-08-17,4722.67,2026-08-19,4722.67,PAID_ON_TIME
RP0003054,LN200438,3,2026-09-17,4722.67,,0.0,NOT_DUE
RP0003055,LN200438,4,2026-10-17,4722.67,,0.0,NOT_DUE
RP0003056,LN200438,5,2026-11-17,4722.67,,0.0,NOT_DUE
RP0003057,LN200438,6,2026-12-17,4722.67,,0.0,NOT_DUE
RP0003058,LN200438,7,2027-01-17,4722.67,,0.0,NOT_DUE
RP0003059,LN200438,8,2027-02-17,4722.67,,0.0,NOT_DUE
RP0003060,LN200438,9,2027-03-17,4722.67,,0.0,NOT_DUE
RP0003061,LN200438,10,2027-04-17,4722.67,,0.0,NOT_DUE
RP0003062,LN200438,11,2027-05-17,4722.67,,0.0,NOT_DUE
RP0003063,LN200438,12,2027-06-17,4722.67,,0.0,NOT_DUE
RP0003064,LN200440,1,2026-02-12,22883.17,2026-02-15,22883.17,PAID_ON_TIME
RP0003065,LN200440,2,2026-03-12,22883.17,2026-03-11,22883.17,PAID_ON_TIME
RP0003066,LN200440,3,2026-04-12,22883.17,2026-04-09,22883.17,PAID_ON_TIME
RP0003067,LN200440,4,2026-05-12,22883.17,2026-05-09,22883.17,PAID_ON_TIME
RP0003068,LN200440,5,2026-06-12,22883.17,2026-06-16,22883.17,PAID_ON_TIME
RP0003069,LN200440,6,2026-07-12,22883.17,2026-07-13,22883.17,PAID_ON_TIME
RP0003070,LN200440,7,2026-08-12,22883.17,2026-08-11,22883.17,PAID_ON_TIME
RP0003071,LN200440,8,2026-09-12,22883.17,,0.0,NOT_DUE
RP0003072,LN200440,9,2026-10-12,22883.17,,0.0,NOT_DUE
RP0003073,LN200441,1,2025-05-17,23230.67,2025-05-15,23230.67,PAID_ON_TIME
RP0003074,LN200441,2,2025-06-17,23230.67,2025-06-18,23230.67,PAID_ON_TIME
RP0003075,LN200441,3,2025-07-17,23230.67,2025-07-15,23230.67,PAID_ON_TIME
RP0003076,LN200441,4,2025-08-17,23230.67,2025-08-16,23230.67,PAID_ON_TIME
RP0003077,LN200441,5,2025-09-17,23230.67,2025-09-17,23230.67,PAID_ON_TIME
RP0003078,LN200441,6,2025-10-17,23230.67,2025-10-14,23230.67,PAID_ON_TIME
RP0003079,LN200442,1,2025-05-09,20625.42,2025-07-24,20625.42,PAID_LATE
RP0003080,LN200442,2,2025-06-09,20625.42,2025-06-09,20625.42,PAID_ON_TIME
RP0003081,LN200442,3,2025-07-09,20625.42,2025-07-11,20625.42,PAID_ON_TIME
RP0003082,LN200443,1,2025-05-07,6130.89,2025-05-05,6130.89,PAID_ON_TIME
RP0003083,LN200443,2,2025-06-07,6130.89,2025-06-06,6130.89,PAID_ON_TIME
RP0003084,LN200443,3,2025-07-07,6130.89,2025-08-20,6130.89,PAID_LATE
RP0003085,LN200443,4,2025-08-07,6130.89,2025-08-10,6130.89,PAID_ON_TIME
RP0003086,LN200443,5,2025-09-07,6130.89,2025-12-02,6130.89,PAID_LATE
RP0003087,LN200443,6,2025-10-07,6130.89,2025-10-09,6130.89,PAID_LATE
RP0003088,LN200443,7,2025-11-07,6130.89,2025-11-05,6130.89,PAID_ON_TIME
RP0003089,LN200443,8,2025-12-07,6130.89,2026-02-28,6130.89,PAID_LATE
RP0003090,LN200443,9,2026-01-07,6130.89,2026-02-04,6130.89,PAID_LATE
RP0003091,LN200444,1,2025-09-28,84212.56,2025-09-29,84212.56,PAID_ON_TIME
RP0003092,LN200444,2,2025-10-28,84212.56,2025-10-28,84212.56,PAID_ON_TIME
RP0003093,LN200444,3,2025-11-28,84212.56,2025-11-25,84212.56,PAID_ON_TIME
RP0003094,LN200444,4,2025-12-28,84212.56,2026-01-01,84212.56,PAID_ON_TIME
RP0003095,LN200444,5,2026-01-28,84212.56,2026-01-30,84212.56,PAID_ON_TIME
RP0003096,LN200444,6,2026-02-28,84212.56,2026-02-26,84212.56,PAID_ON_TIME
RP0003097,LN200444,7,2026-03-28,84212.56,2026-04-01,84212.56,PAID_ON_TIME
RP0003098,LN200444,8,2026-04-28,84212.56,2026-05-15,84212.56,PAID_LATE
RP0003099,LN200444,9,2026-05-28,84212.56,2026-07-12,84212.56,PAID_LATE
RP0003100,LN200445,1,2026-06-13,249254.25,2026-06-14,249254.25,PAID_ON_TIME
RP0003101,LN200445,2,2026-07-13,249254.25,2026-07-17,249254.25,PAID_ON_TIME
RP0003102,LN200445,3,2026-08-13,249254.25,,0.0,UNPAID
RP0003103,LN200446,1,2026-07-02,7433.83,2026-07-28,7433.83,PAID_LATE
RP0003104,LN200446,2,2026-08-02,7433.83,2026-08-06,7433.83,PAID_ON_TIME
RP0003105,LN200446,3,2026-09-02,7433.83,,0.0,NOT_DUE
RP0003106,LN200446,4,2026-10-02,7433.83,,0.0,NOT_DUE
RP0003107,LN200446,5,2026-11-02,7433.83,,0.0,NOT_DUE
RP0003108,LN200446,6,2026-12-02,7433.83,,0.0,NOT_DUE
RP0003109,LN200446,7,2027-01-02,7433.83,,0.0,NOT_DUE
RP0003110,LN200446,8,2027-02-02,7433.83,,0.0,NOT_DUE
RP0003111,LN200446,9,2027-03-02,7433.83,,0.0,NOT_DUE
RP0003112,LN200446,10,2027-04-02,7433.83,,0.0,NOT_DUE
RP0003113,LN200446,11,2027-05-02,7433.83,,0.0,NOT_DUE
RP0003114,LN200446,12,2027-06-02,7433.83,,0.0,NOT_DUE
RP0003115,LN200447,1,2025-09-11,4428.0,2025-09-08,4428.0,PAID_ON_TIME
RP0003116,LN200447,2,2025-10-11,4428.0,2025-10-10,4428.0,PAID_ON_TIME
RP0003117,LN200447,3,2025-11-11,4428.0,2025-11-08,4428.0,PAID_ON_TIME
RP0003118,LN200447,4,2025-12-11,4428.0,2025-12-13,4428.0,PAID_ON_TIME
RP0003119,LN200447,5,2026-01-11,4428.0,,0.0,UNPAID
RP0003120,LN200447,6,2026-02-11,4428.0,,0.0,UNPAID
RP0003121,LN200448,1,2025-11-23,21723.0,2025-11-25,21723.0,PAID_ON_TIME
RP0003122,LN200448,2,2025-12-23,21723.0,2025-12-26,21723.0,PAID_ON_TIME
RP0003123,LN200448,3,2026-01-23,21723.0,2026-01-21,21723.0,PAID_ON_TIME
RP0003124,LN200448,4,2026-02-23,21723.0,2026-02-22,21723.0,PAID_ON_TIME
RP0003125,LN200448,5,2026-03-23,21723.0,2026-03-21,21723.0,PAID_ON_TIME
RP0003126,LN200448,6,2026-04-23,21723.0,2026-04-26,21723.0,PAID_ON_TIME
RP0003127,LN200449,1,2026-08-28,73742.17,2026-08-26,73742.17,PAID_ON_TIME
RP0003128,LN200449,2,2026-09-28,73742.17,,0.0,NOT_DUE
RP0003129,LN200449,3,2026-10-28,73742.17,,0.0,NOT_DUE
RP0003130,LN200450,1,2026-02-21,59153.67,2026-02-20,59153.67,PAID_ON_TIME
RP0003131,LN200450,2,2026-03-21,59153.67,2026-03-22,59153.67,PAID_ON_TIME
RP0003132,LN200450,3,2026-04-21,59153.67,2026-04-22,59153.67,PAID_ON_TIME
RP0003133,LN200451,1,2025-08-16,2982.22,2025-08-15,2982.22,PAID_ON_TIME
RP0003134,LN200451,2,2025-09-16,2982.22,2025-09-17,2982.22,PAID_ON_TIME
RP0003135,LN200451,3,2025-10-16,2982.22,2025-10-18,2982.22,PAID_ON_TIME
RP0003136,LN200451,4,2025-11-16,2982.22,,0.0,UNPAID
RP0003137,LN200451,5,2025-12-16,2982.22,2025-12-18,2982.22,PAID_ON_TIME
RP0003138,LN200451,6,2026-01-16,2982.22,2026-01-17,2982.22,PAID_ON_TIME
RP0003139,LN200451,7,2026-02-16,2982.22,,0.0,UNPAID
RP0003140,LN200451,8,2026-03-16,2982.22,2026-03-14,2982.22,PAID_ON_TIME
RP0003141,LN200451,9,2026-04-16,2982.22,2026-04-19,2982.22,PAID_ON_TIME
RP0003142,LN200451,10,2026-05-16,2982.22,2026-05-18,2982.22,PAID_ON_TIME
RP0003143,LN200451,11,2026-06-16,2982.22,2026-06-17,2982.22,PAID_ON_TIME
RP0003144,LN200451,12,2026-07-16,2982.22,2026-07-17,2982.22,PAID_ON_TIME
RP0003145,LN200451,13,2026-08-16,2982.22,2026-08-18,2982.22,PAID_ON_TIME
RP0003146,LN200451,14,2026-09-16,2982.22,,0.0,NOT_DUE
RP0003147,LN200451,15,2026-10-16,2982.22,,0.0,NOT_DUE
RP0003148,LN200451,16,2026-11-16,2982.22,,0.0,NOT_DUE
RP0003149,LN200451,17,2026-12-16,2982.22,,0.0,NOT_DUE
RP0003150,LN200451,18,2027-01-16,2982.22,,0.0,NOT_DUE
RP0003151,LN200452,1,2025-07-10,56080.25,2025-07-11,56080.25,PAID_ON_TIME
RP0003152,LN200452,2,2025-08-10,56080.25,2025-08-08,56080.25,PAID_ON_TIME
RP0003153,LN200452,3,2025-09-10,56080.25,2025-09-14,56080.25,PAID_ON_TIME
RP0003154,LN200452,4,2025-10-10,56080.25,2025-10-10,56080.25,PAID_ON_TIME
RP0003155,LN200452,5,2025-11-10,56080.25,2026-02-27,56080.25,PAID_LATE
RP0003156,LN200452,6,2025-12-10,56080.25,2025-12-12,56080.25,PAID_ON_TIME
RP0003157,LN200453,1,2026-05-11,14505.75,2026-05-09,14505.75,PAID_ON_TIME
RP0003158,LN200453,2,2026-06-11,14505.75,2026-07-22,14505.75,PAID_LATE
RP0003159,LN200453,3,2026-07-11,14505.75,2026-07-14,14505.75,PAID_ON_TIME
RP0003160,LN200453,4,2026-08-11,14505.75,,0.0,UNPAID
RP0003161,LN200453,5,2026-09-11,14505.75,,0.0,NOT_DUE
RP0003162,LN200453,6,2026-10-11,14505.75,,0.0,NOT_DUE
RP0003163,LN200454,1,2025-07-21,22934.17,2025-07-25,22934.17,PAID_ON_TIME
RP0003164,LN200454,2,2025-08-21,22934.17,2025-08-18,22934.17,PAID_ON_TIME
RP0003165,LN200454,3,2025-09-21,22934.17,2025-09-18,22934.17,PAID_ON_TIME
RP0003166,LN200455,1,2026-02-11,22163.75,2026-02-15,22163.75,PAID_ON_TIME
RP0003167,LN200455,2,2026-03-11,22163.75,2026-03-08,22163.75,PAID_ON_TIME
RP0003168,LN200455,3,2026-04-11,22163.75,2026-04-15,22163.75,PAID_ON_TIME
RP0003169,LN200455,4,2026-05-11,22163.75,2026-05-09,22163.75,PAID_ON_TIME
RP0003170,LN200455,5,2026-06-11,22163.75,2026-06-10,22163.75,PAID_ON_TIME
RP0003171,LN200455,6,2026-07-11,22163.75,2026-07-08,22163.75,PAID_ON_TIME
RP0003172,LN200456,1,2026-01-09,3706.67,2026-01-08,3706.67,PAID_ON_TIME
RP0003173,LN200456,2,2026-02-09,3706.67,2026-02-06,3706.67,PAID_ON_TIME
RP0003174,LN200456,3,2026-03-09,3706.67,2026-03-08,3706.67,PAID_ON_TIME
RP0003175,LN200456,4,2026-04-09,3706.67,2026-04-06,3706.67,PAID_ON_TIME
RP0003176,LN200456,5,2026-05-09,3706.67,2026-05-06,3706.67,PAID_ON_TIME
RP0003177,LN200456,6,2026-06-09,3706.67,2026-06-06,3706.67,PAID_ON_TIME
RP0003178,LN200457,1,2025-10-06,70701.75,2025-10-10,70701.75,PAID_ON_TIME
RP0003179,LN200457,2,2025-11-06,70701.75,2025-11-04,70701.75,PAID_ON_TIME
RP0003180,LN200457,3,2025-12-06,70701.75,2025-12-08,70701.75,PAID_ON_TIME
RP0003181,LN200458,1,2025-10-22,11812.97,2025-10-26,11812.97,PAID_ON_TIME
RP0003182,LN200458,2,2025-11-22,11812.97,2025-11-20,11812.97,PAID_ON_TIME
RP0003183,LN200458,3,2025-12-22,11812.97,2025-12-21,11812.97,PAID_ON_TIME
RP0003184,LN200458,4,2026-01-22,11812.97,2026-01-26,11812.97,PAID_ON_TIME
RP0003185,LN200458,5,2026-02-22,11812.97,2026-02-26,11812.97,PAID_ON_TIME
RP0003186,LN200458,6,2026-03-22,11812.97,2026-03-22,11812.97,PAID_ON_TIME
RP0003187,LN200458,7,2026-04-22,11812.97,2026-04-26,11812.97,PAID_ON_TIME
RP0003188,LN200458,8,2026-05-22,11812.97,2026-05-25,11812.97,PAID_ON_TIME
RP0003189,LN200458,9,2026-06-22,11812.97,2026-06-22,11812.97,PAID_ON_TIME
RP0003190,LN200458,10,2026-07-22,11812.97,2026-07-25,11812.97,PAID_ON_TIME
RP0003191,LN200458,11,2026-08-22,11812.97,2026-08-22,11812.97,PAID_ON_TIME
RP0003192,LN200458,12,2026-09-22,11812.97,,0.0,NOT_DUE
RP0003193,LN200458,13,2026-10-22,11812.97,,0.0,NOT_DUE
RP0003194,LN200458,14,2026-11-22,11812.97,,0.0,NOT_DUE
RP0003195,LN200458,15,2026-12-22,11812.97,,0.0,NOT_DUE
RP0003196,LN200458,16,2027-01-22,11812.97,,0.0,NOT_DUE
RP0003197,LN200458,17,2027-02-22,11812.97,,0.0,NOT_DUE
RP0003198,LN200458,18,2027-03-22,11812.97,,0.0,NOT_DUE
RP0003199,LN200459,1,2025-09-16,3208.75,2025-09-17,3208.75,PAID_ON_TIME
RP0003200,LN200459,2,2025-10-16,3208.75,2025-10-15,3208.75,PAID_ON_TIME
RP0003201,LN200459,3,2025-11-16,3208.75,2025-11-20,3208.75,PAID_ON_TIME
RP0003202,LN200459,4,2025-12-16,3208.75,2025-12-18,3208.75,PAID_ON_TIME
RP0003203,LN200459,5,2026-01-16,3208.75,2026-01-19,3208.75,PAID_ON_TIME
RP0003204,LN200459,6,2026-02-16,3208.75,2026-02-14,3208.75,PAID_ON_TIME
RP0003205,LN200459,7,2026-03-16,3208.75,2026-03-20,3208.75,PAID_ON_TIME
RP0003206,LN200459,8,2026-04-16,3208.75,2026-04-16,3208.75,PAID_ON_TIME
RP0003207,LN200459,9,2026-05-16,3208.75,2026-05-20,3208.75,PAID_ON_TIME
RP0003208,LN200459,10,2026-06-16,3208.75,2026-06-16,3208.75,PAID_ON_TIME
RP0003209,LN200459,11,2026-07-16,3208.75,2026-07-19,3208.75,PAID_ON_TIME
RP0003210,LN200459,12,2026-08-16,3208.75,2026-08-19,3208.75,PAID_ON_TIME
RP0003211,LN200459,13,2026-09-16,3208.75,,0.0,NOT_DUE
RP0003212,LN200459,14,2026-10-16,3208.75,,0.0,NOT_DUE
RP0003213,LN200459,15,2026-11-16,3208.75,,0.0,NOT_DUE
RP0003214,LN200459,16,2026-12-16,3208.75,,0.0,NOT_DUE
RP0003215,LN200459,17,2027-01-16,3208.75,,0.0,NOT_DUE
RP0003216,LN200459,18,2027-02-16,3208.75,,0.0,NOT_DUE
RP0003217,LN200460,1,2026-05-21,15089.42,2026-05-19,15089.42,PAID_ON_TIME
RP0003218,LN200460,2,2026-06-21,15089.42,2026-06-25,15089.42,PAID_ON_TIME
RP0003219,LN200460,3,2026-07-21,15089.42,2026-07-22,15089.42,PAID_ON_TIME
RP0003220,LN200461,1,2025-02-22,191170.83,2025-06-09,191170.83,PAID_LATE
RP0003221,LN200461,2,2025-03-22,191170.83,2025-03-24,191170.83,PAID_ON_TIME
RP0003222,LN200461,3,2025-04-22,191170.83,2025-04-24,191170.83,PAID_ON_TIME
RP0003223,LN200462,1,2025-09-03,10745.0,2025-09-05,10745.0,PAID_ON_TIME
RP0003224,LN200462,2,2025-10-03,10745.0,2025-10-06,10745.0,PAID_ON_TIME
RP0003225,LN200462,3,2025-11-03,10745.0,2026-02-26,10745.0,PAID_LATE
RP0003226,LN200462,4,2025-12-03,10745.0,2026-02-14,10745.0,PAID_LATE
RP0003227,LN200462,5,2026-01-03,10745.0,2025-12-31,10745.0,PAID_ON_TIME
RP0003228,LN200462,6,2026-02-03,10745.0,2026-02-04,10745.0,PAID_ON_TIME
RP0003229,LN200463,1,2026-01-15,37215.0,2026-01-12,37215.0,PAID_ON_TIME
RP0003230,LN200463,2,2026-02-15,37215.0,2026-02-14,37215.0,PAID_ON_TIME
RP0003231,LN200463,3,2026-03-15,37215.0,2026-03-18,37215.0,PAID_ON_TIME
RP0003232,LN200464,1,2026-09-01,8824.08,2026-09-04,8824.08,PAID_ON_TIME
RP0003233,LN200464,2,2026-10-01,8824.08,,0.0,NOT_DUE
RP0003234,LN200464,3,2026-11-01,8824.08,,0.0,NOT_DUE
RP0003235,LN200464,4,2026-12-01,8824.08,,0.0,NOT_DUE
RP0003236,LN200464,5,2027-01-01,8824.08,,0.0,NOT_DUE
RP0003237,LN200464,6,2027-02-01,8824.08,,0.0,NOT_DUE
RP0003238,LN200466,1,2025-10-12,108176.17,2025-10-10,108176.17,PAID_ON_TIME
RP0003239,LN200466,2,2025-11-12,108176.17,2025-11-13,108176.17,PAID_ON_TIME
RP0003240,LN200466,3,2025-12-12,108176.17,2025-12-14,108176.17,PAID_ON_TIME
RP0003241,LN200467,1,2026-05-25,49450.89,2026-08-14,49450.89,PAID_LATE
RP0003242,LN200467,2,2026-06-25,49450.89,2026-06-24,49450.89,PAID_ON_TIME
RP0003243,LN200467,3,2026-07-25,49450.89,2026-07-22,49450.89,PAID_ON_TIME
RP0003244,LN200467,4,2026-08-25,49450.89,2026-08-26,49450.89,PAID_ON_TIME
RP0003245,LN200467,5,2026-09-25,49450.89,,0.0,NOT_DUE
RP0003246,LN200467,6,2026-10-25,49450.89,,0.0,NOT_DUE
RP0003247,LN200467,7,2026-11-25,49450.89,,0.0,NOT_DUE
RP0003248,LN200467,8,2026-12-25,49450.89,,0.0,NOT_DUE
RP0003249,LN200467,9,2027-01-25,49450.89,,0.0,NOT_DUE
RP0003250,LN200468,1,2026-08-31,27583.86,,0.0,UNPAID
RP0003251,LN200468,2,2026-09-30,27583.86,,0.0,NOT_DUE
RP0003252,LN200468,3,2026-10-31,27583.86,,0.0,NOT_DUE
RP0003253,LN200468,4,2026-11-30,27583.86,,0.0,NOT_DUE
RP0003254,LN200468,5,2026-12-31,27583.86,,0.0,NOT_DUE
RP0003255,LN200468,6,2027-01-31,27583.86,,0.0,NOT_DUE
RP0003256,LN200468,7,2027-02-28,27583.86,,0.0,NOT_DUE
RP0003257,LN200468,8,2027-03-31,27583.86,,0.0,NOT_DUE
RP0003258,LN200468,9,2027-04-30,27583.86,,0.0,NOT_DUE
RP0003259,LN200469,1,2026-07-22,10884.67,2026-07-19,10884.67,PAID_ON_TIME
RP0003260,LN200469,2,2026-08-22,10884.67,2026-08-26,10884.67,PAID_ON_TIME
RP0003261,LN200469,3,2026-09-22,10884.67,,0.0,NOT_DUE
RP0003262,LN200469,4,2026-10-22,10884.67,,0.0,NOT_DUE
RP0003263,LN200469,5,2026-11-22,10884.67,,0.0,NOT_DUE
RP0003264,LN200469,6,2026-12-22,10884.67,,0.0,NOT_DUE
RP0003265,LN200469,7,2027-01-22,10884.67,,0.0,NOT_DUE
RP0003266,LN200469,8,2027-02-22,10884.67,,0.0,NOT_DUE
RP0003267,LN200469,9,2027-03-22,10884.67,,0.0,NOT_DUE
RP0003268,LN200471,1,2025-09-06,52384.42,2025-09-04,52384.42,PAID_ON_TIME
RP0003269,LN200471,2,2025-10-06,52384.42,2025-10-05,52384.42,PAID_ON_TIME
RP0003270,LN200471,3,2025-11-06,52384.42,2025-11-07,52384.42,PAID_ON_TIME
RP0003271,LN200472,1,2025-09-30,12136.44,2025-09-28,12136.44,PAID_ON_TIME
RP0003272,LN200472,2,2025-10-31,12136.44,2025-11-04,12136.44,PAID_ON_TIME
RP0003273,LN200472,3,2025-11-30,12136.44,,0.0,UNPAID
RP0003274,LN200472,4,2025-12-31,12136.44,2025-12-30,12136.44,PAID_ON_TIME
RP0003275,LN200472,5,2026-01-31,12136.44,2026-01-31,12136.44,PAID_ON_TIME
RP0003276,LN200472,6,2026-02-28,12136.44,2026-02-28,12136.44,PAID_ON_TIME
RP0003277,LN200472,7,2026-03-31,12136.44,2026-03-30,12136.44,PAID_ON_TIME
RP0003278,LN200472,8,2026-04-30,12136.44,2026-05-02,12136.44,PAID_ON_TIME
RP0003279,LN200472,9,2026-05-31,12136.44,2026-05-31,12136.44,PAID_ON_TIME
RP0003280,LN200473,1,2026-05-22,68970.08,2026-08-07,68970.08,PAID_LATE
RP0003281,LN200473,2,2026-06-22,68970.08,2026-06-21,68970.08,PAID_ON_TIME
RP0003282,LN200473,3,2026-07-22,68970.08,2026-07-19,68970.08,PAID_ON_TIME
RP0003283,LN200474,1,2025-07-13,18801.56,2025-07-17,18801.56,PAID_ON_TIME
RP0003284,LN200474,2,2025-08-13,18801.56,2025-11-24,18801.56,PAID_LATE
RP0003285,LN200474,3,2025-09-13,18801.56,2025-09-14,18801.56,PAID_ON_TIME
RP0003286,LN200474,4,2025-10-13,18801.56,2025-10-12,18801.56,PAID_ON_TIME
RP0003287,LN200474,5,2025-11-13,18801.56,2025-11-10,18801.56,PAID_ON_TIME
RP0003288,LN200474,6,2025-12-13,18801.56,2025-12-15,18801.56,PAID_ON_TIME
RP0003289,LN200474,7,2026-01-13,18801.56,2026-01-10,18801.56,PAID_ON_TIME
RP0003290,LN200474,8,2026-02-13,18801.56,2026-02-17,18801.56,PAID_ON_TIME
RP0003291,LN200474,9,2026-03-13,18801.56,2026-03-10,18801.56,PAID_ON_TIME
RP0003292,LN200475,1,2025-05-30,20219.5,2025-05-27,20219.5,PAID_ON_TIME
RP0003293,LN200475,2,2025-06-30,20219.5,2025-07-03,20219.5,PAID_ON_TIME
RP0003294,LN200475,3,2025-07-30,20219.5,2025-07-31,20219.5,PAID_ON_TIME
RP0003295,LN200475,4,2025-08-30,20219.5,2025-09-03,20219.5,PAID_ON_TIME
RP0003296,LN200475,5,2025-09-30,20219.5,2025-09-29,20219.5,PAID_ON_TIME
RP0003297,LN200475,6,2025-10-30,20219.5,2025-10-28,20219.5,PAID_ON_TIME
RP0003298,LN200476,1,2026-01-27,15973.5,2026-01-27,15973.5,PAID_ON_TIME
RP0003299,LN200476,2,2026-02-27,15973.5,2026-02-28,15973.5,PAID_ON_TIME
RP0003300,LN200476,3,2026-03-27,15973.5,2026-03-30,15973.5,PAID_ON_TIME
RP0003301,LN200477,1,2026-07-22,9160.28,2026-07-26,9160.28,PAID_ON_TIME
RP0003302,LN200477,2,2026-08-22,9160.28,2026-08-24,9160.28,PAID_ON_TIME
RP0003303,LN200477,3,2026-09-22,9160.28,,0.0,NOT_DUE
RP0003304,LN200477,4,2026-10-22,9160.28,,0.0,NOT_DUE
RP0003305,LN200477,5,2026-11-22,9160.28,,0.0,NOT_DUE
RP0003306,LN200477,6,2026-12-22,9160.28,,0.0,NOT_DUE
RP0003307,LN200477,7,2027-01-22,9160.28,,0.0,NOT_DUE
RP0003308,LN200477,8,2027-02-22,9160.28,,0.0,NOT_DUE
RP0003309,LN200477,9,2027-03-22,9160.28,,0.0,NOT_DUE
RP0003310,LN200478,1,2026-05-28,13892.17,2026-05-28,13892.17,PAID_ON_TIME
RP0003311,LN200478,2,2026-06-28,13892.17,2026-06-28,13892.17,PAID_ON_TIME
RP0003312,LN200478,3,2026-07-28,13892.17,2026-07-30,13892.17,PAID_ON_TIME
RP0003313,LN200478,4,2026-08-28,13892.17,2026-08-26,13892.17,PAID_ON_TIME
RP0003314,LN200478,5,2026-09-28,13892.17,,0.0,NOT_DUE
RP0003315,LN200478,6,2026-10-28,13892.17,,0.0,NOT_DUE
RP0003316,LN200478,7,2026-11-28,13892.17,,0.0,NOT_DUE
RP0003317,LN200478,8,2026-12-28,13892.17,,0.0,NOT_DUE
RP0003318,LN200478,9,2027-01-28,13892.17,,0.0,NOT_DUE
RP0003319,LN200479,1,2025-06-19,11976.25,2025-06-21,11976.25,PAID_ON_TIME
RP0003320,LN200479,2,2025-07-19,11976.25,2025-07-19,11976.25,PAID_ON_TIME
RP0003321,LN200479,3,2025-08-19,11976.25,2025-08-22,11976.25,PAID_ON_TIME
RP0003322,LN200479,4,2025-09-19,11976.25,2025-09-18,11976.25,PAID_ON_TIME
RP0003323,LN200479,5,2025-10-19,11976.25,2025-10-16,11976.25,PAID_ON_TIME
RP0003324,LN200479,6,2025-11-19,11976.25,2025-11-16,11976.25,PAID_ON_TIME
RP0003325,LN200480,1,2025-12-06,6402.08,2025-12-08,6402.08,PAID_ON_TIME
RP0003326,LN200480,2,2026-01-06,6402.08,2026-04-24,6402.08,PAID_LATE
RP0003327,LN200480,3,2026-02-06,6402.08,2026-02-03,6402.08,PAID_ON_TIME
RP0003328,LN200480,4,2026-03-06,6402.08,2026-03-06,6402.08,PAID_ON_TIME
RP0003329,LN200480,5,2026-04-06,6402.08,2026-04-07,6402.08,PAID_ON_TIME
RP0003330,LN200480,6,2026-05-06,6402.08,2026-05-06,6402.08,PAID_ON_TIME
RP0003331,LN200481,1,2026-08-23,3748.28,2026-08-23,3748.28,PAID_ON_TIME
RP0003332,LN200481,2,2026-09-23,3748.28,,0.0,NOT_DUE
RP0003333,LN200481,3,2026-10-23,3748.28,,0.0,NOT_DUE
RP0003334,LN200481,4,2026-11-23,3748.28,,0.0,NOT_DUE
RP0003335,LN200481,5,2026-12-23,3748.28,,0.0,NOT_DUE
RP0003336,LN200481,6,2027-01-23,3748.28,,0.0,NOT_DUE
RP0003337,LN200481,7,2027-02-23,3748.28,,0.0,NOT_DUE
RP0003338,LN200481,8,2027-03-23,3748.28,,0.0,NOT_DUE
RP0003339,LN200481,9,2027-04-23,3748.28,,0.0,NOT_DUE
RP0003340,LN200481,10,2027-05-23,3748.28,,0.0,NOT_DUE
RP0003341,LN200481,11,2027-06-23,3748.28,,0.0,NOT_DUE
RP0003342,LN200481,12,2027-07-23,3748.28,,0.0,NOT_DUE
RP0003343,LN200481,13,2027-08-23,3748.28,,0.0,NOT_DUE
RP0003344,LN200481,14,2027-09-23,3748.28,,0.0,NOT_DUE
RP0003345,LN200481,15,2027-10-23,3748.28,,0.0,NOT_DUE
RP0003346,LN200481,16,2027-11-23,3748.28,,0.0,NOT_DUE
RP0003347,LN200481,17,2027-12-23,3748.28,,0.0,NOT_DUE
RP0003348,LN200481,18,2028-01-23,3748.28,,0.0,NOT_DUE
RP0003349,LN200482,1,2025-10-22,81290.42,2025-10-25,81290.42,PAID_ON_TIME
RP0003350,LN200482,2,2025-11-22,81290.42,2025-11-19,81290.42,PAID_ON_TIME
RP0003351,LN200482,3,2025-12-22,81290.42,2026-01-04,81290.42,PAID_LATE
RP0003352,LN200483,1,2026-08-29,4470.0,2026-08-29,4470.0,PAID_ON_TIME
RP0003353,LN200483,2,2026-09-29,4470.0,,0.0,NOT_DUE
RP0003354,LN200483,3,2026-10-29,4470.0,,0.0,NOT_DUE
RP0003355,LN200483,4,2026-11-29,4470.0,,0.0,NOT_DUE
RP0003356,LN200483,5,2026-12-29,4470.0,,0.0,NOT_DUE
RP0003357,LN200483,6,2027-01-29,4470.0,,0.0,NOT_DUE
RP0003358,LN200484,1,2026-04-13,17943.5,2026-04-15,17943.5,PAID_ON_TIME
RP0003359,LN200484,2,2026-05-13,17943.5,2026-08-23,17943.5,PAID_LATE
RP0003360,LN200484,3,2026-06-13,17943.5,2026-06-15,17943.5,PAID_ON_TIME
RP0003361,LN200485,1,2026-07-27,27887.08,2026-07-30,27887.08,PAID_ON_TIME
RP0003362,LN200485,2,2026-08-27,27887.08,2026-08-26,27887.08,PAID_ON_TIME
RP0003363,LN200485,3,2026-09-27,27887.08,,0.0,NOT_DUE
RP0003364,LN200485,4,2026-10-27,27887.08,,0.0,NOT_DUE
RP0003365,LN200485,5,2026-11-27,27887.08,,0.0,NOT_DUE
RP0003366,LN200485,6,2026-12-27,27887.08,,0.0,NOT_DUE
RP0003367,LN200487,1,2026-05-11,5702.67,2026-05-09,5702.67,PAID_ON_TIME
RP0003368,LN200487,2,2026-06-11,5702.67,2026-06-08,5702.67,PAID_ON_TIME
RP0003369,LN200487,3,2026-07-11,5702.67,2026-07-09,5702.67,PAID_ON_TIME
RP0003370,LN200487,4,2026-08-11,5702.67,2026-08-13,5702.67,PAID_ON_TIME
RP0003371,LN200487,5,2026-09-11,5702.67,,0.0,NOT_DUE
RP0003372,LN200487,6,2026-10-11,5702.67,,0.0,NOT_DUE
RP0003373,LN200487,7,2026-11-11,5702.67,,0.0,NOT_DUE
RP0003374,LN200487,8,2026-12-11,5702.67,,0.0,NOT_DUE
RP0003375,LN200487,9,2027-01-11,5702.67,,0.0,NOT_DUE
RP0003376,LN200487,10,2027-02-11,5702.67,,0.0,NOT_DUE
RP0003377,LN200487,11,2027-03-11,5702.67,,0.0,NOT_DUE
RP0003378,LN200487,12,2027-04-11,5702.67,,0.0,NOT_DUE
RP0003379,LN200487,13,2027-05-11,5702.67,,0.0,NOT_DUE
RP0003380,LN200487,14,2027-06-11,5702.67,,0.0,NOT_DUE
RP0003381,LN200487,15,2027-07-11,5702.67,,0.0,NOT_DUE
RP0003382,LN200487,16,2027-08-11,5702.67,,0.0,NOT_DUE
RP0003383,LN200487,17,2027-09-11,5702.67,,0.0,NOT_DUE
RP0003384,LN200487,18,2027-10-11,5702.67,,0.0,NOT_DUE
RP0003385,LN200488,1,2025-07-26,132081.5,2025-07-29,132081.5,PAID_ON_TIME
RP0003386,LN200488,2,2025-08-26,132081.5,2025-08-26,132081.5,PAID_ON_TIME
RP0003387,LN200488,3,2025-09-26,132081.5,2025-09-24,132081.5,PAID_ON_TIME
RP0003388,LN200489,1,2026-04-25,27688.89,2026-04-29,27688.89,PAID_ON_TIME
RP0003389,LN200489,2,2026-05-25,27688.89,2026-05-28,27688.89,PAID_ON_TIME
RP0003390,LN200489,3,2026-06-25,27688.89,2026-06-25,27688.89,PAID_ON_TIME
RP0003391,LN200489,4,2026-07-25,27688.89,2026-07-27,27688.89,PAID_ON_TIME
RP0003392,LN200489,5,2026-08-25,27688.89,2026-08-28,27688.89,PAID_ON_TIME
RP0003393,LN200489,6,2026-09-25,27688.89,,0.0,NOT_DUE
RP0003394,LN200489,7,2026-10-25,27688.89,,0.0,NOT_DUE
RP0003395,LN200489,8,2026-11-25,27688.89,,0.0,NOT_DUE
RP0003396,LN200489,9,2026-12-25,27688.89,,0.0,NOT_DUE
RP0003397,LN200489,10,2027-01-25,27688.89,,0.0,NOT_DUE
RP0003398,LN200489,11,2027-02-25,27688.89,,0.0,NOT_DUE
RP0003399,LN200489,12,2027-03-25,27688.89,,0.0,NOT_DUE
RP0003400,LN200489,13,2027-04-25,27688.89,,0.0,NOT_DUE
RP0003401,LN200489,14,2027-05-25,27688.89,,0.0,NOT_DUE
RP0003402,LN200489,15,2027-06-25,27688.89,,0.0,NOT_DUE
RP0003403,LN200489,16,2027-07-25,27688.89,,0.0,NOT_DUE
RP0003404,LN200489,17,2027-08-25,27688.89,,0.0,NOT_DUE
RP0003405,LN200489,18,2027-09-25,27688.89,,0.0,NOT_DUE
RP0003406,LN200490,1,2026-07-30,5598.08,2026-07-28,5598.08,PAID_ON_TIME
RP0003407,LN200490,2,2026-08-30,5598.08,2026-09-03,5598.08,PAID_ON_TIME
RP0003408,LN200490,3,2026-09-30,5598.08,,0.0,NOT_DUE
RP0003409,LN200490,4,2026-10-30,5598.08,,0.0,NOT_DUE
RP0003410,LN200490,5,2026-11-30,5598.08,,0.0,NOT_DUE
RP0003411,LN200490,6,2026-12-30,5598.08,,0.0,NOT_DUE
RP0003412,LN200491,1,2025-04-21,72279.17,2025-04-22,72279.17,PAID_ON_TIME
RP0003413,LN200491,2,2025-05-21,72279.17,2025-05-22,72279.17,PAID_ON_TIME
RP0003414,LN200491,3,2025-06-21,72279.17,2025-06-24,72279.17,PAID_ON_TIME
RP0003415,LN200492,1,2026-04-04,24300.0,2026-04-01,24300.0,PAID_ON_TIME
RP0003416,LN200492,2,2026-05-04,24300.0,2026-05-03,24300.0,PAID_ON_TIME
RP0003417,LN200492,3,2026-06-04,24300.0,2026-06-03,24300.0,PAID_ON_TIME
RP0003418,LN200492,4,2026-07-04,24300.0,2026-07-02,24300.0,PAID_ON_TIME
RP0003419,LN200492,5,2026-08-04,24300.0,2026-08-08,24300.0,PAID_ON_TIME
RP0003420,LN200492,6,2026-09-04,24300.0,,0.0,NOT_DUE
RP0003421,LN200492,7,2026-10-04,24300.0,,0.0,NOT_DUE
RP0003422,LN200492,8,2026-11-04,24300.0,,0.0,NOT_DUE
RP0003423,LN200492,9,2026-12-04,24300.0,,0.0,NOT_DUE
RP0003424,LN200492,10,2027-01-04,24300.0,,0.0,NOT_DUE
RP0003425,LN200492,11,2027-02-04,24300.0,,0.0,NOT_DUE
RP0003426,LN200492,12,2027-03-04,24300.0,,0.0,NOT_DUE
RP0003427,LN200493,1,2026-08-20,13190.5,2026-08-24,13190.5,PAID_ON_TIME
RP0003428,LN200493,2,2026-09-20,13190.5,,0.0,NOT_DUE
RP0003429,LN200493,3,2026-10-20,13190.5,,0.0,NOT_DUE
RP0003430,LN200493,4,2026-11-20,13190.5,,0.0,NOT_DUE
RP0003431,LN200493,5,2026-12-20,13190.5,,0.0,NOT_DUE
RP0003432,LN200493,6,2027-01-20,13190.5,,0.0,NOT_DUE
RP0003433,LN200495,1,2026-03-24,26028.33,2026-03-22,26028.33,PAID_ON_TIME
RP0003434,LN200495,2,2026-04-24,26028.33,2026-04-28,26028.33,PAID_ON_TIME
RP0003435,LN200495,3,2026-05-24,26028.33,2026-05-23,26028.33,PAID_ON_TIME
RP0003436,LN200495,4,2026-06-24,26028.33,2026-06-25,26028.33,PAID_ON_TIME
RP0003437,LN200495,5,2026-07-24,26028.33,2026-07-21,26028.33,PAID_ON_TIME
RP0003438,LN200495,6,2026-08-24,26028.33,2026-08-28,26028.33,PAID_ON_TIME
RP0003439,LN200496,1,2025-08-05,14801.67,2025-09-13,14801.67,PAID_LATE
RP0003440,LN200496,2,2025-09-05,14801.67,2025-09-06,14801.67,PAID_ON_TIME
RP0003441,LN200496,3,2025-10-05,14801.67,2025-10-06,14801.67,PAID_ON_TIME
RP0003442,LN200496,4,2025-11-05,14801.67,2025-11-02,14801.67,PAID_ON_TIME
RP0003443,LN200496,5,2025-12-05,14801.67,2025-12-07,14801.67,PAID_ON_TIME
RP0003444,LN200496,6,2026-01-05,14801.67,2026-02-02,14801.67,PAID_LATE
RP0003445,LN200497,1,2025-09-20,14077.78,2025-09-23,14077.78,PAID_ON_TIME
RP0003446,LN200497,2,2025-10-20,14077.78,2025-10-24,14077.78,PAID_ON_TIME
RP0003447,LN200497,3,2025-11-20,14077.78,2025-11-18,14077.78,PAID_ON_TIME
RP0003448,LN200497,4,2025-12-20,14077.78,2025-12-28,14077.78,PAID_LATE
RP0003449,LN200497,5,2026-01-20,14077.78,2026-01-17,14077.78,PAID_ON_TIME
RP0003450,LN200497,6,2026-02-20,14077.78,2026-02-24,14077.78,PAID_ON_TIME
RP0003451,LN200497,7,2026-03-20,14077.78,2026-03-23,14077.78,PAID_ON_TIME
RP0003452,LN200497,8,2026-04-20,14077.78,2026-04-17,14077.78,PAID_ON_TIME
RP0003453,LN200497,9,2026-05-20,14077.78,2026-05-18,14077.78,PAID_ON_TIME
RP0003454,LN200498,1,2025-02-05,13326.17,2025-02-04,13326.17,PAID_ON_TIME
RP0003455,LN200498,2,2025-03-05,13326.17,2025-03-02,13326.17,PAID_ON_TIME
RP0003456,LN200498,3,2025-04-05,13326.17,2025-04-08,13326.17,PAID_ON_TIME
RP0003457,LN200498,4,2025-05-05,13326.17,2025-05-04,13326.17,PAID_ON_TIME
RP0003458,LN200498,5,2025-06-05,13326.17,2025-06-03,13326.17,PAID_ON_TIME
RP0003459,LN200498,6,2025-07-05,13326.17,2025-07-05,13326.17,PAID_ON_TIME
RP0003460,LN200499,1,2026-03-12,2606.5,2026-03-11,2606.5,PAID_ON_TIME
RP0003461,LN200499,2,2026-04-12,2606.5,2026-04-12,2606.5,PAID_ON_TIME
RP0003462,LN200499,3,2026-05-12,2606.5,2026-05-11,2606.5,PAID_ON_TIME
RP0003463,LN200499,4,2026-06-12,2606.5,2026-06-15,2606.5,PAID_ON_TIME
RP0003464,LN200499,5,2026-07-12,2606.5,2026-07-12,2606.5,PAID_ON_TIME
RP0003465,LN200499,6,2026-08-12,2606.5,2026-08-09,2606.5,PAID_ON_TIME
RP0003466,LN200499,7,2026-09-12,2606.5,,0.0,NOT_DUE
RP0003467,LN200499,8,2026-10-12,2606.5,,0.0,NOT_DUE
RP0003468,LN200499,9,2026-11-12,2606.5,,0.0,NOT_DUE
RP0003469,LN200499,10,2026-12-12,2606.5,,0.0,NOT_DUE
RP0003470,LN200499,11,2027-01-12,2606.5,,0.0,NOT_DUE
RP0003471,LN200499,12,2027-02-12,2606.5,,0.0,NOT_DUE
RP0003472,LN200500,1,2026-02-21,8987.5,2026-02-22,8987.5,PAID_ON_TIME
RP0003473,LN200500,2,2026-03-21,8987.5,2026-03-18,8987.5,PAID_ON_TIME
RP0003474,LN200500,3,2026-04-21,8987.5,2026-04-22,8987.5,PAID_ON_TIME
RP0003475,LN200500,4,2026-05-21,8987.5,2026-05-18,8987.5,PAID_ON_TIME
RP0003476,LN200500,5,2026-06-21,8987.5,2026-06-22,8987.5,PAID_ON_TIME
RP0003477,LN200500,6,2026-07-21,8987.5,,0.0,UNPAID
RP0003478,LN200501,1,2026-06-30,19470.0,2026-07-01,19470.0,PAID_ON_TIME
RP0003479,LN200501,2,2026-07-31,19470.0,2026-07-28,19470.0,PAID_ON_TIME
RP0003480,LN200501,3,2026-08-31,19470.0,2026-09-01,19470.0,PAID_ON_TIME
RP0003481,LN200501,4,2026-09-30,19470.0,,0.0,NOT_DUE
RP0003482,LN200501,5,2026-10-31,19470.0,,0.0,NOT_DUE
RP0003483,LN200501,6,2026-11-30,19470.0,,0.0,NOT_DUE
RP0003484,LN200503,1,2025-03-06,82364.0,2025-03-08,82364.0,PAID_ON_TIME
RP0003485,LN200503,2,2025-04-06,82364.0,2025-04-05,82364.0,PAID_ON_TIME
RP0003486,LN200503,3,2025-05-06,82364.0,2025-05-13,82364.0,PAID_LATE
RP0003487,LN200504,1,2026-01-08,71864.0,,0.0,UNPAID
RP0003488,LN200504,2,2026-02-08,71864.0,2026-02-07,71864.0,PAID_ON_TIME
RP0003489,LN200504,3,2026-03-08,71864.0,,0.0,UNPAID
RP0003490,LN200505,1,2025-09-02,11410.0,2025-09-05,11410.0,PAID_ON_TIME
RP0003491,LN200505,2,2025-10-02,11410.0,,0.0,UNPAID
RP0003492,LN200505,3,2025-11-02,11410.0,2025-10-30,11410.0,PAID_ON_TIME
RP0003493,LN200505,4,2025-12-02,11410.0,2025-12-06,11410.0,PAID_ON_TIME
RP0003494,LN200505,5,2026-01-02,11410.0,2026-01-05,11410.0,PAID_ON_TIME
RP0003495,LN200505,6,2026-02-02,11410.0,2026-02-06,11410.0,PAID_ON_TIME
RP0003496,LN200505,7,2026-03-02,11410.0,2026-03-05,11410.0,PAID_ON_TIME
RP0003497,LN200505,8,2026-04-02,11410.0,2026-03-31,11410.0,PAID_ON_TIME
RP0003498,LN200505,9,2026-05-02,11410.0,2026-05-03,11410.0,PAID_ON_TIME
RP0003499,LN200506,1,2026-06-04,32411.17,2026-06-03,32411.17,PAID_ON_TIME
RP0003500,LN200506,2,2026-07-04,32411.17,2026-07-06,32411.17,PAID_ON_TIME
RP0003501,LN200506,3,2026-08-04,32411.17,2026-08-03,32411.17,PAID_ON_TIME
RP0003502,LN200506,4,2026-09-04,32411.17,,0.0,NOT_DUE
RP0003503,LN200506,5,2026-10-04,32411.17,,0.0,NOT_DUE
RP0003504,LN200506,6,2026-11-04,32411.17,,0.0,NOT_DUE
RP0003505,LN200507,1,2025-02-14,23167.08,2025-02-17,23167.08,PAID_ON_TIME
RP0003506,LN200507,2,2025-03-14,23167.08,2025-03-16,23167.08,PAID_ON_TIME
RP0003507,LN200507,3,2025-04-14,23167.08,2025-04-15,23167.08,PAID_ON_TIME
RP0003508,LN200507,4,2025-05-14,23167.08,2025-06-17,23167.08,PAID_LATE
RP0003509,LN200507,5,2025-06-14,23167.08,2025-06-15,23167.08,PAID_ON_TIME
RP0003510,LN200507,6,2025-07-14,23167.08,2025-07-13,23167.08,PAID_ON_TIME
RP0003511,LN200507,7,2025-08-14,23167.08,2025-08-15,23167.08,PAID_ON_TIME
RP0003512,LN200507,8,2025-09-14,23167.08,2025-09-16,23167.08,PAID_ON_TIME
RP0003513,LN200507,9,2025-10-14,23167.08,2025-10-13,23167.08,PAID_ON_TIME
RP0003514,LN200507,10,2025-11-14,23167.08,2025-11-16,23167.08,PAID_ON_TIME
RP0003515,LN200507,11,2025-12-14,23167.08,2025-12-12,23167.08,PAID_ON_TIME
RP0003516,LN200507,12,2026-01-14,23167.08,2026-01-17,23167.08,PAID_ON_TIME
RP0003517,LN200508,1,2026-07-02,78218.0,2026-07-02,78218.0,PAID_ON_TIME
RP0003518,LN200508,2,2026-08-02,78218.0,,0.0,UNPAID
RP0003519,LN200508,3,2026-09-02,78218.0,,0.0,NOT_DUE
RP0003520,LN200509,1,2025-09-08,26693.33,2025-09-10,26693.33,PAID_ON_TIME
RP0003521,LN200509,2,2025-10-08,26693.33,2025-10-06,26693.33,PAID_ON_TIME
RP0003522,LN200509,3,2025-11-08,26693.33,2025-11-22,26693.33,PAID_LATE
RP0003523,LN200510,1,2025-09-29,8026.33,2025-11-07,8026.33,PAID_LATE
RP0003524,LN200510,2,2025-10-29,8026.33,2025-11-01,8026.33,PAID_LATE
RP0003525,LN200510,3,2025-11-29,8026.33,2025-11-26,8026.33,PAID_ON_TIME
RP0003526,LN200510,4,2025-12-29,8026.33,2025-12-29,8026.33,PAID_ON_TIME
RP0003527,LN200510,5,2026-01-29,8026.33,2026-01-28,8026.33,PAID_ON_TIME
RP0003528,LN200510,6,2026-02-28,8026.33,2026-02-26,8026.33,PAID_ON_TIME
RP0003529,LN200511,1,2025-10-03,9420.75,2025-10-01,9420.75,PAID_ON_TIME
RP0003530,LN200511,2,2025-11-03,9420.75,2025-11-03,9420.75,PAID_ON_TIME
RP0003531,LN200511,3,2025-12-03,9420.75,2025-12-03,9420.75,PAID_ON_TIME
RP0003532,LN200511,4,2026-01-03,9420.75,2026-01-02,9420.75,PAID_ON_TIME
RP0003533,LN200511,5,2026-02-03,9420.75,2026-02-06,9420.75,PAID_ON_TIME
RP0003534,LN200511,6,2026-03-03,9420.75,2026-03-06,9420.75,PAID_ON_TIME
RP0003535,LN200512,1,2026-04-17,3774.0,2026-04-16,3774.0,PAID_ON_TIME
RP0003536,LN200512,2,2026-05-17,3774.0,2026-05-20,3774.0,PAID_ON_TIME
RP0003537,LN200512,3,2026-06-17,3774.0,,0.0,UNPAID
RP0003538,LN200512,4,2026-07-17,3774.0,2026-07-20,3774.0,PAID_ON_TIME
RP0003539,LN200512,5,2026-08-17,3774.0,2026-08-21,3774.0,PAID_ON_TIME
RP0003540,LN200512,6,2026-09-17,3774.0,,0.0,NOT_DUE
RP0003541,LN200512,7,2026-10-17,3774.0,,0.0,NOT_DUE
RP0003542,LN200512,8,2026-11-17,3774.0,,0.0,NOT_DUE
RP0003543,LN200512,9,2026-12-17,3774.0,,0.0,NOT_DUE
RP0003544,LN200512,10,2027-01-17,3774.0,,0.0,NOT_DUE
RP0003545,LN200512,11,2027-02-17,3774.0,,0.0,NOT_DUE
RP0003546,LN200512,12,2027-03-17,3774.0,,0.0,NOT_DUE
RP0003547,LN200512,13,2027-04-17,3774.0,,0.0,NOT_DUE
RP0003548,LN200512,14,2027-05-17,3774.0,,0.0,NOT_DUE
RP0003549,LN200512,15,2027-06-17,3774.0,,0.0,NOT_DUE
RP0003550,LN200512,16,2027-07-17,3774.0,,0.0,NOT_DUE
RP0003551,LN200512,17,2027-08-17,3774.0,,0.0,NOT_DUE
RP0003552,LN200512,18,2027-09-17,3774.0,,0.0,NOT_DUE
RP0003553,LN200513,1,2025-12-24,8856.94,2026-03-09,8856.94,PAID_LATE
RP0003554,LN200513,2,2026-01-24,8856.94,2026-01-23,8856.94,PAID_ON_TIME
RP0003555,LN200513,3,2026-02-24,8856.94,2026-02-22,8856.94,PAID_ON_TIME
RP0003556,LN200513,4,2026-03-24,8856.94,2026-03-22,8856.94,PAID_ON_TIME
RP0003557,LN200513,5,2026-04-24,8856.94,2026-04-21,8856.94,PAID_ON_TIME
RP0003558,LN200513,6,2026-05-24,8856.94,2026-05-22,8856.94,PAID_ON_TIME
RP0003559,LN200513,7,2026-06-24,8856.94,2026-06-24,8856.94,PAID_ON_TIME
RP0003560,LN200513,8,2026-07-24,8856.94,2026-07-21,8856.94,PAID_ON_TIME
RP0003561,LN200513,9,2026-08-24,8856.94,,0.0,UNPAID
RP0003562,LN200514,1,2025-12-13,14971.83,2025-12-12,14971.83,PAID_ON_TIME
RP0003563,LN200514,2,2026-01-13,14971.83,2026-01-17,14971.83,PAID_ON_TIME
RP0003564,LN200514,3,2026-02-13,14971.83,2026-02-10,14971.83,PAID_ON_TIME
RP0003565,LN200514,4,2026-03-13,14971.83,2026-03-17,14971.83,PAID_ON_TIME
RP0003566,LN200514,5,2026-04-13,14971.83,2026-04-11,14971.83,PAID_ON_TIME
RP0003567,LN200514,6,2026-05-13,14971.83,2026-05-14,14971.83,PAID_ON_TIME
RP0003568,LN200515,1,2026-08-31,26484.5,2026-08-28,26484.5,PAID_ON_TIME
RP0003569,LN200515,2,2026-09-30,26484.5,,0.0,NOT_DUE
RP0003570,LN200515,3,2026-10-31,26484.5,,0.0,NOT_DUE
RP0003571,LN200515,4,2026-11-30,26484.5,,0.0,NOT_DUE
RP0003572,LN200515,5,2026-12-31,26484.5,,0.0,NOT_DUE
RP0003573,LN200515,6,2027-01-31,26484.5,,0.0,NOT_DUE
RP0003574,LN200515,7,2027-02-28,26484.5,,0.0,NOT_DUE
RP0003575,LN200515,8,2027-03-31,26484.5,,0.0,NOT_DUE
RP0003576,LN200515,9,2027-04-30,26484.5,,0.0,NOT_DUE
RP0003577,LN200517,1,2025-11-17,52912.5,2025-11-16,52912.5,PAID_ON_TIME
RP0003578,LN200517,2,2025-12-17,52912.5,2025-12-19,52912.5,PAID_ON_TIME
RP0003579,LN200517,3,2026-01-17,52912.5,2026-01-20,52912.5,PAID_ON_TIME
RP0003580,LN200518,1,2026-06-11,5562.0,2026-06-14,5562.0,PAID_ON_TIME
RP0003581,LN200518,2,2026-07-11,5562.0,2026-08-31,5562.0,PAID_LATE
RP0003582,LN200518,3,2026-08-11,5562.0,2026-08-14,5562.0,PAID_ON_TIME
RP0003583,LN200518,4,2026-09-11,5562.0,,0.0,NOT_DUE
RP0003584,LN200518,5,2026-10-11,5562.0,,0.0,NOT_DUE
RP0003585,LN200518,6,2026-11-11,5562.0,,0.0,NOT_DUE
RP0003586,LN200518,7,2026-12-11,5562.0,,0.0,NOT_DUE
RP0003587,LN200518,8,2027-01-11,5562.0,,0.0,NOT_DUE
RP0003588,LN200518,9,2027-02-11,5562.0,,0.0,NOT_DUE
RP0003589,LN200518,10,2027-03-11,5562.0,,0.0,NOT_DUE
RP0003590,LN200518,11,2027-04-11,5562.0,,0.0,NOT_DUE
RP0003591,LN200518,12,2027-05-11,5562.0,,0.0,NOT_DUE
RP0003592,LN200519,1,2025-08-18,12405.75,2025-08-21,12405.75,PAID_ON_TIME
RP0003593,LN200519,2,2025-09-18,12405.75,2025-09-22,12405.75,PAID_ON_TIME
RP0003594,LN200519,3,2025-10-18,12405.75,2025-10-15,12405.75,PAID_ON_TIME
RP0003595,LN200519,4,2025-11-18,12405.75,2025-11-22,12405.75,PAID_ON_TIME
RP0003596,LN200519,5,2025-12-18,12405.75,2025-12-18,12405.75,PAID_ON_TIME
RP0003597,LN200519,6,2026-01-18,12405.75,2026-01-18,12405.75,PAID_ON_TIME
RP0003598,LN200519,7,2026-02-18,12405.75,2026-02-20,12405.75,PAID_ON_TIME
RP0003599,LN200519,8,2026-03-18,12405.75,2026-03-22,12405.75,PAID_ON_TIME
RP0003600,LN200519,9,2026-04-18,12405.75,2026-04-18,12405.75,PAID_ON_TIME
RP0003601,LN200519,10,2026-05-18,12405.75,2026-05-22,12405.75,PAID_ON_TIME
RP0003602,LN200519,11,2026-06-18,12405.75,2026-06-15,12405.75,PAID_ON_TIME
RP0003603,LN200519,12,2026-07-18,12405.75,2026-07-22,12405.75,PAID_ON_TIME
RP0003604,LN200519,13,2026-08-18,12405.75,2026-08-17,12405.75,PAID_ON_TIME
RP0003605,LN200519,14,2026-09-18,12405.75,,0.0,NOT_DUE
RP0003606,LN200519,15,2026-10-18,12405.75,,0.0,NOT_DUE
RP0003607,LN200519,16,2026-11-18,12405.75,,0.0,NOT_DUE
RP0003608,LN200519,17,2026-12-18,12405.75,,0.0,NOT_DUE
RP0003609,LN200519,18,2027-01-18,12405.75,,0.0,NOT_DUE
RP0003610,LN200520,1,2026-03-08,15402.67,2026-03-06,15402.67,PAID_ON_TIME
RP0003611,LN200520,2,2026-04-08,15402.67,2026-04-10,15402.67,PAID_ON_TIME
RP0003612,LN200520,3,2026-05-08,15402.67,2026-05-10,15402.67,PAID_ON_TIME
RP0003613,LN200520,4,2026-06-08,15402.67,2026-06-11,15402.67,PAID_ON_TIME
RP0003614,LN200520,5,2026-07-08,15402.67,2026-07-12,15402.67,PAID_ON_TIME
RP0003615,LN200520,6,2026-08-08,15402.67,2026-08-06,15402.67,PAID_ON_TIME
RP0003616,LN200520,7,2026-09-08,15402.67,,0.0,NOT_DUE
RP0003617,LN200520,8,2026-10-08,15402.67,,0.0,NOT_DUE
RP0003618,LN200520,9,2026-11-08,15402.67,,0.0,NOT_DUE
RP0003619,LN200520,10,2026-12-08,15402.67,,0.0,NOT_DUE
RP0003620,LN200520,11,2027-01-08,15402.67,,0.0,NOT_DUE
RP0003621,LN200520,12,2027-02-08,15402.67,,0.0,NOT_DUE
RP0003622,LN200521,1,2026-03-18,6857.33,2026-05-30,6857.33,PAID_LATE
RP0003623,LN200521,2,2026-04-18,6857.33,2026-04-19,6857.33,PAID_ON_TIME
RP0003624,LN200521,3,2026-05-18,6857.33,2026-05-18,6857.33,PAID_ON_TIME
RP0003625,LN200521,4,2026-06-18,6857.33,2026-06-18,6857.33,PAID_ON_TIME
RP0003626,LN200521,5,2026-07-18,6857.33,2026-07-17,6857.33,PAID_ON_TIME
RP0003627,LN200521,6,2026-08-18,6857.33,2026-08-22,6857.33,PAID_ON_TIME
RP0003628,LN200522,1,2026-01-26,32610.5,2026-01-28,32610.5,PAID_ON_TIME
RP0003629,LN200522,2,2026-02-26,32610.5,2026-02-28,32610.5,PAID_ON_TIME
RP0003630,LN200522,3,2026-03-26,32610.5,2026-03-28,32610.5,PAID_ON_TIME
RP0003631,LN200522,4,2026-04-26,32610.5,2026-04-23,32610.5,PAID_ON_TIME
RP0003632,LN200522,5,2026-05-26,32610.5,2026-06-23,32610.5,PAID_LATE
RP0003633,LN200522,6,2026-06-26,32610.5,2026-06-30,32610.5,PAID_ON_TIME
RP0003634,LN200522,7,2026-07-26,32610.5,2026-07-27,32610.5,PAID_ON_TIME
RP0003635,LN200522,8,2026-08-26,32610.5,2026-08-24,32610.5,PAID_ON_TIME
RP0003636,LN200522,9,2026-09-26,32610.5,,0.0,NOT_DUE
RP0003637,LN200522,10,2026-10-26,32610.5,,0.0,NOT_DUE
RP0003638,LN200522,11,2026-11-26,32610.5,,0.0,NOT_DUE
RP0003639,LN200522,12,2026-12-26,32610.5,,0.0,NOT_DUE
RP0003640,LN200523,1,2025-11-19,78631.39,2025-11-19,78631.39,PAID_ON_TIME
RP0003641,LN200523,2,2025-12-19,78631.39,2025-12-20,78631.39,PAID_ON_TIME
RP0003642,LN200523,3,2026-01-19,78631.39,2026-01-17,78631.39,PAID_ON_TIME
RP0003643,LN200523,4,2026-02-19,78631.39,2026-02-20,78631.39,PAID_ON_TIME
RP0003644,LN200523,5,2026-03-19,78631.39,2026-03-21,78631.39,PAID_ON_TIME
RP0003645,LN200523,6,2026-04-19,78631.39,2026-04-23,78631.39,PAID_ON_TIME
RP0003646,LN200523,7,2026-05-19,78631.39,2026-05-20,78631.39,PAID_ON_TIME
RP0003647,LN200523,8,2026-06-19,78631.39,2026-06-16,78631.39,PAID_ON_TIME
RP0003648,LN200523,9,2026-07-19,78631.39,2026-07-16,78631.39,PAID_ON_TIME
RP0003649,LN200523,10,2026-08-19,78631.39,2026-08-17,78631.39,PAID_ON_TIME
RP0003650,LN200523,11,2026-09-19,78631.39,,0.0,NOT_DUE
RP0003651,LN200523,12,2026-10-19,78631.39,,0.0,NOT_DUE
RP0003652,LN200523,13,2026-11-19,78631.39,,0.0,NOT_DUE
RP0003653,LN200523,14,2026-12-19,78631.39,,0.0,NOT_DUE
RP0003654,LN200523,15,2027-01-19,78631.39,,0.0,NOT_DUE
RP0003655,LN200523,16,2027-02-19,78631.39,,0.0,NOT_DUE
RP0003656,LN200523,17,2027-03-19,78631.39,,0.0,NOT_DUE
RP0003657,LN200523,18,2027-04-19,78631.39,,0.0,NOT_DUE
RP0003658,LN200524,1,2026-08-15,133353.61,2026-08-17,133353.61,PAID_ON_TIME
RP0003659,LN200524,2,2026-09-15,133353.61,,0.0,NOT_DUE
RP0003660,LN200524,3,2026-10-15,133353.61,,0.0,NOT_DUE
RP0003661,LN200524,4,2026-11-15,133353.61,,0.0,NOT_DUE
RP0003662,LN200524,5,2026-12-15,133353.61,,0.0,NOT_DUE
RP0003663,LN200524,6,2027-01-15,133353.61,,0.0,NOT_DUE
RP0003664,LN200524,7,2027-02-15,133353.61,,0.0,NOT_DUE
RP0003665,LN200524,8,2027-03-15,133353.61,,0.0,NOT_DUE
RP0003666,LN200524,9,2027-04-15,133353.61,,0.0,NOT_DUE
RP0003667,LN200526,1,2026-03-02,31826.67,2026-03-06,31826.67,PAID_ON_TIME
RP0003668,LN200526,2,2026-04-02,31826.67,2026-05-16,31826.67,PAID_LATE
RP0003669,LN200526,3,2026-05-02,31826.67,2026-05-02,31826.67,PAID_ON_TIME
RP0003670,LN200526,4,2026-06-02,31826.67,2026-06-06,31826.67,PAID_ON_TIME
RP0003671,LN200526,5,2026-07-02,31826.67,2026-07-02,31826.67,PAID_ON_TIME
RP0003672,LN200526,6,2026-08-02,31826.67,,0.0,UNPAID
RP0003673,LN200527,1,2025-09-13,19768.25,2025-09-15,19768.25,PAID_ON_TIME
RP0003674,LN200527,2,2025-10-13,19768.25,2025-10-14,19768.25,PAID_LATE
RP0003675,LN200527,3,2025-11-13,19768.25,2025-11-13,19768.25,PAID_ON_TIME
RP0003676,LN200527,4,2025-12-13,19768.25,2025-12-14,19768.25,PAID_ON_TIME
RP0003677,LN200527,5,2026-01-13,19768.25,,0.0,UNPAID
RP0003678,LN200527,6,2026-02-13,19768.25,2026-02-11,19768.25,PAID_ON_TIME
RP0003679,LN200528,1,2025-12-29,10275.0,2025-12-27,10275.0,PAID_ON_TIME
RP0003680,LN200528,2,2026-01-29,10275.0,2026-02-01,10275.0,PAID_ON_TIME
RP0003681,LN200528,3,2026-02-28,10275.0,2026-03-01,10275.0,PAID_ON_TIME
RP0003682,LN200528,4,2026-03-29,10275.0,2026-03-30,10275.0,PAID_ON_TIME
RP0003683,LN200528,5,2026-04-29,10275.0,2026-04-30,10275.0,PAID_ON_TIME
RP0003684,LN200528,6,2026-05-29,10275.0,2026-05-27,10275.0,PAID_ON_TIME
RP0003685,LN200528,7,2026-06-29,10275.0,2026-06-29,10275.0,PAID_ON_TIME
RP0003686,LN200528,8,2026-07-29,10275.0,2026-08-02,10275.0,PAID_ON_TIME
RP0003687,LN200528,9,2026-08-29,10275.0,2026-08-27,10275.0,PAID_ON_TIME
RP0003688,LN200528,10,2026-09-29,10275.0,,0.0,NOT_DUE
RP0003689,LN200528,11,2026-10-29,10275.0,,0.0,NOT_DUE
RP0003690,LN200528,12,2026-11-29,10275.0,,0.0,NOT_DUE
RP0003691,LN200529,1,2025-04-09,1787.33,2025-04-08,1787.33,PAID_ON_TIME
RP0003692,LN200529,2,2025-05-09,1787.33,2025-07-23,1787.33,PAID_LATE
RP0003693,LN200529,3,2025-06-09,1787.33,2025-06-07,1787.33,PAID_ON_TIME
RP0003694,LN200529,4,2025-07-09,1787.33,2025-07-08,1787.33,PAID_ON_TIME
RP0003695,LN200529,5,2025-08-09,1787.33,2025-08-12,1787.33,PAID_ON_TIME
RP0003696,LN200529,6,2025-09-09,1787.33,2025-09-12,1787.33,PAID_ON_TIME
RP0003697,LN200529,7,2025-10-09,1787.33,2025-10-11,1787.33,PAID_ON_TIME
RP0003698,LN200529,8,2025-11-09,1787.33,2025-11-11,1787.33,PAID_ON_TIME
RP0003699,LN200529,9,2025-12-09,1787.33,2025-12-12,1787.33,PAID_ON_TIME
RP0003700,LN200529,10,2026-01-09,1787.33,2026-01-13,1787.33,PAID_ON_TIME
RP0003701,LN200529,11,2026-02-09,1787.33,2026-02-11,1787.33,PAID_ON_TIME
RP0003702,LN200529,12,2026-03-09,1787.33,2026-03-13,1787.33,PAID_ON_TIME
RP0003703,LN200529,13,2026-04-09,1787.33,2026-04-13,1787.33,PAID_ON_TIME
RP0003704,LN200529,14,2026-05-09,1787.33,2026-05-06,1787.33,PAID_ON_TIME
RP0003705,LN200529,15,2026-06-09,1787.33,2026-06-10,1787.33,PAID_ON_TIME
RP0003706,LN200529,16,2026-07-09,1787.33,2026-07-06,1787.33,PAID_ON_TIME
RP0003707,LN200529,17,2026-08-09,1787.33,2026-08-09,1787.33,PAID_ON_TIME
RP0003708,LN200529,18,2026-09-09,1787.33,,0.0,NOT_DUE
RP0003709,LN200530,1,2026-03-23,2802.5,2026-03-22,2802.5,PAID_ON_TIME
RP0003710,LN200530,2,2026-04-23,2802.5,2026-04-24,2802.5,PAID_ON_TIME
RP0003711,LN200530,3,2026-05-23,2802.5,2026-05-26,2802.5,PAID_ON_TIME
RP0003712,LN200530,4,2026-06-23,2802.5,2026-06-21,2802.5,PAID_ON_TIME
RP0003713,LN200530,5,2026-07-23,2802.5,2026-07-23,2802.5,PAID_ON_TIME
RP0003714,LN200530,6,2026-08-23,2802.5,2026-08-23,2802.5,PAID_ON_TIME
RP0003715,LN200530,7,2026-09-23,2802.5,,0.0,NOT_DUE
RP0003716,LN200530,8,2026-10-23,2802.5,,0.0,NOT_DUE
RP0003717,LN200530,9,2026-11-23,2802.5,,0.0,NOT_DUE
RP0003718,LN200530,10,2026-12-23,2802.5,,0.0,NOT_DUE
RP0003719,LN200530,11,2027-01-23,2802.5,,0.0,NOT_DUE
RP0003720,LN200530,12,2027-02-23,2802.5,,0.0,NOT_DUE
RP0003721,LN200531,1,2025-02-11,5958.56,2025-02-10,5958.56,PAID_ON_TIME
RP0003722,LN200531,2,2025-03-11,5958.56,2025-03-15,5958.56,PAID_ON_TIME
RP0003723,LN200531,3,2025-04-11,5958.56,2025-04-14,5958.56,PAID_ON_TIME
RP0003724,LN200531,4,2025-05-11,5958.56,2025-05-11,5958.56,PAID_ON_TIME
RP0003725,LN200531,5,2025-06-11,5958.56,2025-06-08,5958.56,PAID_ON_TIME
RP0003726,LN200531,6,2025-07-11,5958.56,2025-07-08,5958.56,PAID_ON_TIME
RP0003727,LN200531,7,2025-08-11,5958.56,2025-08-14,5958.56,PAID_ON_TIME
RP0003728,LN200531,8,2025-09-11,5958.56,2025-09-18,5958.56,PAID_LATE
RP0003729,LN200531,9,2025-10-11,5958.56,2025-10-13,5958.56,PAID_ON_TIME
RP0003730,LN200532,1,2025-06-19,8567.5,2025-09-21,8567.5,PAID_LATE
RP0003731,LN200532,2,2025-07-19,8567.5,,0.0,UNPAID
RP0003732,LN200532,3,2025-08-19,8567.5,2025-08-22,8567.5,PAID_ON_TIME
RP0003733,LN200532,4,2025-09-19,8567.5,2025-09-21,8567.5,PAID_ON_TIME
RP0003734,LN200532,5,2025-10-19,8567.5,2026-02-02,8567.5,PAID_LATE
RP0003735,LN200532,6,2025-11-19,8567.5,2025-12-20,8567.5,PAID_LATE
RP0003736,LN200533,1,2026-05-06,2927.39,2026-05-09,2927.39,PAID_ON_TIME
RP0003737,LN200533,2,2026-06-06,2927.39,2026-06-06,2927.39,PAID_ON_TIME
RP0003738,LN200533,3,2026-07-06,2927.39,2026-07-03,2927.39,PAID_ON_TIME
RP0003739,LN200533,4,2026-08-06,2927.39,2026-08-08,2927.39,PAID_ON_TIME
RP0003740,LN200533,5,2026-09-06,2927.39,,0.0,NOT_DUE
RP0003741,LN200533,6,2026-10-06,2927.39,,0.0,NOT_DUE
RP0003742,LN200533,7,2026-11-06,2927.39,,0.0,NOT_DUE
RP0003743,LN200533,8,2026-12-06,2927.39,,0.0,NOT_DUE
RP0003744,LN200533,9,2027-01-06,2927.39,,0.0,NOT_DUE
RP0003745,LN200534,1,2025-11-11,5012.5,2025-11-13,5012.5,PAID_ON_TIME
RP0003746,LN200534,2,2025-12-11,5012.5,2025-12-12,5012.5,PAID_ON_TIME
RP0003747,LN200534,3,2026-01-11,5012.5,2026-01-08,5012.5,PAID_ON_TIME
RP0003748,LN200534,4,2026-02-11,5012.5,2026-06-03,5012.5,PAID_LATE
RP0003749,LN200534,5,2026-03-11,5012.5,2026-03-10,5012.5,PAID_ON_TIME
RP0003750,LN200534,6,2026-04-11,5012.5,2026-04-15,5012.5,PAID_ON_TIME
RP0003751,LN200534,7,2026-05-11,5012.5,2026-05-08,5012.5,PAID_ON_TIME
RP0003752,LN200534,8,2026-06-11,5012.5,2026-06-11,5012.5,PAID_ON_TIME
RP0003753,LN200534,9,2026-07-11,5012.5,2026-07-12,5012.5,PAID_ON_TIME
RP0003754,LN200534,10,2026-08-11,5012.5,2026-08-08,5012.5,PAID_ON_TIME
RP0003755,LN200534,11,2026-09-11,5012.5,,0.0,NOT_DUE
RP0003756,LN200534,12,2026-10-11,5012.5,,0.0,NOT_DUE
RP0003757,LN200535,1,2026-06-17,7758.67,2026-06-21,7758.67,PAID_ON_TIME
RP0003758,LN200535,2,2026-07-17,7758.67,,0.0,UNPAID
RP0003759,LN200535,3,2026-08-17,7758.67,2026-08-16,7758.67,PAID_ON_TIME
RP0003760,LN200537,1,2025-06-24,34996.5,2025-07-12,34996.5,PAID_LATE
RP0003761,LN200537,2,2025-07-24,34996.5,2025-07-27,34996.5,PAID_ON_TIME
RP0003762,LN200537,3,2025-08-24,34996.5,2025-08-22,34996.5,PAID_ON_TIME
RP0003763,LN200537,4,2025-09-24,34996.5,2025-09-28,34996.5,PAID_ON_TIME
RP0003764,LN200537,5,2025-10-24,34996.5,2025-12-24,34996.5,PAID_LATE
RP0003765,LN200537,6,2025-11-24,34996.5,2025-11-21,34996.5,PAID_ON_TIME
RP0003766,LN200538,1,2026-06-04,16323.03,2026-06-03,16323.03,PAID_ON_TIME
RP0003767,LN200538,2,2026-07-04,16323.03,2026-07-02,16323.03,PAID_ON_TIME
RP0003768,LN200538,3,2026-08-04,16323.03,2026-08-08,16323.03,PAID_ON_TIME
RP0003769,LN200538,4,2026-09-04,16323.03,,0.0,NOT_DUE
RP0003770,LN200538,5,2026-10-04,16323.03,,0.0,NOT_DUE
RP0003771,LN200538,6,2026-11-04,16323.03,,0.0,NOT_DUE
RP0003772,LN200538,7,2026-12-04,16323.03,,0.0,NOT_DUE
RP0003773,LN200538,8,2027-01-04,16323.03,,0.0,NOT_DUE
RP0003774,LN200538,9,2027-02-04,16323.03,,0.0,NOT_DUE
RP0003775,LN200540,1,2026-01-18,21564.89,2026-01-18,21564.89,PAID_ON_TIME
RP0003776,LN200540,2,2026-02-18,21564.89,2026-02-18,21564.89,PAID_ON_TIME
RP0003777,LN200540,3,2026-03-18,21564.89,2026-03-18,21564.89,PAID_ON_TIME
RP0003778,LN200540,4,2026-04-18,21564.89,2026-04-22,21564.89,PAID_ON_TIME
RP0003779,LN200540,5,2026-05-18,21564.89,2026-05-18,21564.89,PAID_ON_TIME
RP0003780,LN200540,6,2026-06-18,21564.89,2026-06-19,21564.89,PAID_ON_TIME
RP0003781,LN200540,7,2026-07-18,21564.89,2026-07-15,21564.89,PAID_ON_TIME
RP0003782,LN200540,8,2026-08-18,21564.89,2026-08-19,21564.89,PAID_ON_TIME
RP0003783,LN200540,9,2026-09-18,21564.89,,0.0,NOT_DUE
RP0003784,LN200541,1,2026-02-27,10008.0,2026-03-01,10008.0,PAID_ON_TIME
RP0003785,LN200541,2,2026-03-27,10008.0,2026-03-31,10008.0,PAID_ON_TIME
RP0003786,LN200541,3,2026-04-27,10008.0,2026-05-01,10008.0,PAID_ON_TIME
RP0003787,LN200541,4,2026-05-27,10008.0,2026-05-31,10008.0,PAID_ON_TIME
RP0003788,LN200541,5,2026-06-27,10008.0,2026-06-25,10008.0,PAID_ON_TIME
RP0003789,LN200541,6,2026-07-27,10008.0,2026-07-30,10008.0,PAID_ON_TIME
RP0003790,LN200542,1,2025-06-23,20119.58,2025-06-20,20119.58,PAID_ON_TIME
RP0003791,LN200542,2,2025-07-23,20119.58,2025-07-24,20119.58,PAID_ON_TIME
RP0003792,LN200542,3,2025-08-23,20119.58,2025-08-24,20119.58,PAID_ON_TIME
RP0003793,LN200542,4,2025-09-23,20119.58,2025-09-26,20119.58,PAID_ON_TIME
RP0003794,LN200542,5,2025-10-23,20119.58,2026-02-02,20119.58,PAID_LATE
RP0003795,LN200542,6,2025-11-23,20119.58,2025-11-20,20119.58,PAID_ON_TIME
RP0003796,LN200543,1,2026-01-29,13161.11,2026-01-30,13161.11,PAID_ON_TIME
RP0003797,LN200543,2,2026-02-28,13161.11,2026-02-28,13161.11,PAID_ON_TIME
RP0003798,LN200543,3,2026-03-29,13161.11,2026-04-01,13161.11,PAID_ON_TIME
RP0003799,LN200543,4,2026-04-29,13161.11,2026-04-26,13161.11,PAID_ON_TIME
RP0003800,LN200543,5,2026-05-29,13161.11,2026-06-26,13161.11,PAID_LATE
RP0003801,LN200543,6,2026-06-29,13161.11,2026-06-29,13161.11,PAID_ON_TIME
RP0003802,LN200543,7,2026-07-29,13161.11,2026-08-01,13161.11,PAID_ON_TIME
RP0003803,LN200543,8,2026-08-29,13161.11,2026-08-29,13161.11,PAID_ON_TIME
RP0003804,LN200543,9,2026-09-29,13161.11,,0.0,NOT_DUE
RP0003805,LN200543,10,2026-10-29,13161.11,,0.0,NOT_DUE
RP0003806,LN200543,11,2026-11-29,13161.11,,0.0,NOT_DUE
RP0003807,LN200543,12,2026-12-29,13161.11,,0.0,NOT_DUE
RP0003808,LN200543,13,2027-01-29,13161.11,,0.0,NOT_DUE
RP0003809,LN200543,14,2027-02-28,13161.11,,0.0,NOT_DUE
RP0003810,LN200543,15,2027-03-29,13161.11,,0.0,NOT_DUE
RP0003811,LN200543,16,2027-04-29,13161.11,,0.0,NOT_DUE
RP0003812,LN200543,17,2027-05-29,13161.11,,0.0,NOT_DUE
RP0003813,LN200543,18,2027-06-29,13161.11,,0.0,NOT_DUE
RP0003814,LN200544,1,2026-05-14,35686.67,2026-07-29,35686.67,PAID_LATE
RP0003815,LN200544,2,2026-06-14,35686.67,2026-06-13,35686.67,PAID_ON_TIME
RP0003816,LN200544,3,2026-07-14,35686.67,,0.0,UNPAID
RP0003817,LN200544,4,2026-08-14,35686.67,2026-08-16,35686.67,PAID_ON_TIME
RP0003818,LN200544,5,2026-09-14,35686.67,,0.0,NOT_DUE
RP0003819,LN200544,6,2026-10-14,35686.67,,0.0,NOT_DUE
RP0003820,LN200545,1,2025-11-06,20556.58,2025-11-08,20556.58,PAID_ON_TIME
RP0003821,LN200545,2,2025-12-06,20556.58,2025-12-03,20556.58,PAID_ON_TIME
RP0003822,LN200545,3,2026-01-06,20556.58,2026-01-08,20556.58,PAID_ON_TIME
RP0003823,LN200545,4,2026-02-06,20556.58,2026-02-07,20556.58,PAID_ON_TIME
RP0003824,LN200545,5,2026-03-06,20556.58,2026-03-03,20556.58,PAID_ON_TIME
RP0003825,LN200545,6,2026-04-06,20556.58,2026-04-06,20556.58,PAID_ON_TIME
RP0003826,LN200546,1,2025-08-26,17171.33,2025-12-20,17171.33,PAID_LATE
RP0003827,LN200546,2,2025-09-26,17171.33,2025-09-28,17171.33,PAID_ON_TIME
RP0003828,LN200546,3,2025-10-26,17171.33,2025-11-13,17171.33,PAID_LATE
RP0003829,LN200546,4,2025-11-26,17171.33,2025-11-23,17171.33,PAID_ON_TIME
RP0003830,LN200546,5,2025-12-26,17171.33,2025-12-30,17171.33,PAID_ON_TIME
RP0003831,LN200546,6,2026-01-26,17171.33,2026-01-24,17171.33,PAID_ON_TIME
RP0003832,LN200546,7,2026-02-26,17171.33,2026-02-24,17171.33,PAID_ON_TIME
RP0003833,LN200546,8,2026-03-26,17171.33,2026-05-16,17171.33,PAID_LATE
RP0003834,LN200546,9,2026-04-26,17171.33,2026-04-27,17171.33,PAID_ON_TIME
RP0003835,LN200546,10,2026-05-26,17171.33,2026-05-30,17171.33,PAID_ON_TIME
RP0003836,LN200546,11,2026-06-26,17171.33,2026-06-26,17171.33,PAID_ON_TIME
RP0003837,LN200546,12,2026-07-26,17171.33,2026-07-26,17171.33,PAID_ON_TIME
RP0003838,LN200547,1,2026-03-05,37797.75,2026-03-05,37797.75,PAID_ON_TIME
RP0003839,LN200547,2,2026-04-05,37797.75,2026-04-08,37797.75,PAID_ON_TIME
RP0003840,LN200547,3,2026-05-05,37797.75,,0.0,UNPAID
RP0003841,LN200548,1,2026-02-18,8912.5,2026-02-17,8912.5,PAID_ON_TIME
RP0003842,LN200548,2,2026-03-18,8912.5,2026-05-16,8912.5,PAID_LATE
RP0003843,LN200548,3,2026-04-18,8912.5,2026-04-19,8912.5,PAID_ON_TIME
RP0003844,LN200548,4,2026-05-18,8912.5,2026-06-08,8912.5,PAID_LATE
RP0003845,LN200548,5,2026-06-18,8912.5,2026-06-16,8912.5,PAID_ON_TIME
RP0003846,LN200548,6,2026-07-18,8912.5,2026-07-17,8912.5,PAID_ON_TIME
RP0003847,LN200549,1,2026-03-26,10875.28,2026-03-24,10875.28,PAID_ON_TIME
RP0003848,LN200549,2,2026-04-26,10875.28,2026-04-26,10875.28,PAID_ON_TIME
RP0003849,LN200549,3,2026-05-26,10875.28,2026-07-01,10875.28,PAID_LATE
RP0003850,LN200549,4,2026-06-26,10875.28,,0.0,UNPAID
RP0003851,LN200549,5,2026-07-26,10875.28,2026-07-30,10875.28,PAID_ON_TIME
RP0003852,LN200549,6,2026-08-26,10875.28,2026-08-27,10875.28,PAID_ON_TIME
RP0003853,LN200549,7,2026-09-26,10875.28,,0.0,NOT_DUE
RP0003854,LN200549,8,2026-10-26,10875.28,,0.0,NOT_DUE
RP0003855,LN200549,9,2026-11-26,10875.28,,0.0,NOT_DUE
RP0003856,LN200550,1,2025-05-13,15603.75,2025-05-10,15603.75,PAID_ON_TIME
RP0003857,LN200550,2,2025-06-13,15603.75,2025-06-14,15603.75,PAID_ON_TIME
RP0003858,LN200550,3,2025-07-13,15603.75,2025-07-12,15603.75,PAID_ON_TIME
RP0003859,LN200551,1,2026-03-28,3644.5,2026-05-15,3644.5,PAID_LATE
RP0003860,LN200551,2,2026-04-28,3644.5,2026-08-02,3644.5,PAID_LATE
RP0003861,LN200551,3,2026-05-28,3644.5,,0.0,UNPAID
RP0003862,LN200551,4,2026-06-28,3644.5,2026-06-25,3644.5,PAID_ON_TIME
RP0003863,LN200551,5,2026-07-28,3644.5,2026-07-27,3644.5,PAID_ON_TIME
RP0003864,LN200551,6,2026-08-28,3644.5,2026-09-01,3644.5,PAID_ON_TIME
RP0003865,LN200551,7,2026-09-28,3644.5,,0.0,NOT_DUE
RP0003866,LN200551,8,2026-10-28,3644.5,,0.0,NOT_DUE
RP0003867,LN200551,9,2026-11-28,3644.5,,0.0,NOT_DUE
RP0003868,LN200551,10,2026-12-28,3644.5,,0.0,NOT_DUE
RP0003869,LN200551,11,2027-01-28,3644.5,,0.0,NOT_DUE
RP0003870,LN200551,12,2027-02-28,3644.5,,0.0,NOT_DUE
RP0003871,LN200552,1,2025-10-24,3822.0,2025-10-26,3822.0,PAID_ON_TIME
RP0003872,LN200552,2,2025-11-24,3822.0,2025-11-24,3822.0,PAID_ON_TIME
RP0003873,LN200552,3,2025-12-24,3822.0,2025-12-23,3822.0,PAID_ON_TIME
RP0003874,LN200552,4,2026-01-24,3822.0,2026-01-21,3822.0,PAID_ON_TIME
RP0003875,LN200552,5,2026-02-24,3822.0,2026-03-14,3822.0,PAID_LATE
RP0003876,LN200552,6,2026-03-24,3822.0,2026-03-24,3822.0,PAID_ON_TIME
RP0003877,LN200553,1,2025-11-25,11552.0,2026-01-19,11552.0,PAID_LATE
RP0003878,LN200553,2,2025-12-25,11552.0,,0.0,UNPAID
RP0003879,LN200553,3,2026-01-25,11552.0,2026-01-25,11552.0,PAID_ON_TIME
RP0003880,LN200553,4,2026-02-25,11552.0,2026-06-24,11552.0,PAID_LATE
RP0003881,LN200553,5,2026-03-25,11552.0,2026-03-22,11552.0,PAID_ON_TIME
RP0003882,LN200553,6,2026-04-25,11552.0,,0.0,UNPAID
RP0003883,LN200554,1,2025-09-29,30026.5,2025-09-29,30026.5,PAID_ON_TIME
RP0003884,LN200554,2,2025-10-29,30026.5,2025-10-27,30026.5,PAID_ON_TIME
RP0003885,LN200554,3,2025-11-29,30026.5,2025-11-28,30026.5,PAID_ON_TIME
RP0003886,LN200554,4,2025-12-29,30026.5,2025-12-30,30026.5,PAID_ON_TIME
RP0003887,LN200554,5,2026-01-29,30026.5,2026-02-01,30026.5,PAID_ON_TIME
RP0003888,LN200554,6,2026-02-28,30026.5,2026-03-02,30026.5,PAID_ON_TIME
RP0003889,LN200555,1,2025-07-23,7779.42,2025-07-23,7779.42,PAID_ON_TIME
RP0003890,LN200555,2,2025-08-23,7779.42,2025-08-26,7779.42,PAID_ON_TIME
RP0003891,LN200555,3,2025-09-23,7779.42,2025-09-24,7779.42,PAID_ON_TIME
RP0003892,LN200555,4,2025-10-23,7779.42,2025-10-22,7779.42,PAID_ON_TIME
RP0003893,LN200555,5,2025-11-23,7779.42,2025-11-22,7779.42,PAID_ON_TIME
RP0003894,LN200555,6,2025-12-23,7779.42,,0.0,UNPAID
RP0003895,LN200556,1,2026-07-19,40010.42,2026-07-22,40010.42,PAID_ON_TIME
RP0003896,LN200556,2,2026-08-19,40010.42,,0.0,UNPAID
RP0003897,LN200556,3,2026-09-19,40010.42,,0.0,NOT_DUE
RP0003898,LN200557,1,2025-06-21,29452.5,2025-06-19,29452.5,PAID_ON_TIME
RP0003899,LN200557,2,2025-07-21,29452.5,2025-07-25,29452.5,PAID_ON_TIME
RP0003900,LN200557,3,2025-08-21,29452.5,2025-08-18,29452.5,PAID_ON_TIME
RP0003901,LN200557,4,2025-09-21,29452.5,2025-09-18,29452.5,PAID_ON_TIME
RP0003902,LN200557,5,2025-10-21,29452.5,2025-10-19,29452.5,PAID_ON_TIME
RP0003903,LN200557,6,2025-11-21,29452.5,2025-11-22,29452.5,PAID_ON_TIME
RP0003904,LN200558,1,2025-02-21,2556.0,2025-02-21,2556.0,PAID_ON_TIME
RP0003905,LN200558,2,2025-03-21,2556.0,2025-03-25,2556.0,PAID_ON_TIME
RP0003906,LN200558,3,2025-04-21,2556.0,2025-04-21,2556.0,PAID_ON_TIME
RP0003907,LN200558,4,2025-05-21,2556.0,2025-05-22,2556.0,PAID_ON_TIME
RP0003908,LN200558,5,2025-06-21,2556.0,2025-09-11,2556.0,PAID_LATE
RP0003909,LN200558,6,2025-07-21,2556.0,2025-07-19,2556.0,PAID_ON_TIME
RP0003910,LN200558,7,2025-08-21,2556.0,2025-11-15,2556.0,PAID_LATE
RP0003911,LN200558,8,2025-09-21,2556.0,2025-09-18,2556.0,PAID_ON_TIME
RP0003912,LN200558,9,2025-10-21,2556.0,2025-10-23,2556.0,PAID_ON_TIME
RP0003913,LN200558,10,2025-11-21,2556.0,2025-11-22,2556.0,PAID_ON_TIME
RP0003914,LN200558,11,2025-12-21,2556.0,2025-12-24,2556.0,PAID_ON_TIME
RP0003915,LN200558,12,2026-01-21,2556.0,2026-01-19,2556.0,PAID_ON_TIME
RP0003916,LN200559,1,2026-06-07,7023.33,2026-06-09,7023.33,PAID_ON_TIME
RP0003917,LN200559,2,2026-07-07,7023.33,,0.0,UNPAID
RP0003918,LN200559,3,2026-08-07,7023.33,2026-08-08,7023.33,PAID_ON_TIME
RP0003919,LN200560,1,2025-06-29,3540.0,2025-06-29,3540.0,PAID_ON_TIME
RP0003920,LN200560,2,2025-07-29,3540.0,2025-07-30,3540.0,PAID_ON_TIME
RP0003921,LN200560,3,2025-08-29,3540.0,2025-08-31,3540.0,PAID_ON_TIME
RP0003922,LN200560,4,2025-09-29,3540.0,2025-09-26,3540.0,PAID_ON_TIME
RP0003923,LN200560,5,2025-10-29,3540.0,2025-10-30,3540.0,PAID_ON_TIME
RP0003924,LN200560,6,2025-11-29,3540.0,2025-12-02,3540.0,PAID_ON_TIME
RP0003925,LN200561,1,2026-03-04,9344.25,2026-03-05,9344.25,PAID_ON_TIME
RP0003926,LN200561,2,2026-04-04,9344.25,2026-04-07,9344.25,PAID_ON_TIME
RP0003927,LN200561,3,2026-05-04,9344.25,2026-05-02,9344.25,PAID_ON_TIME
RP0003928,LN200562,1,2026-03-09,12395.83,2026-05-19,12395.83,PAID_LATE
RP0003929,LN200562,2,2026-04-09,12395.83,2026-04-12,12395.83,PAID_ON_TIME
RP0003930,LN200562,3,2026-05-09,12395.83,2026-05-08,12395.83,PAID_ON_TIME
RP0003931,LN200562,4,2026-06-09,12395.83,2026-06-10,12395.83,PAID_ON_TIME
RP0003932,LN200562,5,2026-07-09,12395.83,2026-07-06,12395.83,PAID_ON_TIME
RP0003933,LN200562,6,2026-08-09,12395.83,,0.0,UNPAID
RP0003934,LN200563,1,2026-01-22,15400.0,2026-01-26,15400.0,PAID_ON_TIME
RP0003935,LN200563,2,2026-02-22,15400.0,2026-02-21,15400.0,PAID_ON_TIME
RP0003936,LN200563,3,2026-03-22,15400.0,2026-03-24,15400.0,PAID_ON_TIME
RP0003937,LN200563,4,2026-04-22,15400.0,2026-04-26,15400.0,PAID_ON_TIME
RP0003938,LN200563,5,2026-05-22,15400.0,2026-05-20,15400.0,PAID_ON_TIME
RP0003939,LN200563,6,2026-06-22,15400.0,2026-07-05,15400.0,PAID_LATE
RP0003940,LN200563,7,2026-07-22,15400.0,,0.0,UNPAID
RP0003941,LN200563,8,2026-08-22,15400.0,2026-08-25,15400.0,PAID_ON_TIME
RP0003942,LN200563,9,2026-09-22,15400.0,,0.0,NOT_DUE
RP0003943,LN200563,10,2026-10-22,15400.0,,0.0,NOT_DUE
RP0003944,LN200563,11,2026-11-22,15400.0,,0.0,NOT_DUE
RP0003945,LN200563,12,2026-12-22,15400.0,,0.0,NOT_DUE
RP0003946,LN200564,1,2026-01-04,21243.25,2026-01-08,21243.25,PAID_ON_TIME
RP0003947,LN200564,2,2026-02-04,21243.25,2026-02-06,21243.25,PAID_ON_TIME
RP0003948,LN200564,3,2026-03-04,21243.25,2026-03-01,21243.25,PAID_ON_TIME
RP0003949,LN200565,1,2026-02-26,6079.31,2026-02-25,6079.31,PAID_ON_TIME
RP0003950,LN200565,2,2026-03-26,6079.31,2026-03-25,6079.31,PAID_ON_TIME
RP0003951,LN200565,3,2026-04-26,6079.31,2026-04-25,6079.31,PAID_ON_TIME
RP0003952,LN200565,4,2026-05-26,6079.31,2026-05-27,6079.31,PAID_ON_TIME
RP0003953,LN200565,5,2026-06-26,6079.31,2026-06-24,6079.31,PAID_ON_TIME
RP0003954,LN200565,6,2026-07-26,6079.31,2026-07-27,6079.31,PAID_ON_TIME
RP0003955,LN200565,7,2026-08-26,6079.31,2026-08-24,6079.31,PAID_ON_TIME
RP0003956,LN200565,8,2026-09-26,6079.31,,0.0,NOT_DUE
RP0003957,LN200565,9,2026-10-26,6079.31,,0.0,NOT_DUE
RP0003958,LN200565,10,2026-11-26,6079.31,,0.0,NOT_DUE
RP0003959,LN200565,11,2026-12-26,6079.31,,0.0,NOT_DUE
RP0003960,LN200565,12,2027-01-26,6079.31,,0.0,NOT_DUE
RP0003961,LN200565,13,2027-02-26,6079.31,,0.0,NOT_DUE
RP0003962,LN200565,14,2027-03-26,6079.31,,0.0,NOT_DUE
RP0003963,LN200565,15,2027-04-26,6079.31,,0.0,NOT_DUE
RP0003964,LN200565,16,2027-05-26,6079.31,,0.0,NOT_DUE
RP0003965,LN200565,17,2027-06-26,6079.31,,0.0,NOT_DUE
RP0003966,LN200565,18,2027-07-26,6079.31,,0.0,NOT_DUE
RP0003967,LN200566,1,2026-06-09,19908.0,2026-06-09,19908.0,PAID_ON_TIME
RP0003968,LN200566,2,2026-07-09,19908.0,2026-07-10,19908.0,PAID_ON_TIME
RP0003969,LN200566,3,2026-08-09,19908.0,2026-08-06,19908.0,PAID_ON_TIME
RP0003970,LN200566,4,2026-09-09,19908.0,,0.0,NOT_DUE
RP0003971,LN200566,5,2026-10-09,19908.0,,0.0,NOT_DUE
RP0003972,LN200566,6,2026-11-09,19908.0,,0.0,NOT_DUE
RP0003973,LN200567,1,2025-07-08,9832.47,2025-09-12,9832.47,PAID_LATE
RP0003974,LN200567,2,2025-08-08,9832.47,2025-08-10,9832.47,PAID_ON_TIME
RP0003975,LN200567,3,2025-09-08,9832.47,2025-09-06,9832.47,PAID_ON_TIME
RP0003976,LN200567,4,2025-10-08,9832.47,2025-10-07,9832.47,PAID_ON_TIME
RP0003977,LN200567,5,2025-11-08,9832.47,2025-11-09,9832.47,PAID_ON_TIME
RP0003978,LN200567,6,2025-12-08,9832.47,2025-12-09,9832.47,PAID_ON_TIME
RP0003979,LN200567,7,2026-01-08,9832.47,2026-01-12,9832.47,PAID_ON_TIME
RP0003980,LN200567,8,2026-02-08,9832.47,2026-02-05,9832.47,PAID_ON_TIME
RP0003981,LN200567,9,2026-03-08,9832.47,2026-03-05,9832.47,PAID_ON_TIME
RP0003982,LN200568,1,2025-05-09,31699.83,2025-05-12,31699.83,PAID_ON_TIME
RP0003983,LN200568,2,2025-06-09,31699.83,2025-06-12,31699.83,PAID_ON_TIME
RP0003984,LN200568,3,2025-07-09,31699.83,2025-07-08,31699.83,PAID_ON_TIME
RP0003985,LN200568,4,2025-08-09,31699.83,2025-09-14,31699.83,PAID_LATE
RP0003986,LN200568,5,2025-09-09,31699.83,2025-09-07,31699.83,PAID_ON_TIME
RP0003987,LN200568,6,2025-10-09,31699.83,2025-10-13,31699.83,PAID_ON_TIME
RP0003988,LN200568,7,2025-11-09,31699.83,2025-11-08,31699.83,PAID_ON_TIME
RP0003989,LN200568,8,2025-12-09,31699.83,2025-12-08,31699.83,PAID_ON_TIME
RP0003990,LN200568,9,2026-01-09,31699.83,2026-01-12,31699.83,PAID_ON_TIME
RP0003991,LN200569,1,2025-12-12,4787.5,2025-12-09,4787.5,PAID_ON_TIME
RP0003992,LN200569,2,2026-01-12,4787.5,2026-01-16,4787.5,PAID_ON_TIME
RP0003993,LN200569,3,2026-02-12,4787.5,2026-03-11,4787.5,PAID_LATE
RP0003994,LN200569,4,2026-03-12,4787.5,2026-03-14,4787.5,PAID_ON_TIME
RP0003995,LN200569,5,2026-04-12,4787.5,2026-04-14,4787.5,PAID_ON_TIME
RP0003996,LN200569,6,2026-05-12,4787.5,2026-05-15,4787.5,PAID_ON_TIME
RP0003997,LN200569,7,2026-06-12,4787.5,2026-07-21,4787.5,PAID_LATE
RP0003998,LN200569,8,2026-07-12,4787.5,2026-07-15,4787.5,PAID_ON_TIME
RP0003999,LN200569,9,2026-08-12,4787.5,2026-08-14,4787.5,PAID_ON_TIME
RP0004000,LN200569,10,2026-09-12,4787.5,,0.0,NOT_DUE
RP0004001,LN200569,11,2026-10-12,4787.5,,0.0,NOT_DUE
RP0004002,LN200569,12,2026-11-12,4787.5,,0.0,NOT_DUE
RP0004003,LN200570,1,2025-07-06,4332.22,2025-07-09,4332.22,PAID_ON_TIME
RP0004004,LN200570,2,2025-08-06,4332.22,2025-08-06,4332.22,PAID_ON_TIME
RP0004005,LN200570,3,2025-09-06,4332.22,2025-09-07,4332.22,PAID_ON_TIME
RP0004006,LN200570,4,2025-10-06,4332.22,2025-10-10,4332.22,PAID_ON_TIME
RP0004007,LN200570,5,2025-11-06,4332.22,2025-11-03,4332.22,PAID_ON_TIME
RP0004008,LN200570,6,2025-12-06,4332.22,2025-12-05,4332.22,PAID_ON_TIME
RP0004009,LN200570,7,2026-01-06,4332.22,2026-01-05,4332.22,PAID_ON_TIME
RP0004010,LN200570,8,2026-02-06,4332.22,2026-02-03,4332.22,PAID_ON_TIME
RP0004011,LN200570,9,2026-03-06,4332.22,2026-03-08,4332.22,PAID_ON_TIME
RP0004012,LN200571,1,2026-02-20,4575.08,2026-02-20,4575.08,PAID_ON_TIME
RP0004013,LN200571,2,2026-03-20,4575.08,2026-03-24,4575.08,PAID_ON_TIME
RP0004014,LN200571,3,2026-04-20,4575.08,2026-06-01,4575.08,PAID_LATE
RP0004015,LN200571,4,2026-05-20,4575.08,2026-05-24,4575.08,PAID_ON_TIME
RP0004016,LN200571,5,2026-06-20,4575.08,2026-06-23,4575.08,PAID_ON_TIME
RP0004017,LN200571,6,2026-07-20,4575.08,,0.0,UNPAID
RP0004018,LN200571,7,2026-08-20,4575.08,2026-08-17,4575.08,PAID_ON_TIME
RP0004019,LN200571,8,2026-09-20,4575.08,,0.0,NOT_DUE
RP0004020,LN200571,9,2026-10-20,4575.08,,0.0,NOT_DUE
RP0004021,LN200571,10,2026-11-20,4575.08,,0.0,NOT_DUE
RP0004022,LN200571,11,2026-12-20,4575.08,,0.0,NOT_DUE
RP0004023,LN200571,12,2027-01-20,4575.08,,0.0,NOT_DUE
RP0004024,LN200571,13,2027-02-20,4575.08,,0.0,NOT_DUE
RP0004025,LN200571,14,2027-03-20,4575.08,,0.0,NOT_DUE
RP0004026,LN200571,15,2027-04-20,4575.08,,0.0,NOT_DUE
RP0004027,LN200571,16,2027-05-20,4575.08,,0.0,NOT_DUE
RP0004028,LN200571,17,2027-06-20,4575.08,,0.0,NOT_DUE
RP0004029,LN200571,18,2027-07-20,4575.08,,0.0,NOT_DUE
RP0004030,LN200572,1,2025-04-01,10300.11,2025-06-02,10300.11,PAID_LATE
RP0004031,LN200572,2,2025-05-01,10300.11,2025-04-29,10300.11,PAID_ON_TIME
RP0004032,LN200572,3,2025-06-01,10300.11,2025-06-02,10300.11,PAID_ON_TIME
RP0004033,LN200572,4,2025-07-01,10300.11,2025-07-05,10300.11,PAID_ON_TIME
RP0004034,LN200572,5,2025-08-01,10300.11,2025-08-04,10300.11,PAID_ON_TIME
RP0004035,LN200572,6,2025-09-01,10300.11,2025-08-30,10300.11,PAID_ON_TIME
RP0004036,LN200572,7,2025-10-01,10300.11,2025-09-29,10300.11,PAID_ON_TIME
RP0004037,LN200572,8,2025-11-01,10300.11,2025-11-03,10300.11,PAID_ON_TIME
RP0004038,LN200572,9,2025-12-01,10300.11,2025-12-03,10300.11,PAID_ON_TIME
RP0004039,LN200573,1,2026-05-07,61558.33,2026-05-31,61558.33,PAID_LATE
RP0004040,LN200573,2,2026-06-07,61558.33,2026-06-09,61558.33,PAID_ON_TIME
RP0004041,LN200573,3,2026-07-07,61558.33,2026-07-07,61558.33,PAID_ON_TIME
RP0004042,LN200574,1,2026-03-24,39882.5,2026-03-23,39882.5,PAID_ON_TIME
RP0004043,LN200574,2,2026-04-24,39882.5,2026-04-25,39882.5,PAID_ON_TIME
RP0004044,LN200574,3,2026-05-24,39882.5,2026-05-23,39882.5,PAID_ON_TIME
RP0004045,LN200574,4,2026-06-24,39882.5,2026-06-24,39882.5,PAID_ON_TIME
RP0004046,LN200574,5,2026-07-24,39882.5,2026-07-26,39882.5,PAID_ON_TIME
RP0004047,LN200574,6,2026-08-24,39882.5,,0.0,UNPAID
RP0004048,LN200575,1,2026-06-10,13346.67,2026-06-09,13346.67,PAID_ON_TIME
RP0004049,LN200575,2,2026-07-10,13346.67,2026-07-27,13346.67,PAID_LATE
RP0004050,LN200575,3,2026-08-10,13346.67,2026-08-10,13346.67,PAID_ON_TIME
RP0004051,LN200575,4,2026-09-10,13346.67,,0.0,NOT_DUE
RP0004052,LN200575,5,2026-10-10,13346.67,,0.0,NOT_DUE
RP0004053,LN200575,6,2026-11-10,13346.67,,0.0,NOT_DUE
RP0004054,LN200575,7,2026-12-10,13346.67,,0.0,NOT_DUE
RP0004055,LN200575,8,2027-01-10,13346.67,,0.0,NOT_DUE
RP0004056,LN200575,9,2027-02-10,13346.67,,0.0,NOT_DUE
RP0004057,LN200577,1,2026-08-04,82673.5,2026-08-04,82673.5,PAID_ON_TIME
RP0004058,LN200577,2,2026-09-04,82673.5,,0.0,NOT_DUE
RP0004059,LN200577,3,2026-10-04,82673.5,,0.0,NOT_DUE
RP0004060,LN200578,1,2025-07-01,16957.5,2025-07-02,16957.5,PAID_ON_TIME
RP0004061,LN200578,2,2025-08-01,16957.5,2025-08-02,16957.5,PAID_ON_TIME
RP0004062,LN200578,3,2025-09-01,16957.5,2025-09-05,16957.5,PAID_LATE
RP0004063,LN200578,4,2025-10-01,16957.5,2025-09-28,16957.5,PAID_ON_TIME
RP0004064,LN200578,5,2025-11-01,16957.5,,0.0,UNPAID
RP0004065,LN200578,6,2025-12-01,16957.5,2025-12-05,16957.5,PAID_ON_TIME
RP0004066,LN200578,7,2026-01-01,16957.5,2026-04-25,16957.5,PAID_LATE
RP0004067,LN200578,8,2026-02-01,16957.5,2026-02-02,16957.5,PAID_ON_TIME
RP0004068,LN200578,9,2026-03-01,16957.5,2026-02-27,16957.5,PAID_ON_TIME
RP0004069,LN200578,10,2026-04-01,16957.5,2026-04-02,16957.5,PAID_ON_TIME
RP0004070,LN200578,11,2026-05-01,16957.5,2026-05-02,16957.5,PAID_ON_TIME
RP0004071,LN200578,12,2026-06-01,16957.5,2026-06-05,16957.5,PAID_ON_TIME
RP0004072,LN200579,1,2026-08-19,14556.0,2026-08-16,14556.0,PAID_ON_TIME
RP0004073,LN200579,2,2026-09-19,14556.0,,0.0,NOT_DUE
RP0004074,LN200579,3,2026-10-19,14556.0,,0.0,NOT_DUE
RP0004075,LN200579,4,2026-11-19,14556.0,,0.0,NOT_DUE
RP0004076,LN200579,5,2026-12-19,14556.0,,0.0,NOT_DUE
RP0004077,LN200579,6,2027-01-19,14556.0,,0.0,NOT_DUE
RP0004078,LN200579,7,2027-02-19,14556.0,,0.0,NOT_DUE
RP0004079,LN200579,8,2027-03-19,14556.0,,0.0,NOT_DUE
RP0004080,LN200579,9,2027-04-19,14556.0,,0.0,NOT_DUE
RP0004081,LN200579,10,2027-05-19,14556.0,,0.0,NOT_DUE
RP0004082,LN200579,11,2027-06-19,14556.0,,0.0,NOT_DUE
RP0004083,LN200579,12,2027-07-19,14556.0,,0.0,NOT_DUE
RP0004084,LN200580,1,2026-07-03,32854.86,2026-07-03,32854.86,PAID_ON_TIME
RP0004085,LN200580,2,2026-08-03,32854.86,2026-08-01,32854.86,PAID_ON_TIME
RP0004086,LN200580,3,2026-09-03,32854.86,,0.0,NOT_DUE
RP0004087,LN200580,4,2026-10-03,32854.86,,0.0,NOT_DUE
RP0004088,LN200580,5,2026-11-03,32854.86,,0.0,NOT_DUE
RP0004089,LN200580,6,2026-12-03,32854.86,,0.0,NOT_DUE
RP0004090,LN200580,7,2027-01-03,32854.86,,0.0,NOT_DUE
RP0004091,LN200580,8,2027-02-03,32854.86,,0.0,NOT_DUE
RP0004092,LN200580,9,2027-03-03,32854.86,,0.0,NOT_DUE
RP0004093,LN200581,1,2026-03-21,66784.5,2026-03-20,66784.5,PAID_ON_TIME
RP0004094,LN200581,2,2026-04-21,66784.5,2026-04-18,66784.5,PAID_ON_TIME
RP0004095,LN200581,3,2026-05-21,66784.5,2026-05-25,66784.5,PAID_ON_TIME
RP0004096,LN200582,1,2025-12-25,4224.92,2025-12-25,4224.92,PAID_ON_TIME
RP0004097,LN200582,2,2026-01-25,4224.92,2026-01-28,4224.92,PAID_ON_TIME
RP0004098,LN200582,3,2026-02-25,4224.92,2026-02-28,4224.92,PAID_ON_TIME
RP0004099,LN200582,4,2026-03-25,4224.92,2026-03-23,4224.92,PAID_ON_TIME
RP0004100,LN200582,5,2026-04-25,4224.92,2026-04-22,4224.92,PAID_ON_TIME
RP0004101,LN200582,6,2026-05-25,4224.92,2026-05-26,4224.92,PAID_ON_TIME
RP0004102,LN200582,7,2026-06-25,4224.92,2026-06-22,4224.92,PAID_ON_TIME
RP0004103,LN200582,8,2026-07-25,4224.92,2026-07-23,4224.92,PAID_ON_TIME
RP0004104,LN200582,9,2026-08-25,4224.92,2026-08-29,4224.92,PAID_ON_TIME
RP0004105,LN200583,1,2025-05-14,3143.92,2025-05-11,3143.92,PAID_ON_TIME
RP0004106,LN200583,2,2025-06-14,3143.92,2025-09-11,3143.92,PAID_LATE
RP0004107,LN200583,3,2025-07-14,3143.92,2025-07-13,3143.92,PAID_ON_TIME
RP0004108,LN200583,4,2025-08-14,3143.92,2025-08-18,3143.92,PAID_ON_TIME
RP0004109,LN200583,5,2025-09-14,3143.92,2025-11-14,3143.92,PAID_LATE
RP0004110,LN200583,6,2025-10-14,3143.92,2025-11-17,3143.92,PAID_LATE
RP0004111,LN200583,7,2025-11-14,3143.92,2025-11-14,3143.92,PAID_ON_TIME
RP0004112,LN200583,8,2025-12-14,3143.92,2025-12-13,3143.92,PAID_ON_TIME
RP0004113,LN200583,9,2026-01-14,3143.92,,0.0,UNPAID
RP0004114,LN200583,10,2026-02-14,3143.92,2026-02-17,3143.92,PAID_ON_TIME
RP0004115,LN200583,11,2026-03-14,3143.92,2026-03-13,3143.92,PAID_ON_TIME
RP0004116,LN200583,12,2026-04-14,3143.92,2026-04-16,3143.92,PAID_ON_TIME
RP0004117,LN200584,1,2026-01-08,54845.33,2026-01-07,54845.33,PAID_ON_TIME
RP0004118,LN200584,2,2026-02-08,54845.33,2026-02-08,54845.33,PAID_ON_TIME
RP0004119,LN200584,3,2026-03-08,54845.33,2026-03-05,54845.33,PAID_ON_TIME
RP0004120,LN200585,1,2026-07-07,32726.5,2026-07-04,32726.5,PAID_ON_TIME
RP0004121,LN200585,2,2026-08-07,32726.5,2026-08-07,32726.5,PAID_ON_TIME
RP0004122,LN200585,3,2026-09-07,32726.5,,0.0,NOT_DUE
RP0004123,LN200585,4,2026-10-07,32726.5,,0.0,NOT_DUE
RP0004124,LN200585,5,2026-11-07,32726.5,,0.0,NOT_DUE
RP0004125,LN200585,6,2026-12-07,32726.5,,0.0,NOT_DUE
RP0004126,LN200587,1,2026-06-09,10302.75,2026-06-07,10302.75,PAID_ON_TIME
RP0004127,LN200587,2,2026-07-09,10302.75,2026-07-09,10302.75,PAID_ON_TIME
RP0004128,LN200587,3,2026-08-09,10302.75,2026-08-10,10302.75,PAID_ON_TIME
RP0004129,LN200587,4,2026-09-09,10302.75,,0.0,NOT_DUE
RP0004130,LN200587,5,2026-10-09,10302.75,,0.0,NOT_DUE
RP0004131,LN200587,6,2026-11-09,10302.75,,0.0,NOT_DUE
RP0004132,LN200588,1,2025-09-22,13743.33,2025-09-20,13743.33,PAID_ON_TIME
RP0004133,LN200588,2,2025-10-22,13743.33,2025-10-23,13743.33,PAID_ON_TIME
RP0004134,LN200588,3,2025-11-22,13743.33,2025-11-20,13743.33,PAID_ON_TIME
RP0004135,LN200589,1,2025-07-25,14322.0,2025-07-22,14322.0,PAID_ON_TIME
RP0004136,LN200589,2,2025-08-25,14322.0,2025-08-22,14322.0,PAID_ON_TIME
RP0004137,LN200589,3,2025-09-25,14322.0,2025-09-22,14322.0,PAID_ON_TIME
RP0004138,LN200589,4,2025-10-25,14322.0,2026-02-13,14322.0,PAID_LATE
RP0004139,LN200589,5,2025-11-25,14322.0,2025-11-26,14322.0,PAID_ON_TIME
RP0004140,LN200589,6,2025-12-25,14322.0,2025-12-23,14322.0,PAID_ON_TIME
RP0004141,LN200590,1,2026-02-02,66705.83,2026-02-02,66705.83,PAID_ON_TIME
RP0004142,LN200590,2,2026-03-02,66705.83,2026-03-03,66705.83,PAID_ON_TIME
RP0004143,LN200590,3,2026-04-02,66705.83,2026-04-04,66705.83,PAID_ON_TIME
RP0004144,LN200591,1,2025-02-21,24115.0,2025-02-18,24115.0,PAID_ON_TIME
RP0004145,LN200591,2,2025-03-21,24115.0,2025-03-21,24115.0,PAID_ON_TIME
RP0004146,LN200591,3,2025-04-21,24115.0,2025-04-24,24115.0,PAID_ON_TIME
RP0004147,LN200592,1,2026-08-12,42842.33,,0.0,UNPAID
RP0004148,LN200592,2,2026-09-12,42842.33,,0.0,NOT_DUE
RP0004149,LN200592,3,2026-10-12,42842.33,,0.0,NOT_DUE
RP0004150,LN200593,1,2026-03-18,6122.67,2026-03-18,6122.67,PAID_ON_TIME
RP0004151,LN200593,2,2026-04-18,6122.67,2026-04-20,6122.67,PAID_ON_TIME
RP0004152,LN200593,3,2026-05-18,6122.67,2026-05-17,6122.67,PAID_ON_TIME
RP0004153,LN200593,4,2026-06-18,6122.67,2026-06-19,6122.67,PAID_ON_TIME
RP0004154,LN200593,5,2026-07-18,6122.67,2026-07-21,6122.67,PAID_ON_TIME
RP0004155,LN200593,6,2026-08-18,6122.67,2026-08-15,6122.67,PAID_ON_TIME
RP0004156,LN200593,7,2026-09-18,6122.67,,0.0,NOT_DUE
RP0004157,LN200593,8,2026-10-18,6122.67,,0.0,NOT_DUE
RP0004158,LN200593,9,2026-11-18,6122.67,,0.0,NOT_DUE
RP0004159,LN200593,10,2026-12-18,6122.67,,0.0,NOT_DUE
RP0004160,LN200593,11,2027-01-18,6122.67,,0.0,NOT_DUE
RP0004161,LN200593,12,2027-02-18,6122.67,,0.0,NOT_DUE
RP0004162,LN200594,1,2026-08-04,11298.0,,0.0,UNPAID
RP0004163,LN200594,2,2026-09-04,11298.0,,0.0,NOT_DUE
RP0004164,LN200594,3,2026-10-04,11298.0,,0.0,NOT_DUE
RP0004165,LN200594,4,2026-11-04,11298.0,,0.0,NOT_DUE
RP0004166,LN200594,5,2026-12-04,11298.0,,0.0,NOT_DUE
RP0004167,LN200594,6,2027-01-04,11298.0,,0.0,NOT_DUE
RP0004168,LN200595,1,2025-12-06,60978.75,2025-12-06,60978.75,PAID_ON_TIME
RP0004169,LN200595,2,2026-01-06,60978.75,2026-01-03,60978.75,PAID_ON_TIME
RP0004170,LN200595,3,2026-02-06,60978.75,2026-02-03,60978.75,PAID_ON_TIME
RP0004171,LN200595,4,2026-03-06,60978.75,2026-03-06,60978.75,PAID_ON_TIME
RP0004172,LN200595,5,2026-04-06,60978.75,2026-04-03,60978.75,PAID_ON_TIME
RP0004173,LN200595,6,2026-05-06,60978.75,2026-05-07,60978.75,PAID_ON_TIME
RP0004174,LN200596,1,2026-07-06,15399.39,2026-07-10,15399.39,PAID_ON_TIME
RP0004175,LN200596,2,2026-08-06,15399.39,2026-08-08,15399.39,PAID_ON_TIME
RP0004176,LN200596,3,2026-09-06,15399.39,,0.0,NOT_DUE
RP0004177,LN200596,4,2026-10-06,15399.39,,0.0,NOT_DUE
RP0004178,LN200596,5,2026-11-06,15399.39,,0.0,NOT_DUE
RP0004179,LN200596,6,2026-12-06,15399.39,,0.0,NOT_DUE
RP0004180,LN200596,7,2027-01-06,15399.39,,0.0,NOT_DUE
RP0004181,LN200596,8,2027-02-06,15399.39,,0.0,NOT_DUE
RP0004182,LN200596,9,2027-03-06,15399.39,,0.0,NOT_DUE
RP0004183,LN200596,10,2027-04-06,15399.39,,0.0,NOT_DUE
RP0004184,LN200596,11,2027-05-06,15399.39,,0.0,NOT_DUE
RP0004185,LN200596,12,2027-06-06,15399.39,,0.0,NOT_DUE
RP0004186,LN200596,13,2027-07-06,15399.39,,0.0,NOT_DUE
RP0004187,LN200596,14,2027-08-06,15399.39,,0.0,NOT_DUE
RP0004188,LN200596,15,2027-09-06,15399.39,,0.0,NOT_DUE
RP0004189,LN200596,16,2027-10-06,15399.39,,0.0,NOT_DUE
RP0004190,LN200596,17,2027-11-06,15399.39,,0.0,NOT_DUE
RP0004191,LN200596,18,2027-12-06,15399.39,,0.0,NOT_DUE
RP0004192,LN200597,1,2025-02-09,7162.5,,0.0,UNPAID
RP0004193,LN200597,2,2025-03-09,7162.5,2025-05-12,7162.5,PAID_LATE
RP0004194,LN200597,3,2025-04-09,7162.5,2025-04-11,7162.5,PAID_ON_TIME
RP0004195,LN200597,4,2025-05-09,7162.5,2025-06-04,7162.5,PAID_LATE
RP0004196,LN200597,5,2025-06-09,7162.5,,0.0,UNPAID
RP0004197,LN200597,6,2025-07-09,7162.5,2025-07-12,7162.5,PAID_ON_TIME
RP0004198,LN200597,7,2025-08-09,7162.5,2025-08-07,7162.5,PAID_ON_TIME
RP0004199,LN200597,8,2025-09-09,7162.5,2025-09-11,7162.5,PAID_ON_TIME
RP0004200,LN200597,9,2025-10-09,7162.5,,0.0,UNPAID
RP0004201,LN200597,10,2025-11-09,7162.5,2025-11-06,7162.5,PAID_ON_TIME
RP0004202,LN200597,11,2025-12-09,7162.5,2025-12-13,7162.5,PAID_ON_TIME
RP0004203,LN200597,12,2026-01-09,7162.5,,0.0,UNPAID
RP0004204,LN200598,1,2025-07-24,9126.0,2025-07-24,9126.0,PAID_ON_TIME
RP0004205,LN200598,2,2025-08-24,9126.0,2025-08-22,9126.0,PAID_ON_TIME
RP0004206,LN200598,3,2025-09-24,9126.0,2025-09-26,9126.0,PAID_ON_TIME
RP0004207,LN200599,1,2026-07-30,11672.92,2026-07-29,11672.92,PAID_ON_TIME
RP0004208,LN200599,2,2026-08-30,11672.92,2026-08-29,11672.92,PAID_ON_TIME
RP0004209,LN200599,3,2026-09-30,11672.92,,0.0,NOT_DUE
RP0004210,LN200599,4,2026-10-30,11672.92,,0.0,NOT_DUE
RP0004211,LN200599,5,2026-11-30,11672.92,,0.0,NOT_DUE
RP0004212,LN200599,6,2026-12-30,11672.92,,0.0,NOT_DUE
RP0004213,LN200600,1,2025-05-12,28940.33,2025-05-12,28940.33,PAID_ON_TIME
RP0004214,LN200600,2,2025-06-12,28940.33,2025-06-14,28940.33,PAID_ON_TIME
RP0004215,LN200600,3,2025-07-12,28940.33,2025-07-10,28940.33,PAID_ON_TIME
RP0004216,LN200600,4,2025-08-12,28940.33,2025-08-15,28940.33,PAID_ON_TIME
RP0004217,LN200600,5,2025-09-12,28940.33,2025-09-15,28940.33,PAID_ON_TIME
RP0004218,LN200600,6,2025-10-12,28940.33,2025-10-11,28940.33,PAID_ON_TIME
RP0004219,LN200601,1,2025-09-27,18716.67,2025-09-26,18716.67,PAID_ON_TIME
RP0004220,LN200601,2,2025-10-27,18716.67,2025-10-24,18716.67,PAID_ON_TIME
RP0004221,LN200601,3,2025-11-27,18716.67,2025-11-24,18716.67,PAID_ON_TIME
RP0004222,LN200601,4,2025-12-27,18716.67,2026-03-05,18716.67,PAID_LATE
RP0004223,LN200601,5,2026-01-27,18716.67,2026-01-26,18716.67,PAID_ON_TIME
RP0004224,LN200601,6,2026-02-27,18716.67,2026-02-28,18716.67,PAID_ON_TIME
RP0004225,LN200601,7,2026-03-27,18716.67,2026-03-28,18716.67,PAID_ON_TIME
RP0004226,LN200601,8,2026-04-27,18716.67,2026-05-01,18716.67,PAID_ON_TIME
RP0004227,LN200601,9,2026-05-27,18716.67,2026-05-30,18716.67,PAID_ON_TIME
RP0004228,LN200602,1,2025-09-30,49299.25,2025-10-03,49299.25,PAID_ON_TIME
RP0004229,LN200602,2,2025-10-30,49299.25,2025-11-01,49299.25,PAID_ON_TIME
RP0004230,LN200602,3,2025-11-30,49299.25,2025-12-01,49299.25,PAID_ON_TIME
RP0004231,LN200602,4,2025-12-30,49299.25,2025-12-29,49299.25,PAID_ON_TIME
RP0004232,LN200602,5,2026-01-30,49299.25,2026-02-03,49299.25,PAID_ON_TIME
RP0004233,LN200602,6,2026-02-28,49299.25,2026-03-04,49299.25,PAID_ON_TIME
RP0004234,LN200603,1,2025-04-17,60636.5,2025-04-20,60636.5,PAID_ON_TIME
RP0004235,LN200603,2,2025-05-17,60636.5,2025-05-17,60636.5,PAID_ON_TIME
RP0004236,LN200603,3,2025-06-17,60636.5,2025-06-14,60636.5,PAID_ON_TIME
RP0004237,LN200604,1,2026-06-10,15730.0,2026-06-11,15730.0,PAID_ON_TIME
RP0004238,LN200604,2,2026-07-10,15730.0,2026-07-14,15730.0,PAID_ON_TIME
RP0004239,LN200604,3,2026-08-10,15730.0,2026-08-07,15730.0,PAID_ON_TIME
RP0004240,LN200604,4,2026-09-10,15730.0,,0.0,NOT_DUE
RP0004241,LN200604,5,2026-10-10,15730.0,,0.0,NOT_DUE
RP0004242,LN200604,6,2026-11-10,15730.0,,0.0,NOT_DUE
RP0004243,LN200604,7,2026-12-10,15730.0,,0.0,NOT_DUE
RP0004244,LN200604,8,2027-01-10,15730.0,,0.0,NOT_DUE
RP0004245,LN200604,9,2027-02-10,15730.0,,0.0,NOT_DUE
RP0004246,LN200604,10,2027-03-10,15730.0,,0.0,NOT_DUE
RP0004247,LN200604,11,2027-04-10,15730.0,,0.0,NOT_DUE
RP0004248,LN200604,12,2027-05-10,15730.0,,0.0,NOT_DUE
RP0004249,LN200605,1,2025-03-10,4642.75,2025-03-09,4642.75,PAID_ON_TIME
RP0004250,LN200605,2,2025-04-10,4642.75,2025-04-07,4642.75,PAID_ON_TIME
RP0004251,LN200605,3,2025-05-10,4642.75,2025-05-14,4642.75,PAID_ON_TIME
RP0004252,LN200605,4,2025-06-10,4642.75,2025-06-11,4642.75,PAID_ON_TIME
RP0004253,LN200605,5,2025-07-10,4642.75,2025-07-14,4642.75,PAID_ON_TIME
RP0004254,LN200605,6,2025-08-10,4642.75,2025-08-12,4642.75,PAID_ON_TIME
RP0004255,LN200605,7,2025-09-10,4642.75,2025-11-02,4642.75,PAID_LATE
RP0004256,LN200605,8,2025-10-10,4642.75,2025-10-11,4642.75,PAID_ON_TIME
RP0004257,LN200605,9,2025-11-10,4642.75,2025-11-09,4642.75,PAID_ON_TIME
RP0004258,LN200605,10,2025-12-10,4642.75,2026-03-14,4642.75,PAID_LATE
RP0004259,LN200605,11,2026-01-10,4642.75,2026-01-13,4642.75,PAID_ON_TIME
RP0004260,LN200605,12,2026-02-10,4642.75,2026-02-10,4642.75,PAID_ON_TIME
RP0004261,LN200606,1,2025-12-05,8143.58,2025-12-06,8143.58,PAID_ON_TIME
RP0004262,LN200606,2,2026-01-05,8143.58,2026-01-04,8143.58,PAID_ON_TIME
RP0004263,LN200606,3,2026-02-05,8143.58,2026-02-02,8143.58,PAID_ON_TIME
RP0004264,LN200606,4,2026-03-05,8143.58,2026-03-03,8143.58,PAID_ON_TIME
RP0004265,LN200606,5,2026-04-05,8143.58,2026-07-22,8143.58,PAID_LATE
RP0004266,LN200606,6,2026-05-05,8143.58,2026-05-08,8143.58,PAID_ON_TIME
RP0004267,LN200606,7,2026-06-05,8143.58,2026-06-07,8143.58,PAID_ON_TIME
RP0004268,LN200606,8,2026-07-05,8143.58,2026-07-04,8143.58,PAID_ON_TIME
RP0004269,LN200606,9,2026-08-05,8143.58,2026-08-07,8143.58,PAID_ON_TIME
RP0004270,LN200606,10,2026-09-05,8143.58,,0.0,NOT_DUE
RP0004271,LN200606,11,2026-10-05,8143.58,,0.0,NOT_DUE
RP0004272,LN200606,12,2026-11-05,8143.58,,0.0,NOT_DUE
RP0004273,LN200607,1,2026-06-12,10862.92,2026-06-13,10862.92,PAID_ON_TIME
RP0004274,LN200607,2,2026-07-12,10862.92,2026-07-15,10862.92,PAID_ON_TIME
RP0004275,LN200607,3,2026-08-12,10862.92,2026-08-12,10862.92,PAID_ON_TIME
RP0004276,LN200608,1,2026-06-15,23569.08,2026-06-17,23569.08,PAID_ON_TIME
RP0004277,LN200608,2,2026-07-15,23569.08,2026-07-18,23569.08,PAID_ON_TIME
RP0004278,LN200608,3,2026-08-15,23569.08,2026-08-18,23569.08,PAID_ON_TIME
RP0004279,LN200608,4,2026-09-15,23569.08,,0.0,NOT_DUE
RP0004280,LN200608,5,2026-10-15,23569.08,,0.0,NOT_DUE
RP0004281,LN200608,6,2026-11-15,23569.08,,0.0,NOT_DUE
RP0004282,LN200609,1,2025-04-30,24952.5,2025-05-04,24952.5,PAID_ON_TIME
RP0004283,LN200609,2,2025-05-30,24952.5,2025-05-27,24952.5,PAID_ON_TIME
RP0004284,LN200609,3,2025-06-30,24952.5,2025-07-03,24952.5,PAID_ON_TIME
RP0004285,LN200609,4,2025-07-30,24952.5,2025-08-03,24952.5,PAID_ON_TIME
RP0004286,LN200609,5,2025-08-30,24952.5,2025-08-28,24952.5,PAID_ON_TIME
RP0004287,LN200609,6,2025-09-30,24952.5,2025-10-02,24952.5,PAID_ON_TIME
RP0004288,LN200610,1,2026-08-30,24740.67,2026-08-28,24740.67,PAID_ON_TIME
RP0004289,LN200610,2,2026-09-30,24740.67,,0.0,NOT_DUE
RP0004290,LN200610,3,2026-10-30,24740.67,,0.0,NOT_DUE
RP0004291,LN200610,4,2026-11-30,24740.67,,0.0,NOT_DUE
RP0004292,LN200610,5,2026-12-30,24740.67,,0.0,NOT_DUE
RP0004293,LN200610,6,2027-01-30,24740.67,,0.0,NOT_DUE
RP0004294,LN200612,1,2026-01-31,10225.0,2026-02-03,10225.0,PAID_ON_TIME
RP0004295,LN200612,2,2026-02-28,10225.0,2026-02-27,10225.0,PAID_ON_TIME
RP0004296,LN200612,3,2026-03-31,10225.0,2026-03-29,10225.0,PAID_ON_TIME
RP0004297,LN200612,4,2026-04-30,10225.0,2026-04-28,10225.0,PAID_ON_TIME
RP0004298,LN200612,5,2026-05-31,10225.0,2026-06-01,10225.0,PAID_ON_TIME
RP0004299,LN200612,6,2026-06-30,10225.0,2026-07-01,10225.0,PAID_ON_TIME
RP0004300,LN200612,7,2026-07-31,10225.0,2026-07-31,10225.0,PAID_ON_TIME
RP0004301,LN200612,8,2026-08-31,10225.0,2026-08-29,10225.0,PAID_ON_TIME
RP0004302,LN200612,9,2026-09-30,10225.0,,0.0,NOT_DUE
RP0004303,LN200612,10,2026-10-31,10225.0,,0.0,NOT_DUE
RP0004304,LN200612,11,2026-11-30,10225.0,,0.0,NOT_DUE
RP0004305,LN200612,12,2026-12-31,10225.0,,0.0,NOT_DUE
RP0004306,LN200613,1,2025-12-16,12798.0,2026-03-07,12798.0,PAID_LATE
RP0004307,LN200613,2,2026-01-16,12798.0,2026-01-13,12798.0,PAID_ON_TIME
RP0004308,LN200613,3,2026-02-16,12798.0,2026-02-18,12798.0,PAID_ON_TIME
RP0004309,LN200613,4,2026-03-16,12798.0,2026-03-13,12798.0,PAID_ON_TIME
RP0004310,LN200613,5,2026-04-16,12798.0,2026-07-07,12798.0,PAID_LATE
RP0004311,LN200613,6,2026-05-16,12798.0,2026-05-19,12798.0,PAID_ON_TIME
RP0004312,LN200614,1,2026-03-12,35783.92,2026-03-12,35783.92,PAID_ON_TIME
RP0004313,LN200614,2,2026-04-12,35783.92,2026-04-11,35783.92,PAID_ON_TIME
RP0004314,LN200614,3,2026-05-12,35783.92,2026-05-14,35783.92,PAID_ON_TIME
RP0004315,LN200615,1,2025-11-01,14131.67,2025-10-30,14131.67,PAID_ON_TIME
RP0004316,LN200615,2,2025-12-01,14131.67,2025-12-02,14131.67,PAID_ON_TIME
RP0004317,LN200615,3,2026-01-01,14131.67,2026-01-02,14131.67,PAID_ON_TIME
RP0004318,LN200615,4,2026-02-01,14131.67,2026-01-29,14131.67,PAID_ON_TIME
RP0004319,LN200615,5,2026-03-01,14131.67,2026-03-02,14131.67,PAID_ON_TIME
RP0004320,LN200615,6,2026-04-01,14131.67,,0.0,UNPAID
RP0004321,LN200615,7,2026-05-01,14131.67,2026-04-29,14131.67,PAID_ON_TIME
RP0004322,LN200615,8,2026-06-01,14131.67,2026-06-01,14131.67,PAID_ON_TIME
RP0004323,LN200615,9,2026-07-01,14131.67,2026-07-04,14131.67,PAID_ON_TIME
RP0004324,LN200615,10,2026-08-01,14131.67,2026-08-01,14131.67,PAID_ON_TIME
RP0004325,LN200615,11,2026-09-01,14131.67,2026-09-03,14131.67,PAID_ON_TIME
RP0004326,LN200615,12,2026-10-01,14131.67,,0.0,NOT_DUE
RP0004327,LN200616,1,2025-05-28,8302.5,2025-06-01,8302.5,PAID_ON_TIME
RP0004328,LN200616,2,2025-06-28,8302.5,2025-06-25,8302.5,PAID_ON_TIME
RP0004329,LN200616,3,2025-07-28,8302.5,2025-07-26,8302.5,PAID_ON_TIME
RP0004330,LN200616,4,2025-08-28,8302.5,2025-08-25,8302.5,PAID_ON_TIME
RP0004331,LN200616,5,2025-09-28,8302.5,2025-09-25,8302.5,PAID_ON_TIME
RP0004332,LN200616,6,2025-10-28,8302.5,2025-10-26,8302.5,PAID_ON_TIME
RP0004333,LN200616,7,2025-11-28,8302.5,2025-11-27,8302.5,PAID_ON_TIME
RP0004334,LN200616,8,2025-12-28,8302.5,2025-12-25,8302.5,PAID_ON_TIME
RP0004335,LN200616,9,2026-01-28,8302.5,2026-01-26,8302.5,PAID_ON_TIME
RP0004336,LN200616,10,2026-02-28,8302.5,2026-03-02,8302.5,PAID_ON_TIME
RP0004337,LN200616,11,2026-03-28,8302.5,2026-03-26,8302.5,PAID_ON_TIME
RP0004338,LN200616,12,2026-04-28,8302.5,2026-05-02,8302.5,PAID_ON_TIME
RP0004339,LN200617,1,2025-08-02,21276.33,2025-07-30,21276.33,PAID_ON_TIME
RP0004340,LN200617,2,2025-09-02,21276.33,2025-08-31,21276.33,PAID_ON_TIME
RP0004341,LN200617,3,2025-10-02,21276.33,2025-10-04,21276.33,PAID_ON_TIME
RP0004342,LN200617,4,2025-11-02,21276.33,2025-11-06,21276.33,PAID_LATE
RP0004343,LN200617,5,2025-12-02,21276.33,2025-12-03,21276.33,PAID_ON_TIME
RP0004344,LN200617,6,2026-01-02,21276.33,2026-01-01,21276.33,PAID_ON_TIME
RP0004345,LN200618,1,2026-03-10,16323.03,2026-03-09,16323.03,PAID_ON_TIME
RP0004346,LN200618,2,2026-04-10,16323.03,2026-04-13,16323.03,PAID_ON_TIME
RP0004347,LN200618,3,2026-05-10,16323.03,2026-05-14,16323.03,PAID_ON_TIME
RP0004348,LN200618,4,2026-06-10,16323.03,,0.0,UNPAID
RP0004349,LN200618,5,2026-07-10,16323.03,2026-07-08,16323.03,PAID_ON_TIME
RP0004350,LN200618,6,2026-08-10,16323.03,2026-08-07,16323.03,PAID_ON_TIME
RP0004351,LN200618,7,2026-09-10,16323.03,,0.0,NOT_DUE
RP0004352,LN200618,8,2026-10-10,16323.03,,0.0,NOT_DUE
RP0004353,LN200618,9,2026-11-10,16323.03,,0.0,NOT_DUE
RP0004354,LN200619,1,2025-04-15,16763.25,2025-04-19,16763.25,PAID_ON_TIME
RP0004355,LN200619,2,2025-05-15,16763.25,2025-05-12,16763.25,PAID_ON_TIME
RP0004356,LN200619,3,2025-06-15,16763.25,2025-06-19,16763.25,PAID_ON_TIME
RP0004357,LN200619,4,2025-07-15,16763.25,2025-07-18,16763.25,PAID_ON_TIME
RP0004358,LN200619,5,2025-08-15,16763.25,2025-08-18,16763.25,PAID_ON_TIME
RP0004359,LN200619,6,2025-09-15,16763.25,2025-09-13,16763.25,PAID_ON_TIME
RP0004360,LN200620,1,2025-04-09,28924.75,2025-04-13,28924.75,PAID_ON_TIME
RP0004361,LN200620,2,2025-05-09,28924.75,2025-06-22,28924.75,PAID_LATE
RP0004362,LN200620,3,2025-06-09,28924.75,2025-06-13,28924.75,PAID_ON_TIME
RP0004363,LN200620,4,2025-07-09,28924.75,2025-07-08,28924.75,PAID_ON_TIME
RP0004364,LN200620,5,2025-08-09,28924.75,2025-08-13,28924.75,PAID_ON_TIME
RP0004365,LN200620,6,2025-09-09,28924.75,2025-09-11,28924.75,PAID_ON_TIME
RP0004366,LN200621,1,2025-10-03,105149.33,2025-10-01,105149.33,PAID_ON_TIME
RP0004367,LN200621,2,2025-11-03,105149.33,2025-10-31,105149.33,PAID_ON_TIME
RP0004368,LN200621,3,2025-12-03,105149.33,2025-12-03,105149.33,PAID_ON_TIME
RP0004369,LN200622,1,2025-10-24,12705.0,2025-10-25,12705.0,PAID_ON_TIME
RP0004370,LN200622,2,2025-11-24,12705.0,2025-11-21,12705.0,PAID_ON_TIME
RP0004371,LN200622,3,2025-12-24,12705.0,2025-12-24,12705.0,PAID_ON_TIME
RP0004372,LN200622,4,2026-01-24,12705.0,2026-01-26,12705.0,PAID_ON_TIME
RP0004373,LN200622,5,2026-02-24,12705.0,2026-02-21,12705.0,PAID_ON_TIME
RP0004374,LN200622,6,2026-03-24,12705.0,2026-04-25,12705.0,PAID_LATE
RP0004375,LN200623,1,2026-03-19,33392.5,2026-03-20,33392.5,PAID_ON_TIME
RP0004376,LN200623,2,2026-04-19,33392.5,2026-04-17,33392.5,PAID_ON_TIME
RP0004377,LN200623,3,2026-05-19,33392.5,2026-05-22,33392.5,PAID_ON_TIME
RP0004378,LN200623,4,2026-06-19,33392.5,2026-06-17,33392.5,PAID_ON_TIME
RP0004379,LN200623,5,2026-07-19,33392.5,2026-07-18,33392.5,PAID_ON_TIME
RP0004380,LN200623,6,2026-08-19,33392.5,2026-08-20,33392.5,PAID_ON_TIME
RP0004381,LN200625,1,2026-05-03,11682.0,2026-05-03,11682.0,PAID_ON_TIME
RP0004382,LN200625,2,2026-06-03,11682.0,2026-06-03,11682.0,PAID_ON_TIME
RP0004383,LN200625,3,2026-07-03,11682.0,2026-07-04,11682.0,PAID_ON_TIME
RP0004384,LN200625,4,2026-08-03,11682.0,2026-08-02,11682.0,PAID_ON_TIME
RP0004385,LN200625,5,2026-09-03,11682.0,,0.0,NOT_DUE
RP0004386,LN200625,6,2026-10-03,11682.0,,0.0,NOT_DUE
RP0004387,LN200625,7,2026-11-03,11682.0,,0.0,NOT_DUE
RP0004388,LN200625,8,2026-12-03,11682.0,,0.0,NOT_DUE
RP0004389,LN200625,9,2027-01-03,11682.0,,0.0,NOT_DUE
RP0004390,LN200625,10,2027-02-03,11682.0,,0.0,NOT_DUE
RP0004391,LN200625,11,2027-03-03,11682.0,,0.0,NOT_DUE
RP0004392,LN200625,12,2027-04-03,11682.0,,0.0,NOT_DUE
RP0004393,LN200626,1,2026-01-14,8764.83,2026-01-12,8764.83,PAID_ON_TIME
RP0004394,LN200626,2,2026-02-14,8764.83,2026-02-15,8764.83,PAID_ON_TIME
RP0004395,LN200626,3,2026-03-14,8764.83,2026-03-17,8764.83,PAID_ON_TIME
RP0004396,LN200626,4,2026-04-14,8764.83,2026-04-14,8764.83,PAID_ON_TIME
RP0004397,LN200626,5,2026-05-14,8764.83,2026-05-11,8764.83,PAID_ON_TIME
RP0004398,LN200626,6,2026-06-14,8764.83,2026-06-14,8764.83,PAID_ON_TIME
RP0004399,LN200626,7,2026-07-14,8764.83,,0.0,UNPAID
RP0004400,LN200626,8,2026-08-14,8764.83,2026-08-17,8764.83,PAID_ON_TIME
RP0004401,LN200626,9,2026-09-14,8764.83,,0.0,NOT_DUE
RP0004402,LN200626,10,2026-10-14,8764.83,,0.0,NOT_DUE
RP0004403,LN200626,11,2026-11-14,8764.83,,0.0,NOT_DUE
RP0004404,LN200626,12,2026-12-14,8764.83,,0.0,NOT_DUE
RP0004405,LN200627,1,2026-07-28,22375.5,,0.0,UNPAID
RP0004406,LN200627,2,2026-08-28,22375.5,2026-08-31,22375.5,PAID_ON_TIME
RP0004407,LN200627,3,2026-09-28,22375.5,,0.0,NOT_DUE
RP0004408,LN200627,4,2026-10-28,22375.5,,0.0,NOT_DUE
RP0004409,LN200627,5,2026-11-28,22375.5,,0.0,NOT_DUE
RP0004410,LN200627,6,2026-12-28,22375.5,,0.0,NOT_DUE
RP0004411,LN200628,1,2026-04-01,64317.36,2026-04-02,64317.36,PAID_ON_TIME
RP0004412,LN200628,2,2026-05-01,64317.36,2026-05-02,64317.36,PAID_ON_TIME
RP0004413,LN200628,3,2026-06-01,64317.36,2026-06-01,64317.36,PAID_ON_TIME
RP0004414,LN200628,4,2026-07-01,64317.36,2026-06-30,64317.36,PAID_ON_TIME
RP0004415,LN200628,5,2026-08-01,64317.36,2026-08-25,64317.36,PAID_LATE
RP0004416,LN200628,6,2026-09-01,64317.36,2026-09-05,64317.36,PAID_ON_TIME
RP0004417,LN200628,7,2026-10-01,64317.36,,0.0,NOT_DUE
RP0004418,LN200628,8,2026-11-01,64317.36,,0.0,NOT_DUE
RP0004419,LN200628,9,2026-12-01,64317.36,,0.0,NOT_DUE
RP0004420,LN200629,1,2025-08-02,31976.5,2025-08-02,31976.5,PAID_ON_TIME
RP0004421,LN200629,2,2025-09-02,31976.5,2025-09-02,31976.5,PAID_ON_TIME
RP0004422,LN200629,3,2025-10-02,31976.5,2025-10-04,31976.5,PAID_ON_TIME
RP0004423,LN200630,1,2026-03-20,34683.33,2026-03-23,34683.33,PAID_ON_TIME
RP0004424,LN200630,2,2026-04-20,34683.33,2026-04-21,34683.33,PAID_ON_TIME
RP0004425,LN200630,3,2026-05-20,34683.33,2026-05-23,34683.33,PAID_ON_TIME
RP0004426,LN200631,1,2025-11-29,5191.0,2026-01-27,5191.0,PAID_LATE
RP0004427,LN200631,2,2025-12-29,5191.0,2025-12-31,5191.0,PAID_ON_TIME
RP0004428,LN200631,3,2026-01-29,5191.0,,0.0,UNPAID
RP0004429,LN200631,4,2026-02-28,5191.0,2026-03-02,5191.0,PAID_ON_TIME
RP0004430,LN200631,5,2026-03-29,5191.0,2026-03-26,5191.0,PAID_ON_TIME
RP0004431,LN200631,6,2026-04-29,5191.0,2026-04-28,5191.0,PAID_ON_TIME
RP0004432,LN200632,1,2025-09-24,9508.44,2025-09-26,9508.44,PAID_ON_TIME
RP0004433,LN200632,2,2025-10-24,9508.44,2025-10-28,9508.44,PAID_ON_TIME
RP0004434,LN200632,3,2025-11-24,9508.44,2025-11-24,9508.44,PAID_ON_TIME
RP0004435,LN200632,4,2025-12-24,9508.44,2025-12-21,9508.44,PAID_ON_TIME
RP0004436,LN200632,5,2026-01-24,9508.44,2026-03-07,9508.44,PAID_LATE
RP0004437,LN200632,6,2026-02-24,9508.44,2026-02-28,9508.44,PAID_ON_TIME
RP0004438,LN200632,7,2026-03-24,9508.44,2026-05-31,9508.44,PAID_LATE
RP0004439,LN200632,8,2026-04-24,9508.44,2026-04-26,9508.44,PAID_ON_TIME
RP0004440,LN200632,9,2026-05-24,9508.44,2026-05-23,9508.44,PAID_ON_TIME
RP0004441,LN200633,1,2026-08-16,32296.83,2026-08-14,32296.83,PAID_ON_TIME
RP0004442,LN200633,2,2026-09-16,32296.83,,0.0,NOT_DUE
RP0004443,LN200633,3,2026-10-16,32296.83,,0.0,NOT_DUE
RP0004444,LN200634,1,2026-08-11,27966.0,2026-08-08,27966.0,PAID_ON_TIME
RP0004445,LN200634,2,2026-09-11,27966.0,,0.0,NOT_DUE
RP0004446,LN200634,3,2026-10-11,27966.0,,0.0,NOT_DUE
RP0004447,LN200634,4,2026-11-11,27966.0,,0.0,NOT_DUE
RP0004448,LN200634,5,2026-12-11,27966.0,,0.0,NOT_DUE
RP0004449,LN200634,6,2027-01-11,27966.0,,0.0,NOT_DUE
RP0004450,LN200636,1,2025-03-27,28939.17,2025-03-29,28939.17,PAID_ON_TIME
RP0004451,LN200636,2,2025-04-27,28939.17,2025-04-26,28939.17,PAID_ON_TIME
RP0004452,LN200636,3,2025-05-27,28939.17,2025-05-27,28939.17,PAID_ON_TIME
RP0004453,LN200636,4,2025-06-27,28939.17,2025-06-27,28939.17,PAID_ON_TIME
RP0004454,LN200636,5,2025-07-27,28939.17,2025-07-31,28939.17,PAID_ON_TIME
RP0004455,LN200636,6,2025-08-27,28939.17,2025-08-26,28939.17,PAID_ON_TIME
RP0004456,LN200636,7,2025-09-27,28939.17,2025-09-30,28939.17,PAID_ON_TIME
RP0004457,LN200636,8,2025-10-27,28939.17,2025-10-31,28939.17,PAID_ON_TIME
RP0004458,LN200636,9,2025-11-27,28939.17,2025-12-26,28939.17,PAID_LATE
RP0004459,LN200636,10,2025-12-27,28939.17,2025-12-24,28939.17,PAID_ON_TIME
RP0004460,LN200636,11,2026-01-27,28939.17,2026-01-28,28939.17,PAID_ON_TIME
RP0004461,LN200636,12,2026-02-27,28939.17,2026-02-28,28939.17,PAID_ON_TIME
RP0004462,LN200637,1,2026-01-18,22764.75,2026-01-16,22764.75,PAID_ON_TIME
RP0004463,LN200637,2,2026-02-18,22764.75,2026-02-22,22764.75,PAID_ON_TIME
RP0004464,LN200637,3,2026-03-18,22764.75,2026-03-17,22764.75,PAID_ON_TIME
RP0004465,LN200637,4,2026-04-18,22764.75,2026-04-20,22764.75,PAID_ON_TIME
RP0004466,LN200637,5,2026-05-18,22764.75,2026-05-18,22764.75,PAID_ON_TIME
RP0004467,LN200637,6,2026-06-18,22764.75,2026-06-21,22764.75,PAID_ON_TIME
RP0004468,LN200638,1,2025-11-09,42443.33,2025-11-12,42443.33,PAID_ON_TIME
RP0004469,LN200638,2,2025-12-09,42443.33,2025-12-07,42443.33,PAID_ON_TIME
RP0004470,LN200638,3,2026-01-09,42443.33,2026-01-06,42443.33,PAID_ON_TIME
RP0004471,LN200638,4,2026-02-09,42443.33,2026-02-08,42443.33,PAID_ON_TIME
RP0004472,LN200638,5,2026-03-09,42443.33,2026-03-13,42443.33,PAID_ON_TIME
RP0004473,LN200638,6,2026-04-09,42443.33,2026-04-11,42443.33,PAID_ON_TIME
RP0004474,LN200639,1,2026-08-11,10432.5,2026-08-11,10432.5,PAID_ON_TIME
RP0004475,LN200639,2,2026-09-11,10432.5,,0.0,NOT_DUE
RP0004476,LN200639,3,2026-10-11,10432.5,,0.0,NOT_DUE
RP0004477,LN200639,4,2026-11-11,10432.5,,0.0,NOT_DUE
RP0004478,LN200639,5,2026-12-11,10432.5,,0.0,NOT_DUE
RP0004479,LN200639,6,2027-01-11,10432.5,,0.0,NOT_DUE
RP0004480,LN200639,7,2027-02-11,10432.5,,0.0,NOT_DUE
RP0004481,LN200639,8,2027-03-11,10432.5,,0.0,NOT_DUE
RP0004482,LN200639,9,2027-04-11,10432.5,,0.0,NOT_DUE
RP0004483,LN200639,10,2027-05-11,10432.5,,0.0,NOT_DUE
RP0004484,LN200639,11,2027-06-11,10432.5,,0.0,NOT_DUE
RP0004485,LN200639,12,2027-07-11,10432.5,,0.0,NOT_DUE
RP0004486,LN200640,1,2025-06-22,13736.67,2025-06-20,13736.67,PAID_ON_TIME
RP0004487,LN200640,2,2025-07-22,13736.67,2025-07-19,13736.67,PAID_ON_TIME
RP0004488,LN200640,3,2025-08-22,13736.67,2025-10-26,13736.67,PAID_LATE
RP0004489,LN200641,1,2026-08-24,43322.92,2026-08-23,43322.92,PAID_ON_TIME
RP0004490,LN200641,2,2026-09-24,43322.92,,0.0,NOT_DUE
RP0004491,LN200641,3,2026-10-24,43322.92,,0.0,NOT_DUE
RP0004492,LN200642,1,2025-09-08,64729.0,2025-09-07,64729.0,PAID_ON_TIME
RP0004493,LN200642,2,2025-10-08,64729.0,2025-11-21,64729.0,PAID_LATE
RP0004494,LN200642,3,2025-11-08,64729.0,2025-11-07,64729.0,PAID_ON_TIME
RP0004495,LN200642,4,2025-12-08,64729.0,2025-12-09,64729.0,PAID_ON_TIME
RP0004496,LN200642,5,2026-01-08,64729.0,2026-01-09,64729.0,PAID_ON_TIME
RP0004497,LN200642,6,2026-02-08,64729.0,2026-02-10,64729.0,PAID_ON_TIME
RP0004498,LN200642,7,2026-03-08,64729.0,2026-03-05,64729.0,PAID_ON_TIME
RP0004499,LN200642,8,2026-04-08,64729.0,2026-04-06,64729.0,PAID_ON_TIME
RP0004500,LN200642,9,2026-05-08,64729.0,2026-05-10,64729.0,PAID_ON_TIME
RP0004501,LN200642,10,2026-06-08,64729.0,2026-06-11,64729.0,PAID_ON_TIME
RP0004502,LN200642,11,2026-07-08,64729.0,2026-07-09,64729.0,PAID_ON_TIME
RP0004503,LN200642,12,2026-08-08,64729.0,2026-08-08,64729.0,PAID_ON_TIME
RP0004504,LN200642,13,2026-09-08,64729.0,,0.0,NOT_DUE
RP0004505,LN200642,14,2026-10-08,64729.0,,0.0,NOT_DUE
RP0004506,LN200642,15,2026-11-08,64729.0,,0.0,NOT_DUE
RP0004507,LN200642,16,2026-12-08,64729.0,,0.0,NOT_DUE
RP0004508,LN200642,17,2027-01-08,64729.0,,0.0,NOT_DUE
RP0004509,LN200642,18,2027-02-08,64729.0,,0.0,NOT_DUE
RP0004510,LN200643,1,2026-02-06,6459.92,2026-02-03,6459.92,PAID_ON_TIME
RP0004511,LN200643,2,2026-03-06,6459.92,2026-03-07,6459.92,PAID_ON_TIME
RP0004512,LN200643,3,2026-04-06,6459.92,2026-04-09,6459.92,PAID_ON_TIME
RP0004513,LN200643,4,2026-05-06,6459.92,2026-05-05,6459.92,PAID_ON_TIME
RP0004514,LN200643,5,2026-06-06,6459.92,2026-08-12,6459.92,PAID_LATE
RP0004515,LN200643,6,2026-07-06,6459.92,2026-07-06,6459.92,PAID_ON_TIME
RP0004516,LN200643,7,2026-08-06,6459.92,2026-08-06,6459.92,PAID_ON_TIME
RP0004517,LN200643,8,2026-09-06,6459.92,,0.0,NOT_DUE
RP0004518,LN200643,9,2026-10-06,6459.92,,0.0,NOT_DUE
RP0004519,LN200643,10,2026-11-06,6459.92,,0.0,NOT_DUE
RP0004520,LN200643,11,2026-12-06,6459.92,,0.0,NOT_DUE
RP0004521,LN200643,12,2027-01-06,6459.92,,0.0,NOT_DUE
RP0004522,LN200644,1,2025-04-05,10438.08,2025-04-09,10438.08,PAID_ON_TIME
RP0004523,LN200644,2,2025-05-05,10438.08,2025-05-03,10438.08,PAID_ON_TIME
RP0004524,LN200644,3,2025-06-05,10438.08,2025-06-05,10438.08,PAID_ON_TIME
RP0004525,LN200644,4,2025-07-05,10438.08,2025-08-12,10438.08,PAID_LATE
RP0004526,LN200644,5,2025-08-05,10438.08,2025-10-06,10438.08,PAID_LATE
RP0004527,LN200644,6,2025-09-05,10438.08,2025-09-09,10438.08,PAID_ON_TIME
RP0004528,LN200645,1,2025-05-20,12944.17,2025-05-23,12944.17,PAID_ON_TIME
RP0004529,LN200645,2,2025-06-20,12944.17,2025-06-21,12944.17,PAID_ON_TIME
RP0004530,LN200645,3,2025-07-20,12944.17,2025-10-14,12944.17,PAID_LATE
RP0004531,LN200645,4,2025-08-20,12944.17,2025-08-21,12944.17,PAID_ON_TIME
RP0004532,LN200645,5,2025-09-20,12944.17,2025-09-23,12944.17,PAID_ON_TIME
RP0004533,LN200645,6,2025-10-20,12944.17,2025-10-22,12944.17,PAID_ON_TIME
RP0004534,LN200646,1,2026-01-03,3160.0,2026-02-16,3160.0,PAID_LATE
RP0004535,LN200646,2,2026-02-03,3160.0,2026-05-31,3160.0,PAID_LATE
RP0004536,LN200646,3,2026-03-03,3160.0,2026-03-04,3160.0,PAID_ON_TIME
RP0004537,LN200646,4,2026-04-03,3160.0,2026-04-05,3160.0,PAID_ON_TIME
RP0004538,LN200646,5,2026-05-03,3160.0,2026-05-01,3160.0,PAID_ON_TIME
RP0004539,LN200646,6,2026-06-03,3160.0,2026-06-01,3160.0,PAID_ON_TIME
RP0004540,LN200646,7,2026-07-03,3160.0,2026-07-02,3160.0,PAID_ON_TIME
RP0004541,LN200646,8,2026-08-03,3160.0,2026-08-03,3160.0,PAID_ON_TIME
RP0004542,LN200646,9,2026-09-03,3160.0,,0.0,NOT_DUE
RP0004543,LN200646,10,2026-10-03,3160.0,,0.0,NOT_DUE
RP0004544,LN200646,11,2026-11-03,3160.0,,0.0,NOT_DUE
RP0004545,LN200646,12,2026-12-03,3160.0,,0.0,NOT_DUE
RP0004546,LN200647,1,2026-01-16,84088.17,2026-01-13,84088.17,PAID_ON_TIME
RP0004547,LN200647,2,2026-02-16,84088.17,2026-02-14,84088.17,PAID_ON_TIME
RP0004548,LN200647,3,2026-03-16,84088.17,2026-03-13,84088.17,PAID_ON_TIME
RP0004549,LN200648,1,2025-06-05,10528.0,2025-06-07,10528.0,PAID_ON_TIME
RP0004550,LN200648,2,2025-07-05,10528.0,2025-08-09,10528.0,PAID_LATE
RP0004551,LN200648,3,2025-08-05,10528.0,2025-08-06,10528.0,PAID_ON_TIME
RP0004552,LN200648,4,2025-09-05,10528.0,2025-09-08,10528.0,PAID_ON_TIME
RP0004553,LN200648,5,2025-10-05,10528.0,2025-10-07,10528.0,PAID_ON_TIME
RP0004554,LN200648,6,2025-11-05,10528.0,2025-11-04,10528.0,PAID_ON_TIME
RP0004555,LN200648,7,2025-12-05,10528.0,2026-02-21,10528.0,PAID_LATE
RP0004556,LN200648,8,2026-01-05,10528.0,2026-01-17,10528.0,PAID_LATE
RP0004557,LN200648,9,2026-02-05,10528.0,2026-02-05,10528.0,PAID_ON_TIME
RP0004558,LN200648,10,2026-03-05,10528.0,2026-03-03,10528.0,PAID_ON_TIME
RP0004559,LN200648,11,2026-04-05,10528.0,2026-04-06,10528.0,PAID_ON_TIME
RP0004560,LN200648,12,2026-05-05,10528.0,2026-05-04,10528.0,PAID_ON_TIME
RP0004561,LN200649,1,2026-08-15,4279.92,2026-08-13,4279.92,PAID_ON_TIME
RP0004562,LN200649,2,2026-09-15,4279.92,,0.0,NOT_DUE
RP0004563,LN200649,3,2026-10-15,4279.92,,0.0,NOT_DUE
RP0004564,LN200649,4,2026-11-15,4279.92,,0.0,NOT_DUE
RP0004565,LN200649,5,2026-12-15,4279.92,,0.0,NOT_DUE
RP0004566,LN200649,6,2027-01-15,4279.92,,0.0,NOT_DUE
RP0004567,LN200649,7,2027-02-15,4279.92,,0.0,NOT_DUE
RP0004568,LN200649,8,2027-03-15,4279.92,,0.0,NOT_DUE
RP0004569,LN200649,9,2027-04-15,4279.92,,0.0,NOT_DUE
RP0004570,LN200650,1,2025-02-27,7067.08,2025-02-27,7067.08,PAID_ON_TIME
RP0004571,LN200650,2,2025-03-27,7067.08,2025-03-24,7067.08,PAID_ON_TIME
RP0004572,LN200650,3,2025-04-27,7067.08,2025-06-11,7067.08,PAID_LATE
RP0004573,LN200650,4,2025-05-27,7067.08,2025-05-30,7067.08,PAID_ON_TIME
RP0004574,LN200650,5,2025-06-27,7067.08,2025-10-20,7067.08,PAID_LATE
RP0004575,LN200650,6,2025-07-27,7067.08,2025-09-25,7067.08,PAID_LATE
RP0004576,LN200650,7,2025-08-27,7067.08,2025-08-31,7067.08,PAID_ON_TIME
RP0004577,LN200650,8,2025-09-27,7067.08,2025-10-18,7067.08,PAID_LATE
RP0004578,LN200650,9,2025-10-27,7067.08,2025-10-30,7067.08,PAID_ON_TIME
RP0004579,LN200650,10,2025-11-27,7067.08,2025-12-01,7067.08,PAID_ON_TIME
RP0004580,LN200650,11,2025-12-27,7067.08,2025-12-27,7067.08,PAID_ON_TIME
RP0004581,LN200650,12,2026-01-27,7067.08,2026-04-13,7067.08,PAID_LATE
RP0004582,LN200650,13,2026-02-27,7067.08,,0.0,UNPAID
RP0004583,LN200650,14,2026-03-27,7067.08,2026-03-30,7067.08,PAID_ON_TIME
RP0004584,LN200650,15,2026-04-27,7067.08,2026-04-27,7067.08,PAID_ON_TIME
RP0004585,LN200650,16,2026-05-27,7067.08,2026-05-30,7067.08,PAID_ON_TIME
RP0004586,LN200650,17,2026-06-27,7067.08,2026-06-25,7067.08,PAID_ON_TIME
RP0004587,LN200650,18,2026-07-27,7067.08,2026-07-29,7067.08,PAID_ON_TIME
RP0004588,LN200651,1,2026-03-23,9218.25,2026-03-20,9218.25,PAID_ON_TIME
RP0004589,LN200651,2,2026-04-23,9218.25,2026-04-23,9218.25,PAID_ON_TIME
RP0004590,LN200651,3,2026-05-23,9218.25,2026-05-20,9218.25,PAID_ON_TIME
RP0004591,LN200651,4,2026-06-23,9218.25,2026-06-24,9218.25,PAID_ON_TIME
RP0004592,LN200651,5,2026-07-23,9218.25,2026-08-01,9218.25,PAID_LATE
RP0004593,LN200651,6,2026-08-23,9218.25,2026-08-27,9218.25,PAID_ON_TIME
RP0004594,LN200652,1,2025-03-18,8742.0,2025-03-22,8742.0,PAID_ON_TIME
RP0004595,LN200652,2,2025-04-18,8742.0,2025-04-18,8742.0,PAID_ON_TIME
RP0004596,LN200652,3,2025-05-18,8742.0,2025-05-15,8742.0,PAID_ON_TIME
RP0004597,LN200652,4,2025-06-18,8742.0,2025-06-20,8742.0,PAID_ON_TIME
RP0004598,LN200652,5,2025-07-18,8742.0,2025-07-17,8742.0,PAID_ON_TIME
RP0004599,LN200652,6,2025-08-18,8742.0,2025-10-06,8742.0,PAID_LATE
RP0004600,LN200653,1,2025-09-23,11669.33,2025-09-26,11669.33,PAID_ON_TIME
RP0004601,LN200653,2,2025-10-23,11669.33,2025-12-21,11669.33,PAID_LATE
RP0004602,LN200653,3,2025-11-23,11669.33,2025-11-24,11669.33,PAID_ON_TIME
RP0004603,LN200653,4,2025-12-23,11669.33,2025-12-23,11669.33,PAID_ON_TIME
RP0004604,LN200653,5,2026-01-23,11669.33,2026-01-21,11669.33,PAID_ON_TIME
RP0004605,LN200653,6,2026-02-23,11669.33,,0.0,UNPAID
RP0004606,LN200654,1,2025-02-08,34709.83,2025-02-06,34709.83,PAID_ON_TIME
RP0004607,LN200654,2,2025-03-08,34709.83,2025-03-06,34709.83,PAID_ON_TIME
RP0004608,LN200654,3,2025-04-08,34709.83,2025-04-07,34709.83,PAID_ON_TIME
RP0004609,LN200654,4,2025-05-08,34709.83,2025-05-10,34709.83,PAID_ON_TIME
RP0004610,LN200654,5,2025-06-08,34709.83,2025-06-12,34709.83,PAID_ON_TIME
RP0004611,LN200654,6,2025-07-08,34709.83,2025-07-12,34709.83,PAID_ON_TIME
RP0004612,LN200655,1,2026-07-26,16877.78,2026-07-23,16877.78,PAID_ON_TIME
RP0004613,LN200655,2,2026-08-26,16877.78,2026-08-25,16877.78,PAID_ON_TIME
RP0004614,LN200655,3,2026-09-26,16877.78,,0.0,NOT_DUE
RP0004615,LN200655,4,2026-10-26,16877.78,,0.0,NOT_DUE
RP0004616,LN200655,5,2026-11-26,16877.78,,0.0,NOT_DUE
RP0004617,LN200655,6,2026-12-26,16877.78,,0.0,NOT_DUE
RP0004618,LN200655,7,2027-01-26,16877.78,,0.0,NOT_DUE
RP0004619,LN200655,8,2027-02-26,16877.78,,0.0,NOT_DUE
RP0004620,LN200655,9,2027-03-26,16877.78,,0.0,NOT_DUE
RP0004621,LN200655,10,2027-04-26,16877.78,,0.0,NOT_DUE
RP0004622,LN200655,11,2027-05-26,16877.78,,0.0,NOT_DUE
RP0004623,LN200655,12,2027-06-26,16877.78,,0.0,NOT_DUE
RP0004624,LN200655,13,2027-07-26,16877.78,,0.0,NOT_DUE
RP0004625,LN200655,14,2027-08-26,16877.78,,0.0,NOT_DUE
RP0004626,LN200655,15,2027-09-26,16877.78,,0.0,NOT_DUE
RP0004627,LN200655,16,2027-10-26,16877.78,,0.0,NOT_DUE
RP0004628,LN200655,17,2027-11-26,16877.78,,0.0,NOT_DUE
RP0004629,LN200655,18,2027-12-26,16877.78,,0.0,NOT_DUE
RP0004630,LN200656,1,2025-04-15,23316.0,2025-04-17,23316.0,PAID_ON_TIME
RP0004631,LN200656,2,2025-05-15,23316.0,2025-05-13,23316.0,PAID_ON_TIME
RP0004632,LN200656,3,2025-06-15,23316.0,2025-06-16,23316.0,PAID_ON_TIME
RP0004633,LN200657,1,2026-08-09,6567.0,2026-08-13,6567.0,PAID_ON_TIME
RP0004634,LN200657,2,2026-09-09,6567.0,,0.0,NOT_DUE
RP0004635,LN200657,3,2026-10-09,6567.0,,0.0,NOT_DUE
RP0004636,LN200657,4,2026-11-09,6567.0,,0.0,NOT_DUE
RP0004637,LN200657,5,2026-12-09,6567.0,,0.0,NOT_DUE
RP0004638,LN200657,6,2027-01-09,6567.0,,0.0,NOT_DUE
RP0004639,LN200657,7,2027-02-09,6567.0,,0.0,NOT_DUE
RP0004640,LN200657,8,2027-03-09,6567.0,,0.0,NOT_DUE
RP0004641,LN200657,9,2027-04-09,6567.0,,0.0,NOT_DUE
RP0004642,LN200658,1,2025-09-05,22437.25,2025-09-05,22437.25,PAID_ON_TIME
RP0004643,LN200658,2,2025-10-05,22437.25,2025-10-04,22437.25,PAID_ON_TIME
RP0004644,LN200658,3,2025-11-05,22437.25,2025-12-12,22437.25,PAID_LATE
RP0004645,LN200658,4,2025-12-05,22437.25,2025-12-03,22437.25,PAID_ON_TIME
RP0004646,LN200658,5,2026-01-05,22437.25,2026-01-06,22437.25,PAID_ON_TIME
RP0004647,LN200658,6,2026-02-05,22437.25,2026-02-08,22437.25,PAID_ON_TIME
RP0004648,LN200659,1,2026-06-05,61089.58,2026-06-09,61089.58,PAID_ON_TIME
RP0004649,LN200659,2,2026-07-05,61089.58,2026-07-04,61089.58,PAID_ON_TIME
RP0004650,LN200659,3,2026-08-05,61089.58,2026-08-08,61089.58,PAID_ON_TIME
RP0004651,LN200660,1,2026-08-19,12201.0,2026-08-23,12201.0,PAID_ON_TIME
RP0004652,LN200660,2,2026-09-19,12201.0,,0.0,NOT_DUE
RP0004653,LN200660,3,2026-10-19,12201.0,,0.0,NOT_DUE
RP0004654,LN200660,4,2026-11-19,12201.0,,0.0,NOT_DUE
RP0004655,LN200660,5,2026-12-19,12201.0,,0.0,NOT_DUE
RP0004656,LN200660,6,2027-01-19,12201.0,,0.0,NOT_DUE
RP0004657,LN200660,7,2027-02-19,12201.0,,0.0,NOT_DUE
RP0004658,LN200660,8,2027-03-19,12201.0,,0.0,NOT_DUE
RP0004659,LN200660,9,2027-04-19,12201.0,,0.0,NOT_DUE
RP0004660,LN200660,10,2027-05-19,12201.0,,0.0,NOT_DUE
RP0004661,LN200660,11,2027-06-19,12201.0,,0.0,NOT_DUE
RP0004662,LN200660,12,2027-07-19,12201.0,,0.0,NOT_DUE
RP0004663,LN200662,1,2026-03-01,7672.0,2026-03-05,7672.0,PAID_ON_TIME
RP0004664,LN200662,2,2026-04-01,7672.0,2026-03-31,7672.0,PAID_ON_TIME
RP0004665,LN200662,3,2026-05-01,7672.0,2026-04-28,7672.0,PAID_ON_TIME
RP0004666,LN200662,4,2026-06-01,7672.0,2026-06-03,7672.0,PAID_ON_TIME
RP0004667,LN200662,5,2026-07-01,7672.0,,0.0,UNPAID
RP0004668,LN200662,6,2026-08-01,7672.0,,0.0,UNPAID
RP0004669,LN200662,7,2026-09-01,7672.0,2026-08-29,7672.0,PAID_ON_TIME
RP0004670,LN200662,8,2026-10-01,7672.0,,0.0,NOT_DUE
RP0004671,LN200662,9,2026-11-01,7672.0,,0.0,NOT_DUE
RP0004672,LN200663,1,2025-07-11,11137.0,2025-07-10,11137.0,PAID_ON_TIME
RP0004673,LN200663,2,2025-08-11,11137.0,2025-08-14,11137.0,PAID_ON_TIME
RP0004674,LN200663,3,2025-09-11,11137.0,2025-09-12,11137.0,PAID_ON_TIME
RP0004675,LN200663,4,2025-10-11,11137.0,2025-10-12,11137.0,PAID_ON_TIME
RP0004676,LN200663,5,2025-11-11,11137.0,2025-11-09,11137.0,PAID_ON_TIME
RP0004677,LN200663,6,2025-12-11,11137.0,2025-12-14,11137.0,PAID_ON_TIME
RP0004678,LN200663,7,2026-01-11,11137.0,2026-01-10,11137.0,PAID_ON_TIME
RP0004679,LN200663,8,2026-02-11,11137.0,2026-02-12,11137.0,PAID_ON_TIME
RP0004680,LN200663,9,2026-03-11,11137.0,2026-03-15,11137.0,PAID_ON_TIME
RP0004681,LN200663,10,2026-04-11,11137.0,2026-04-12,11137.0,PAID_ON_TIME
RP0004682,LN200663,11,2026-05-11,11137.0,2026-05-08,11137.0,PAID_ON_TIME
RP0004683,LN200663,12,2026-06-11,11137.0,2026-06-08,11137.0,PAID_ON_TIME
RP0004684,LN200664,1,2026-05-17,25769.0,2026-07-11,25769.0,PAID_LATE
RP0004685,LN200664,2,2026-06-17,25769.0,2026-06-17,25769.0,PAID_ON_TIME
RP0004686,LN200664,3,2026-07-17,25769.0,2026-07-21,25769.0,PAID_ON_TIME
RP0004687,LN200666,1,2025-02-13,22935.0,2025-02-12,22935.0,PAID_ON_TIME
RP0004688,LN200666,2,2025-03-13,22935.0,2025-03-17,22935.0,PAID_ON_TIME
RP0004689,LN200666,3,2025-04-13,22935.0,2025-08-04,22935.0,PAID_LATE
RP0004690,LN200667,1,2026-08-02,18853.0,2026-08-04,18853.0,PAID_ON_TIME
RP0004691,LN200667,2,2026-09-02,18853.0,,0.0,NOT_DUE
RP0004692,LN200667,3,2026-10-02,18853.0,,0.0,NOT_DUE
RP0004693,LN200667,4,2026-11-02,18853.0,,0.0,NOT_DUE
RP0004694,LN200667,5,2026-12-02,18853.0,,0.0,NOT_DUE
RP0004695,LN200667,6,2027-01-02,18853.0,,0.0,NOT_DUE
RP0004696,LN200669,1,2025-09-28,23450.0,2025-09-30,23450.0,PAID_ON_TIME
RP0004697,LN200669,2,2025-10-28,23450.0,2025-10-29,23450.0,PAID_ON_TIME
RP0004698,LN200669,3,2025-11-28,23450.0,2025-11-30,23450.0,PAID_ON_TIME
RP0004699,LN200670,1,2025-02-07,37402.89,2025-02-11,37402.89,PAID_ON_TIME
RP0004700,LN200670,2,2025-03-07,37402.89,2025-03-10,37402.89,PAID_ON_TIME
RP0004701,LN200670,3,2025-04-07,37402.89,2025-04-04,37402.89,PAID_ON_TIME
RP0004702,LN200670,4,2025-05-07,37402.89,2025-05-06,37402.89,PAID_ON_TIME
RP0004703,LN200670,5,2025-06-07,37402.89,2025-06-10,37402.89,PAID_ON_TIME
RP0004704,LN200670,6,2025-07-07,37402.89,2025-09-30,37402.89,PAID_LATE
RP0004705,LN200670,7,2025-08-07,37402.89,2025-08-11,37402.89,PAID_ON_TIME
RP0004706,LN200670,8,2025-09-07,37402.89,2025-09-08,37402.89,PAID_ON_TIME
RP0004707,LN200670,9,2025-10-07,37402.89,2026-01-22,37402.89,PAID_LATE
RP0004708,LN200671,1,2026-05-15,23876.67,2026-05-13,23876.67,PAID_ON_TIME
RP0004709,LN200671,2,2026-06-15,23876.67,2026-06-16,23876.67,PAID_ON_TIME
RP0004710,LN200671,3,2026-07-15,23876.67,2026-07-18,23876.67,PAID_ON_TIME
RP0004711,LN200671,4,2026-08-15,23876.67,2026-08-14,23876.67,PAID_ON_TIME
RP0004712,LN200671,5,2026-09-15,23876.67,,0.0,NOT_DUE
RP0004713,LN200671,6,2026-10-15,23876.67,,0.0,NOT_DUE
RP0004714,LN200672,1,2026-02-09,15935.11,2026-02-06,15935.11,PAID_ON_TIME
RP0004715,LN200672,2,2026-03-09,15935.11,2026-03-07,15935.11,PAID_ON_TIME
RP0004716,LN200672,3,2026-04-09,15935.11,2026-04-10,15935.11,PAID_ON_TIME
RP0004717,LN200672,4,2026-05-09,15935.11,2026-05-12,15935.11,PAID_ON_TIME
RP0004718,LN200672,5,2026-06-09,15935.11,2026-06-13,15935.11,PAID_ON_TIME
RP0004719,LN200672,6,2026-07-09,15935.11,2026-07-06,15935.11,PAID_ON_TIME
RP0004720,LN200672,7,2026-08-09,15935.11,2026-08-07,15935.11,PAID_ON_TIME
RP0004721,LN200672,8,2026-09-09,15935.11,,0.0,NOT_DUE
RP0004722,LN200672,9,2026-10-09,15935.11,,0.0,NOT_DUE
RP0004723,LN200672,10,2026-11-09,15935.11,,0.0,NOT_DUE
RP0004724,LN200672,11,2026-12-09,15935.11,,0.0,NOT_DUE
RP0004725,LN200672,12,2027-01-09,15935.11,,0.0,NOT_DUE
RP0004726,LN200672,13,2027-02-09,15935.11,,0.0,NOT_DUE
RP0004727,LN200672,14,2027-03-09,15935.11,,0.0,NOT_DUE
RP0004728,LN200672,15,2027-04-09,15935.11,,0.0,NOT_DUE
RP0004729,LN200672,16,2027-05-09,15935.11,,0.0,NOT_DUE
RP0004730,LN200672,17,2027-06-09,15935.11,,0.0,NOT_DUE
RP0004731,LN200672,18,2027-07-09,15935.11,,0.0,NOT_DUE
RP0004732,LN200673,1,2025-09-21,21638.0,2025-09-23,21638.0,PAID_ON_TIME
RP0004733,LN200673,2,2025-10-21,21638.0,2025-10-24,21638.0,PAID_ON_TIME
RP0004734,LN200673,3,2025-11-21,21638.0,2025-11-25,21638.0,PAID_ON_TIME
RP0004735,LN200674,1,2025-05-28,54205.0,2025-05-26,54205.0,PAID_ON_TIME
RP0004736,LN200674,2,2025-06-28,54205.0,2025-06-27,54205.0,PAID_ON_TIME
RP0004737,LN200674,3,2025-07-28,54205.0,2025-07-26,54205.0,PAID_ON_TIME
RP0004738,LN200674,4,2025-08-28,54205.0,2025-08-31,54205.0,PAID_ON_TIME
RP0004739,LN200674,5,2025-09-28,54205.0,2025-10-02,54205.0,PAID_ON_TIME
RP0004740,LN200674,6,2025-10-28,54205.0,2025-10-26,54205.0,PAID_ON_TIME
RP0004741,LN200675,1,2026-06-19,24330.17,2026-06-22,24330.17,PAID_ON_TIME
RP0004742,LN200675,2,2026-07-19,24330.17,2026-07-23,24330.17,PAID_ON_TIME
RP0004743,LN200675,3,2026-08-19,24330.17,2026-08-22,24330.17,PAID_ON_TIME
RP0004744,LN200675,4,2026-09-19,24330.17,,0.0,NOT_DUE
RP0004745,LN200675,5,2026-10-19,24330.17,,0.0,NOT_DUE
RP0004746,LN200675,6,2026-11-19,24330.17,,0.0,NOT_DUE
RP0004747,LN200675,7,2026-12-19,24330.17,,0.0,NOT_DUE
RP0004748,LN200675,8,2027-01-19,24330.17,,0.0,NOT_DUE
RP0004749,LN200675,9,2027-02-19,24330.17,,0.0,NOT_DUE
RP0004750,LN200675,10,2027-03-19,24330.17,,0.0,NOT_DUE
RP0004751,LN200675,11,2027-04-19,24330.17,,0.0,NOT_DUE
RP0004752,LN200675,12,2027-05-19,24330.17,,0.0,NOT_DUE
RP0004753,LN200676,1,2025-12-16,61014.44,2025-12-14,61014.44,PAID_ON_TIME
RP0004754,LN200676,2,2026-01-16,61014.44,2026-01-19,61014.44,PAID_ON_TIME
RP0004755,LN200676,3,2026-02-16,61014.44,2026-02-15,61014.44,PAID_ON_TIME
RP0004756,LN200676,4,2026-03-16,61014.44,2026-03-16,61014.44,PAID_ON_TIME
RP0004757,LN200676,5,2026-04-16,61014.44,2026-04-15,61014.44,PAID_ON_TIME
RP0004758,LN200676,6,2026-05-16,61014.44,2026-05-17,61014.44,PAID_ON_TIME
RP0004759,LN200676,7,2026-06-16,61014.44,2026-06-14,61014.44,PAID_ON_TIME
RP0004760,LN200676,8,2026-07-16,61014.44,2026-07-14,61014.44,PAID_ON_TIME
RP0004761,LN200676,9,2026-08-16,61014.44,2026-08-19,61014.44,PAID_ON_TIME
RP0004762,LN200676,10,2026-09-16,61014.44,,0.0,NOT_DUE
RP0004763,LN200676,11,2026-10-16,61014.44,,0.0,NOT_DUE
RP0004764,LN200676,12,2026-11-16,61014.44,,0.0,NOT_DUE
RP0004765,LN200676,13,2026-12-16,61014.44,,0.0,NOT_DUE
RP0004766,LN200676,14,2027-01-16,61014.44,,0.0,NOT_DUE
RP0004767,LN200676,15,2027-02-16,61014.44,,0.0,NOT_DUE
RP0004768,LN200676,16,2027-03-16,61014.44,,0.0,NOT_DUE
RP0004769,LN200676,17,2027-04-16,61014.44,,0.0,NOT_DUE
RP0004770,LN200676,18,2027-05-16,61014.44,,0.0,NOT_DUE
RP0004771,LN200677,1,2025-04-25,8466.0,2025-04-26,8466.0,PAID_ON_TIME
RP0004772,LN200677,2,2025-05-25,8466.0,2025-05-23,8466.0,PAID_ON_TIME
RP0004773,LN200677,3,2025-06-25,8466.0,2025-06-29,8466.0,PAID_ON_TIME
RP0004774,LN200678,1,2025-10-26,12768.08,2025-10-28,12768.08,PAID_ON_TIME
RP0004775,LN200678,2,2025-11-26,12768.08,2025-11-28,12768.08,PAID_ON_TIME
RP0004776,LN200678,3,2025-12-26,12768.08,2025-12-29,12768.08,PAID_ON_TIME
RP0004777,LN200679,1,2026-08-28,14486.5,2026-09-01,14486.5,PAID_ON_TIME
RP0004778,LN200679,2,2026-09-28,14486.5,,0.0,NOT_DUE
RP0004779,LN200679,3,2026-10-28,14486.5,,0.0,NOT_DUE
RP0004780,LN200680,1,2026-08-18,5366.67,,0.0,UNPAID
RP0004781,LN200680,2,2026-09-18,5366.67,,0.0,NOT_DUE
RP0004782,LN200680,3,2026-10-18,5366.67,,0.0,NOT_DUE
RP0004783,LN200680,4,2026-11-18,5366.67,,0.0,NOT_DUE
RP0004784,LN200680,5,2026-12-18,5366.67,,0.0,NOT_DUE
RP0004785,LN200680,6,2027-01-18,5366.67,,0.0,NOT_DUE
RP0004786,LN200680,7,2027-02-18,5366.67,,0.0,NOT_DUE
RP0004787,LN200680,8,2027-03-18,5366.67,,0.0,NOT_DUE
RP0004788,LN200680,9,2027-04-18,5366.67,,0.0,NOT_DUE
RP0004789,LN200681,1,2025-03-26,4242.06,2025-04-28,4242.06,PAID_LATE
RP0004790,LN200681,2,2025-04-26,4242.06,2025-04-25,4242.06,PAID_ON_TIME
RP0004791,LN200681,3,2025-05-26,4242.06,2025-05-29,4242.06,PAID_ON_TIME
RP0004792,LN200681,4,2025-06-26,4242.06,2025-06-25,4242.06,PAID_ON_TIME
RP0004793,LN200681,5,2025-07-26,4242.06,2025-07-29,4242.06,PAID_ON_TIME
RP0004794,LN200681,6,2025-08-26,4242.06,2025-08-27,4242.06,PAID_ON_TIME
RP0004795,LN200681,7,2025-09-26,4242.06,2025-09-24,4242.06,PAID_ON_TIME
RP0004796,LN200681,8,2025-10-26,4242.06,2025-10-25,4242.06,PAID_ON_TIME
RP0004797,LN200681,9,2025-11-26,4242.06,2025-11-26,4242.06,PAID_ON_TIME
RP0004798,LN200681,10,2025-12-26,4242.06,,0.0,UNPAID
RP0004799,LN200681,11,2026-01-26,4242.06,2026-04-03,4242.06,PAID_LATE
RP0004800,LN200681,12,2026-02-26,4242.06,2026-02-28,4242.06,PAID_ON_TIME
RP0004801,LN200681,13,2026-03-26,4242.06,2026-07-19,4242.06,PAID_LATE
RP0004802,LN200681,14,2026-04-26,4242.06,2026-04-24,4242.06,PAID_ON_TIME
RP0004803,LN200681,15,2026-05-26,4242.06,2026-05-30,4242.06,PAID_ON_TIME
RP0004804,LN200681,16,2026-06-26,4242.06,2026-06-26,4242.06,PAID_ON_TIME
RP0004805,LN200681,17,2026-07-26,4242.06,2026-07-28,4242.06,PAID_ON_TIME
RP0004806,LN200681,18,2026-08-26,4242.06,2026-08-25,4242.06,PAID_ON_TIME
RP0004807,LN200682,1,2025-08-05,4018.06,2025-08-02,4018.06,PAID_ON_TIME
RP0004808,LN200682,2,2025-09-05,4018.06,2025-09-09,4018.06,PAID_ON_TIME
RP0004809,LN200682,3,2025-10-05,4018.06,2025-10-08,4018.06,PAID_ON_TIME
RP0004810,LN200682,4,2025-11-05,4018.06,2025-11-09,4018.06,PAID_ON_TIME
RP0004811,LN200682,5,2025-12-05,4018.06,2026-03-01,4018.06,PAID_LATE
RP0004812,LN200682,6,2026-01-05,4018.06,,0.0,UNPAID
RP0004813,LN200682,7,2026-02-05,4018.06,2026-02-09,4018.06,PAID_ON_TIME
RP0004814,LN200682,8,2026-03-05,4018.06,2026-03-05,4018.06,PAID_ON_TIME
RP0004815,LN200682,9,2026-04-05,4018.06,2026-04-03,4018.06,PAID_ON_TIME
RP0004816,LN200682,10,2026-05-05,4018.06,2026-05-07,4018.06,PAID_ON_TIME
RP0004817,LN200682,11,2026-06-05,4018.06,2026-06-07,4018.06,PAID_ON_TIME
RP0004818,LN200682,12,2026-07-05,4018.06,2026-07-08,4018.06,PAID_ON_TIME
RP0004819,LN200682,13,2026-08-05,4018.06,2026-08-07,4018.06,PAID_ON_TIME
RP0004820,LN200682,14,2026-09-05,4018.06,,0.0,NOT_DUE
RP0004821,LN200682,15,2026-10-05,4018.06,,0.0,NOT_DUE
RP0004822,LN200682,16,2026-11-05,4018.06,,0.0,NOT_DUE
RP0004823,LN200682,17,2026-12-05,4018.06,,0.0,NOT_DUE
RP0004824,LN200682,18,2027-01-05,4018.06,,0.0,NOT_DUE
RP0004825,LN200683,1,2025-12-10,4113.33,,0.0,UNPAID
RP0004826,LN200683,2,2026-01-10,4113.33,2026-01-13,4113.33,PAID_ON_TIME
RP0004827,LN200683,3,2026-02-10,4113.33,2026-02-10,4113.33,PAID_ON_TIME
RP0004828,LN200683,4,2026-03-10,4113.33,2026-03-13,4113.33,PAID_ON_TIME
RP0004829,LN200683,5,2026-04-10,4113.33,2026-04-09,4113.33,PAID_ON_TIME
RP0004830,LN200683,6,2026-05-10,4113.33,2026-05-13,4113.33,PAID_ON_TIME
RP0004831,LN200683,7,2026-06-10,4113.33,2026-06-08,4113.33,PAID_ON_TIME
RP0004832,LN200683,8,2026-07-10,4113.33,,0.0,UNPAID
RP0004833,LN200683,9,2026-08-10,4113.33,,0.0,UNPAID
RP0004834,LN200683,10,2026-09-10,4113.33,,0.0,NOT_DUE
RP0004835,LN200683,11,2026-10-10,4113.33,,0.0,NOT_DUE
RP0004836,LN200683,12,2026-11-10,4113.33,,0.0,NOT_DUE
RP0004837,LN200684,1,2026-07-09,7577.17,2026-07-09,7577.17,PAID_ON_TIME
RP0004838,LN200684,2,2026-08-09,7577.17,2026-08-07,7577.17,PAID_ON_TIME
RP0004839,LN200684,3,2026-09-09,7577.17,,0.0,NOT_DUE
RP0004840,LN200685,1,2026-08-19,6347.22,2026-08-19,6347.22,PAID_ON_TIME
RP0004841,LN200685,2,2026-09-19,6347.22,,0.0,NOT_DUE
RP0004842,LN200685,3,2026-10-19,6347.22,,0.0,NOT_DUE
RP0004843,LN200685,4,2026-11-19,6347.22,,0.0,NOT_DUE
RP0004844,LN200685,5,2026-12-19,6347.22,,0.0,NOT_DUE
RP0004845,LN200685,6,2027-01-19,6347.22,,0.0,NOT_DUE
RP0004846,LN200685,7,2027-02-19,6347.22,,0.0,NOT_DUE
RP0004847,LN200685,8,2027-03-19,6347.22,,0.0,NOT_DUE
RP0004848,LN200685,9,2027-04-19,6347.22,,0.0,NOT_DUE
RP0004849,LN200686,1,2026-01-28,16340.33,2026-01-28,16340.33,PAID_ON_TIME
RP0004850,LN200686,2,2026-02-28,16340.33,2026-02-26,16340.33,PAID_ON_TIME
RP0004851,LN200686,3,2026-03-28,16340.33,2026-03-25,16340.33,PAID_ON_TIME
RP0004852,LN200687,1,2025-06-25,9930.92,2025-06-26,9930.92,PAID_ON_TIME
RP0004853,LN200687,2,2025-07-25,9930.92,2025-07-26,9930.92,PAID_ON_TIME
RP0004854,LN200687,3,2025-08-25,9930.92,2025-08-23,9930.92,PAID_ON_TIME
RP0004855,LN200687,4,2025-09-25,9930.92,2025-09-22,9930.92,PAID_ON_TIME
RP0004856,LN200687,5,2025-10-25,9930.92,2025-12-13,9930.92,PAID_LATE
RP0004857,LN200687,6,2025-11-25,9930.92,2025-11-29,9930.92,PAID_ON_TIME
RP0004858,LN200687,7,2025-12-25,9930.92,2025-12-28,9930.92,PAID_ON_TIME
RP0004859,LN200687,8,2026-01-25,9930.92,2026-01-26,9930.92,PAID_ON_TIME
RP0004860,LN200687,9,2026-02-25,9930.92,2026-02-24,9930.92,PAID_ON_TIME
RP0004861,LN200687,10,2026-03-25,9930.92,2026-03-27,9930.92,PAID_ON_TIME
RP0004862,LN200687,11,2026-04-25,9930.92,2026-04-22,9930.92,PAID_ON_TIME
RP0004863,LN200687,12,2026-05-25,9930.92,2026-05-29,9930.92,PAID_ON_TIME
RP0004864,LN200688,1,2025-04-21,8938.42,2025-08-09,8938.42,PAID_LATE
RP0004865,LN200688,2,2025-05-21,8938.42,2025-05-22,8938.42,PAID_ON_TIME
RP0004866,LN200688,3,2025-06-21,8938.42,2025-06-24,8938.42,PAID_ON_TIME
RP0004867,LN200688,4,2025-07-21,8938.42,2025-07-21,8938.42,PAID_ON_TIME
RP0004868,LN200688,5,2025-08-21,8938.42,2025-08-25,8938.42,PAID_ON_TIME
RP0004869,LN200688,6,2025-09-21,8938.42,2025-09-20,8938.42,PAID_ON_TIME
RP0004870,LN200689,1,2025-11-22,30172.5,2025-11-20,30172.5,PAID_ON_TIME
RP0004871,LN200689,2,2025-12-22,30172.5,2025-12-25,30172.5,PAID_ON_TIME
RP0004872,LN200689,3,2026-01-22,30172.5,2026-04-25,30172.5,PAID_LATE
RP0004873,LN200689,4,2026-02-22,30172.5,2026-02-19,30172.5,PAID_ON_TIME
RP0004874,LN200689,5,2026-03-22,30172.5,2026-03-22,30172.5,PAID_ON_TIME
RP0004875,LN200689,6,2026-04-22,30172.5,2026-07-27,30172.5,PAID_LATE
RP0004876,LN200690,1,2026-08-10,59899.5,2026-08-09,59899.5,PAID_ON_TIME
RP0004877,LN200690,2,2026-09-10,59899.5,,0.0,NOT_DUE
RP0004878,LN200690,3,2026-10-10,59899.5,,0.0,NOT_DUE
RP0004879,LN200691,1,2025-07-10,12913.97,2025-07-07,12913.97,PAID_ON_TIME
RP0004880,LN200691,2,2025-08-10,12913.97,2025-08-13,12913.97,PAID_ON_TIME
RP0004881,LN200691,3,2025-09-10,12913.97,2025-09-11,12913.97,PAID_ON_TIME
RP0004882,LN200691,4,2025-10-10,12913.97,2025-10-12,12913.97,PAID_ON_TIME
RP0004883,LN200691,5,2025-11-10,12913.97,2025-11-13,12913.97,PAID_ON_TIME
RP0004884,LN200691,6,2025-12-10,12913.97,,0.0,UNPAID
RP0004885,LN200691,7,2026-01-10,12913.97,2026-01-09,12913.97,PAID_ON_TIME
RP0004886,LN200691,8,2026-02-10,12913.97,,0.0,UNPAID
RP0004887,LN200691,9,2026-03-10,12913.97,2026-03-13,12913.97,PAID_ON_TIME
RP0004888,LN200692,1,2026-04-22,7275.67,2026-04-22,7275.67,PAID_ON_TIME
RP0004889,LN200692,2,2026-05-22,7275.67,2026-05-20,7275.67,PAID_ON_TIME
RP0004890,LN200692,3,2026-06-22,7275.67,2026-06-23,7275.67,PAID_ON_TIME
RP0004891,LN200692,4,2026-07-22,7275.67,2026-07-24,7275.67,PAID_ON_TIME
RP0004892,LN200692,5,2026-08-22,7275.67,,0.0,UNPAID
RP0004893,LN200692,6,2026-09-22,7275.67,,0.0,NOT_DUE
RP0004894,LN200692,7,2026-10-22,7275.67,,0.0,NOT_DUE
RP0004895,LN200692,8,2026-11-22,7275.67,,0.0,NOT_DUE
RP0004896,LN200692,9,2026-12-22,7275.67,,0.0,NOT_DUE
RP0004897,LN200692,10,2027-01-22,7275.67,,0.0,NOT_DUE
RP0004898,LN200692,11,2027-02-22,7275.67,,0.0,NOT_DUE
RP0004899,LN200692,12,2027-03-22,7275.67,,0.0,NOT_DUE
RP0004900,LN200693,1,2026-07-11,18539.86,,0.0,UNPAID
RP0004901,LN200693,2,2026-08-11,18539.86,2026-08-14,18539.86,PAID_ON_TIME
RP0004902,LN200693,3,2026-09-11,18539.86,,0.0,NOT_DUE
RP0004903,LN200693,4,2026-10-11,18539.86,,0.0,NOT_DUE
RP0004904,LN200693,5,2026-11-11,18539.86,,0.0,NOT_DUE
RP0004905,LN200693,6,2026-12-11,18539.86,,0.0,NOT_DUE
RP0004906,LN200693,7,2027-01-11,18539.86,,0.0,NOT_DUE
RP0004907,LN200693,8,2027-02-11,18539.86,,0.0,NOT_DUE
RP0004908,LN200693,9,2027-03-11,18539.86,,0.0,NOT_DUE
RP0004909,LN200694,1,2025-12-05,19887.97,2025-12-09,19887.97,PAID_ON_TIME
RP0004910,LN200694,2,2026-01-05,19887.97,2026-01-04,19887.97,PAID_ON_TIME
RP0004911,LN200694,3,2026-02-05,19887.97,2026-02-07,19887.97,PAID_ON_TIME
RP0004912,LN200694,4,2026-03-05,19887.97,2026-03-08,19887.97,PAID_ON_TIME
RP0004913,LN200694,5,2026-04-05,19887.97,2026-04-04,19887.97,PAID_ON_TIME
RP0004914,LN200694,6,2026-05-05,19887.97,2026-05-05,19887.97,PAID_ON_TIME
RP0004915,LN200694,7,2026-06-05,19887.97,2026-06-07,19887.97,PAID_ON_TIME
RP0004916,LN200694,8,2026-07-05,19887.97,2026-08-27,19887.97,PAID_LATE
RP0004917,LN200694,9,2026-08-05,19887.97,2026-08-03,19887.97,PAID_ON_TIME
RP0004918,LN200695,1,2025-02-07,8722.89,2025-02-04,8722.89,PAID_ON_TIME
RP0004919,LN200695,2,2025-03-07,8722.89,2025-03-11,8722.89,PAID_ON_TIME
RP0004920,LN200695,3,2025-04-07,8722.89,2025-04-05,8722.89,PAID_ON_TIME
RP0004921,LN200695,4,2025-05-07,8722.89,2025-05-06,8722.89,PAID_ON_TIME
RP0004922,LN200695,5,2025-06-07,8722.89,2025-06-09,8722.89,PAID_ON_TIME
RP0004923,LN200695,6,2025-07-07,8722.89,2025-07-10,8722.89,PAID_ON_TIME
RP0004924,LN200695,7,2025-08-07,8722.89,2025-08-04,8722.89,PAID_ON_TIME
RP0004925,LN200695,8,2025-09-07,8722.89,2025-09-08,8722.89,PAID_ON_TIME
RP0004926,LN200695,9,2025-10-07,8722.89,2025-10-07,8722.89,PAID_ON_TIME
RP0004927,LN200696,1,2026-01-15,70801.0,2026-01-14,70801.0,PAID_ON_TIME
RP0004928,LN200696,2,2026-02-15,70801.0,2026-05-25,70801.0,PAID_LATE
RP0004929,LN200696,3,2026-03-15,70801.0,2026-03-14,70801.0,PAID_ON_TIME
RP0004930,LN200697,1,2025-11-25,8971.08,2025-11-25,8971.08,PAID_ON_TIME
RP0004931,LN200697,2,2025-12-25,8971.08,2025-12-25,8971.08,PAID_ON_TIME
RP0004932,LN200697,3,2026-01-25,8971.08,2026-01-29,8971.08,PAID_ON_TIME
RP0004933,LN200697,4,2026-02-25,8971.08,2026-02-26,8971.08,PAID_ON_TIME
RP0004934,LN200697,5,2026-03-25,8971.08,2026-03-24,8971.08,PAID_ON_TIME
RP0004935,LN200697,6,2026-04-25,8971.08,2026-08-16,8971.08,PAID_LATE
RP0004936,LN200697,7,2026-05-25,8971.08,2026-08-21,8971.08,PAID_LATE
RP0004937,LN200697,8,2026-06-25,8971.08,,0.0,UNPAID
RP0004938,LN200697,9,2026-07-25,8971.08,2026-07-26,8971.08,PAID_ON_TIME
RP0004939,LN200697,10,2026-08-25,8971.08,2026-08-22,8971.08,PAID_ON_TIME
RP0004940,LN200697,11,2026-09-25,8971.08,,0.0,NOT_DUE
RP0004941,LN200697,12,2026-10-25,8971.08,,0.0,NOT_DUE
RP0004942,LN200698,1,2026-04-11,3144.0,2026-04-12,3144.0,PAID_ON_TIME
RP0004943,LN200698,2,2026-05-11,3144.0,2026-05-15,3144.0,PAID_ON_TIME
RP0004944,LN200698,3,2026-06-11,3144.0,2026-06-10,3144.0,PAID_ON_TIME
RP0004945,LN200698,4,2026-07-11,3144.0,2026-07-09,3144.0,PAID_ON_TIME
RP0004946,LN200698,5,2026-08-11,3144.0,,0.0,UNPAID
RP0004947,LN200698,6,2026-09-11,3144.0,,0.0,NOT_DUE
RP0004948,LN200698,7,2026-10-11,3144.0,,0.0,NOT_DUE
RP0004949,LN200698,8,2026-11-11,3144.0,,0.0,NOT_DUE
RP0004950,LN200698,9,2026-12-11,3144.0,,0.0,NOT_DUE
RP0004951,LN200698,10,2027-01-11,3144.0,,0.0,NOT_DUE
RP0004952,LN200698,11,2027-02-11,3144.0,,0.0,NOT_DUE
RP0004953,LN200698,12,2027-03-11,3144.0,,0.0,NOT_DUE
RP0004954,LN200699,1,2026-05-14,9107.75,,0.0,UNPAID
RP0004955,LN200699,2,2026-06-14,9107.75,2026-06-17,9107.75,PAID_ON_TIME
RP0004956,LN200699,3,2026-07-14,9107.75,,0.0,UNPAID
RP0004957,LN200699,4,2026-08-14,9107.75,2026-08-13,9107.75,PAID_ON_TIME
RP0004958,LN200699,5,2026-09-14,9107.75,,0.0,NOT_DUE
RP0004959,LN200699,6,2026-10-14,9107.75,,0.0,NOT_DUE
RP0004960,LN200700,1,2026-05-24,5595.0,2026-05-25,5595.0,PAID_ON_TIME
RP0004961,LN200700,2,2026-06-24,5595.0,2026-06-24,5595.0,PAID_ON_TIME
RP0004962,LN200700,3,2026-07-24,5595.0,2026-07-27,5595.0,PAID_ON_TIME
RP0004963,LN200700,4,2026-08-24,5595.0,2026-08-24,5595.0,PAID_ON_TIME
RP0004964,LN200700,5,2026-09-24,5595.0,,0.0,NOT_DUE
RP0004965,LN200700,6,2026-10-24,5595.0,,0.0,NOT_DUE
RP0004966,LN200701,1,2025-06-18,15301.0,2025-06-15,15301.0,PAID_ON_TIME
RP0004967,LN200701,2,2025-07-18,15301.0,2025-07-15,15301.0,PAID_ON_TIME
RP0004968,LN200701,3,2025-08-18,15301.0,2025-08-17,15301.0,PAID_ON_TIME
RP0004969,LN200702,1,2026-01-06,7449.78,2026-01-10,7449.78,PAID_ON_TIME
RP0004970,LN200702,2,2026-02-06,7449.78,2026-02-04,7449.78,PAID_ON_TIME
RP0004971,LN200702,3,2026-03-06,7449.78,2026-03-08,7449.78,PAID_ON_TIME
RP0004972,LN200702,4,2026-04-06,7449.78,2026-04-03,7449.78,PAID_ON_TIME
RP0004973,LN200702,5,2026-05-06,7449.78,2026-05-05,7449.78,PAID_ON_TIME
RP0004974,LN200702,6,2026-06-06,7449.78,2026-08-26,7449.78,PAID_LATE
RP0004975,LN200702,7,2026-07-06,7449.78,2026-07-07,7449.78,PAID_ON_TIME
RP0004976,LN200702,8,2026-08-06,7449.78,2026-08-09,7449.78,PAID_ON_TIME
RP0004977,LN200702,9,2026-09-06,7449.78,,0.0,NOT_DUE
RP0004978,LN200703,1,2026-08-03,26462.5,2026-08-05,26462.5,PAID_ON_TIME
RP0004979,LN200703,2,2026-09-03,26462.5,,0.0,NOT_DUE
RP0004980,LN200703,3,2026-10-03,26462.5,,0.0,NOT_DUE
RP0004981,LN200705,1,2026-03-03,3678.97,2026-03-03,3678.97,PAID_ON_TIME
RP0004982,LN200705,2,2026-04-03,3678.97,2026-04-06,3678.97,PAID_ON_TIME
RP0004983,LN200705,3,2026-05-03,3678.97,2026-05-07,3678.97,PAID_ON_TIME
RP0004984,LN200705,4,2026-06-03,3678.97,,0.0,UNPAID
RP0004985,LN200705,5,2026-07-03,3678.97,,0.0,UNPAID
RP0004986,LN200705,6,2026-08-03,3678.97,,0.0,UNPAID
RP0004987,LN200705,7,2026-09-03,3678.97,,0.0,NOT_DUE
RP0004988,LN200705,8,2026-10-03,3678.97,,0.0,NOT_DUE
RP0004989,LN200705,9,2026-11-03,3678.97,,0.0,NOT_DUE
RP0004990,LN200706,1,2026-08-30,5071.08,,0.0,UNPAID
RP0004991,LN200706,2,2026-09-30,5071.08,,0.0,NOT_DUE
RP0004992,LN200706,3,2026-10-30,5071.08,,0.0,NOT_DUE
RP0004993,LN200706,4,2026-11-30,5071.08,,0.0,NOT_DUE
RP0004994,LN200706,5,2026-12-30,5071.08,,0.0,NOT_DUE
RP0004995,LN200706,6,2027-01-30,5071.08,,0.0,NOT_DUE
RP0004996,LN200706,7,2027-02-28,5071.08,,0.0,NOT_DUE
RP0004997,LN200706,8,2027-03-30,5071.08,,0.0,NOT_DUE
RP0004998,LN200706,9,2027-04-30,5071.08,,0.0,NOT_DUE
RP0004999,LN200708,1,2025-11-21,134400.33,2026-02-01,134400.33,PAID_LATE
RP0005000,LN200708,2,2025-12-21,134400.33,2025-12-22,134400.33,PAID_ON_TIME
RP0005001,LN200708,3,2026-01-21,134400.33,2026-01-19,134400.33,PAID_ON_TIME
RP0005002,LN200709,1,2025-11-19,12292.17,2025-11-18,12292.17,PAID_ON_TIME
RP0005003,LN200709,2,2025-12-19,12292.17,2025-12-16,12292.17,PAID_ON_TIME
RP0005004,LN200709,3,2026-01-19,12292.17,2026-01-18,12292.17,PAID_ON_TIME
RP0005005,LN200709,4,2026-02-19,12292.17,2026-02-17,12292.17,PAID_ON_TIME
RP0005006,LN200709,5,2026-03-19,12292.17,2026-03-22,12292.17,PAID_ON_TIME
RP0005007,LN200709,6,2026-04-19,12292.17,2026-04-16,12292.17,PAID_ON_TIME
RP0005008,LN200709,7,2026-05-19,12292.17,2026-05-21,12292.17,PAID_ON_TIME
RP0005009,LN200709,8,2026-06-19,12292.17,2026-06-19,12292.17,PAID_ON_TIME
RP0005010,LN200709,9,2026-07-19,12292.17,2026-07-21,12292.17,PAID_ON_TIME
RP0005011,LN200709,10,2026-08-19,12292.17,,0.0,UNPAID
RP0005012,LN200709,11,2026-09-19,12292.17,,0.0,NOT_DUE
RP0005013,LN200709,12,2026-10-19,12292.17,,0.0,NOT_DUE
RP0005014,LN200710,1,2026-02-03,41338.08,2026-02-03,41338.08,PAID_ON_TIME
RP0005015,LN200710,2,2026-03-03,41338.08,2026-03-04,41338.08,PAID_ON_TIME
RP0005016,LN200710,3,2026-04-03,41338.08,2026-04-02,41338.08,PAID_ON_TIME
RP0005017,LN200710,4,2026-05-03,41338.08,2026-05-02,41338.08,PAID_ON_TIME
RP0005018,LN200710,5,2026-06-03,41338.08,2026-05-31,41338.08,PAID_ON_TIME
RP0005019,LN200710,6,2026-07-03,41338.08,2026-06-30,41338.08,PAID_ON_TIME
RP0005020,LN200711,1,2026-08-05,3811.0,2026-08-08,3811.0,PAID_ON_TIME
RP0005021,LN200711,2,2026-09-05,3811.0,,0.0,NOT_DUE
RP0005022,LN200711,3,2026-10-05,3811.0,,0.0,NOT_DUE
RP0005023,LN200711,4,2026-11-05,3811.0,,0.0,NOT_DUE
RP0005024,LN200711,5,2026-12-05,3811.0,,0.0,NOT_DUE
RP0005025,LN200711,6,2027-01-05,3811.0,,0.0,NOT_DUE
RP0005026,LN200711,7,2027-02-05,3811.0,,0.0,NOT_DUE
RP0005027,LN200711,8,2027-03-05,3811.0,,0.0,NOT_DUE
RP0005028,LN200711,9,2027-04-05,3811.0,,0.0,NOT_DUE
RP0005029,LN200711,10,2027-05-05,3811.0,,0.0,NOT_DUE
RP0005030,LN200711,11,2027-06-05,3811.0,,0.0,NOT_DUE
RP0005031,LN200711,12,2027-07-05,3811.0,,0.0,NOT_DUE
RP0005032,LN200713,1,2025-12-05,7631.78,2025-12-04,7631.78,PAID_ON_TIME
RP0005033,LN200713,2,2026-01-05,7631.78,2026-01-04,7631.78,PAID_ON_TIME
RP0005034,LN200713,3,2026-02-05,7631.78,2026-02-09,7631.78,PAID_ON_TIME
RP0005035,LN200713,4,2026-03-05,7631.78,2026-03-04,7631.78,PAID_ON_TIME
RP0005036,LN200713,5,2026-04-05,7631.78,2026-05-26,7631.78,PAID_LATE
RP0005037,LN200713,6,2026-05-05,7631.78,2026-08-13,7631.78,PAID_LATE
RP0005038,LN200713,7,2026-06-05,7631.78,2026-06-03,7631.78,PAID_ON_TIME
RP0005039,LN200713,8,2026-07-05,7631.78,2026-07-09,7631.78,PAID_ON_TIME
RP0005040,LN200713,9,2026-08-05,7631.78,,0.0,UNPAID
RP0005041,LN200714,1,2025-09-23,9721.25,2025-09-22,9721.25,PAID_ON_TIME
RP0005042,LN200714,2,2025-10-23,9721.25,2025-10-24,9721.25,PAID_ON_TIME
RP0005043,LN200714,3,2025-11-23,9721.25,,0.0,UNPAID
RP0005044,LN200714,4,2025-12-23,9721.25,,0.0,UNPAID
RP0005045,LN200714,5,2026-01-23,9721.25,2026-01-22,9721.25,PAID_ON_TIME
RP0005046,LN200714,6,2026-02-23,9721.25,2026-02-22,9721.25,PAID_ON_TIME
RP0005047,LN200715,1,2026-06-11,12328.0,2026-07-01,12328.0,PAID_LATE
RP0005048,LN200715,2,2026-07-11,12328.0,,0.0,UNPAID
RP0005049,LN200715,3,2026-08-11,12328.0,2026-08-15,12328.0,PAID_ON_TIME
RP0005050,LN200715,4,2026-09-11,12328.0,,0.0,NOT_DUE
RP0005051,LN200715,5,2026-10-11,12328.0,,0.0,NOT_DUE
RP0005052,LN200715,6,2026-11-11,12328.0,,0.0,NOT_DUE
RP0005053,LN200716,1,2025-03-03,3576.67,2025-03-01,3576.67,PAID_ON_TIME
RP0005054,LN200716,2,2025-04-03,3576.67,2025-03-31,3576.67,PAID_ON_TIME
RP0005055,LN200716,3,2025-05-03,3576.67,2025-05-03,3576.67,PAID_ON_TIME
RP0005056,LN200716,4,2025-06-03,3576.67,2025-06-04,3576.67,PAID_ON_TIME
RP0005057,LN200716,5,2025-07-03,3576.67,2025-06-30,3576.67,PAID_ON_TIME
RP0005058,LN200716,6,2025-08-03,3576.67,2025-08-04,3576.67,PAID_ON_TIME
RP0005059,LN200717,1,2025-03-07,8475.5,2025-03-11,8475.5,PAID_ON_TIME
RP0005060,LN200717,2,2025-04-07,8475.5,2025-04-08,8475.5,PAID_ON_TIME
RP0005061,LN200717,3,2025-05-07,8475.5,2025-05-04,8475.5,PAID_ON_TIME
RP0005062,LN200717,4,2025-06-07,8475.5,2025-07-03,8475.5,PAID_LATE
RP0005063,LN200717,5,2025-07-07,8475.5,2025-07-04,8475.5,PAID_ON_TIME
RP0005064,LN200717,6,2025-08-07,8475.5,2025-09-02,8475.5,PAID_LATE
RP0005065,LN200718,1,2026-03-03,23268.0,2026-02-28,23268.0,PAID_ON_TIME
RP0005066,LN200718,2,2026-04-03,23268.0,2026-03-31,23268.0,PAID_ON_TIME
RP0005067,LN200718,3,2026-05-03,23268.0,2026-06-22,23268.0,PAID_LATE
RP0005068,LN200718,4,2026-06-03,23268.0,2026-06-03,23268.0,PAID_ON_TIME
RP0005069,LN200718,5,2026-07-03,23268.0,,0.0,UNPAID
RP0005070,LN200718,6,2026-08-03,23268.0,2026-08-07,23268.0,PAID_ON_TIME
RP0005071,LN200719,1,2026-08-31,42927.08,2026-09-03,42927.08,PAID_ON_TIME
RP0005072,LN200719,2,2026-09-30,42927.08,,0.0,NOT_DUE
RP0005073,LN200719,3,2026-10-31,42927.08,,0.0,NOT_DUE
RP0005074,LN200720,1,2026-03-27,17046.83,2026-03-31,17046.83,PAID_ON_TIME
RP0005075,LN200720,2,2026-04-27,17046.83,2026-04-30,17046.83,PAID_ON_TIME
RP0005076,LN200720,3,2026-05-27,17046.83,2026-05-28,17046.83,PAID_ON_TIME
RP0005077,LN200720,4,2026-06-27,17046.83,2026-06-27,17046.83,PAID_ON_TIME
RP0005078,LN200720,5,2026-07-27,17046.83,2026-07-26,17046.83,PAID_ON_TIME
RP0005079,LN200720,6,2026-08-27,17046.83,2026-08-24,17046.83,PAID_ON_TIME
RP0005080,LN200720,7,2026-09-27,17046.83,,0.0,NOT_DUE
RP0005081,LN200720,8,2026-10-27,17046.83,,0.0,NOT_DUE
RP0005082,LN200720,9,2026-11-27,17046.83,,0.0,NOT_DUE
RP0005083,LN200721,1,2025-06-25,24621.5,2025-08-22,24621.5,PAID_LATE
RP0005084,LN200721,2,2025-07-25,24621.5,2025-07-25,24621.5,PAID_ON_TIME
RP0005085,LN200721,3,2025-08-25,24621.5,2025-08-25,24621.5,PAID_ON_TIME
RP0005086,LN200721,4,2025-09-25,24621.5,2025-09-24,24621.5,PAID_ON_TIME
RP0005087,LN200721,5,2025-10-25,24621.5,2025-10-28,24621.5,PAID_ON_TIME
RP0005088,LN200721,6,2025-11-25,24621.5,2025-11-25,24621.5,PAID_ON_TIME
RP0005089,LN200722,1,2026-04-26,12871.83,2026-04-24,12871.83,PAID_ON_TIME
RP0005090,LN200722,2,2026-05-26,12871.83,2026-05-24,12871.83,PAID_ON_TIME
RP0005091,LN200722,3,2026-06-26,12871.83,2026-06-23,12871.83,PAID_ON_TIME
RP0005092,LN200722,4,2026-07-26,12871.83,2026-07-27,12871.83,PAID_ON_TIME
RP0005093,LN200722,5,2026-08-26,12871.83,2026-08-26,12871.83,PAID_ON_TIME
RP0005094,LN200722,6,2026-09-26,12871.83,,0.0,NOT_DUE
RP0005095,LN200722,7,2026-10-26,12871.83,,0.0,NOT_DUE
RP0005096,LN200722,8,2026-11-26,12871.83,,0.0,NOT_DUE
RP0005097,LN200722,9,2026-12-26,12871.83,,0.0,NOT_DUE
RP0005098,LN200723,1,2026-08-27,6850.75,2026-08-24,6850.75,PAID_ON_TIME
RP0005099,LN200723,2,2026-09-27,6850.75,,0.0,NOT_DUE
RP0005100,LN200723,3,2026-10-27,6850.75,,0.0,NOT_DUE
RP0005101,LN200723,4,2026-11-27,6850.75,,0.0,NOT_DUE
RP0005102,LN200723,5,2026-12-27,6850.75,,0.0,NOT_DUE
RP0005103,LN200723,6,2027-01-27,6850.75,,0.0,NOT_DUE
RP0005104,LN200723,7,2027-02-27,6850.75,,0.0,NOT_DUE
RP0005105,LN200723,8,2027-03-27,6850.75,,0.0,NOT_DUE
RP0005106,LN200723,9,2027-04-27,6850.75,,0.0,NOT_DUE
RP0005107,LN200723,10,2027-05-27,6850.75,,0.0,NOT_DUE
RP0005108,LN200723,11,2027-06-27,6850.75,,0.0,NOT_DUE
RP0005109,LN200723,12,2027-07-27,6850.75,,0.0,NOT_DUE
RP0005110,LN200724,1,2025-06-19,4932.0,2025-06-22,4932.0,PAID_ON_TIME
RP0005111,LN200724,2,2025-07-19,4932.0,2025-10-24,4932.0,PAID_LATE
RP0005112,LN200724,3,2025-08-19,4932.0,2025-08-18,4932.0,PAID_ON_TIME
RP0005113,LN200724,4,2025-09-19,4932.0,,0.0,UNPAID
RP0005114,LN200724,5,2025-10-19,4932.0,2025-10-20,4932.0,PAID_ON_TIME
RP0005115,LN200724,6,2025-11-19,4932.0,2025-11-18,4932.0,PAID_ON_TIME
RP0005116,LN200725,1,2025-03-01,44343.75,2025-03-02,44343.75,PAID_ON_TIME
RP0005117,LN200725,2,2025-04-01,44343.75,2025-04-05,44343.75,PAID_ON_TIME
RP0005118,LN200725,3,2025-05-01,44343.75,2025-04-29,44343.75,PAID_ON_TIME
RP0005119,LN200726,1,2026-01-18,10990.0,2026-04-23,10990.0,PAID_LATE
RP0005120,LN200726,2,2026-02-18,10990.0,2026-02-15,10990.0,PAID_ON_TIME
RP0005121,LN200726,3,2026-03-18,10990.0,2026-03-20,10990.0,PAID_ON_TIME
RP0005122,LN200726,4,2026-04-18,10990.0,2026-04-21,10990.0,PAID_ON_TIME
RP0005123,LN200726,5,2026-05-18,10990.0,2026-05-18,10990.0,PAID_ON_TIME
RP0005124,LN200726,6,2026-06-18,10990.0,2026-06-18,10990.0,PAID_ON_TIME
RP0005125,LN200727,1,2026-03-05,14303.58,2026-03-06,14303.58,PAID_ON_TIME
RP0005126,LN200727,2,2026-04-05,14303.58,2026-04-08,14303.58,PAID_ON_TIME
RP0005127,LN200727,3,2026-05-05,14303.58,2026-05-08,14303.58,PAID_ON_TIME
RP0005128,LN200727,4,2026-06-05,14303.58,2026-06-06,14303.58,PAID_ON_TIME
RP0005129,LN200727,5,2026-07-05,14303.58,2026-07-07,14303.58,PAID_ON_TIME
RP0005130,LN200727,6,2026-08-05,14303.58,2026-08-07,14303.58,PAID_ON_TIME
RP0005131,LN200727,7,2026-09-05,14303.58,,0.0,NOT_DUE
RP0005132,LN200727,8,2026-10-05,14303.58,,0.0,NOT_DUE
RP0005133,LN200727,9,2026-11-05,14303.58,,0.0,NOT_DUE
RP0005134,LN200728,1,2025-04-04,8865.0,2025-04-01,8865.0,PAID_ON_TIME
RP0005135,LN200728,2,2025-05-04,8865.0,2025-05-01,8865.0,PAID_ON_TIME
RP0005136,LN200728,3,2025-06-04,8865.0,2025-06-04,8865.0,PAID_ON_TIME
RP0005137,LN200728,4,2025-07-04,8865.0,2025-07-01,8865.0,PAID_ON_TIME
RP0005138,LN200728,5,2025-08-04,8865.0,2025-10-19,8865.0,PAID_LATE
RP0005139,LN200728,6,2025-09-04,8865.0,2025-09-01,8865.0,PAID_ON_TIME
RP0005140,LN200728,7,2025-10-04,8865.0,2026-01-21,8865.0,PAID_LATE
RP0005141,LN200728,8,2025-11-04,8865.0,2025-11-01,8865.0,PAID_ON_TIME
RP0005142,LN200728,9,2025-12-04,8865.0,2026-01-13,8865.0,PAID_LATE
RP0005143,LN200728,10,2026-01-04,8865.0,2026-01-07,8865.0,PAID_ON_TIME
RP0005144,LN200728,11,2026-02-04,8865.0,2026-02-07,8865.0,PAID_ON_TIME
RP0005145,LN200728,12,2026-03-04,8865.0,2026-03-08,8865.0,PAID_ON_TIME
RP0005146,LN200729,1,2026-02-17,61153.5,2026-02-19,61153.5,PAID_ON_TIME
RP0005147,LN200729,2,2026-03-17,61153.5,2026-03-14,61153.5,PAID_ON_TIME
RP0005148,LN200729,3,2026-04-17,61153.5,2026-04-20,61153.5,PAID_ON_TIME
RP0005149,LN200730,1,2026-07-06,17121.42,2026-07-08,17121.42,PAID_ON_TIME
RP0005150,LN200730,2,2026-08-06,17121.42,2026-08-05,17121.42,PAID_ON_TIME
RP0005151,LN200730,3,2026-09-06,17121.42,,0.0,NOT_DUE
RP0005152,LN200731,1,2025-02-11,28370.25,2025-02-12,28370.25,PAID_ON_TIME
RP0005153,LN200731,2,2025-03-11,28370.25,2025-03-09,28370.25,PAID_ON_TIME
RP0005154,LN200731,3,2025-04-11,28370.25,2025-04-13,28370.25,PAID_ON_TIME
RP0005155,LN200732,1,2026-03-27,43524.0,2026-03-30,43524.0,PAID_ON_TIME
RP0005156,LN200732,2,2026-04-27,43524.0,2026-04-26,43524.0,PAID_ON_TIME
RP0005157,LN200732,3,2026-05-27,43524.0,2026-05-30,43524.0,PAID_ON_TIME
RP0005158,LN200733,1,2026-08-19,5198.64,2026-08-17,5198.64,PAID_ON_TIME
RP0005159,LN200733,2,2026-09-19,5198.64,,0.0,NOT_DUE
RP0005160,LN200733,3,2026-10-19,5198.64,,0.0,NOT_DUE
RP0005161,LN200733,4,2026-11-19,5198.64,,0.0,NOT_DUE
RP0005162,LN200733,5,2026-12-19,5198.64,,0.0,NOT_DUE
RP0005163,LN200733,6,2027-01-19,5198.64,,0.0,NOT_DUE
RP0005164,LN200733,7,2027-02-19,5198.64,,0.0,NOT_DUE
RP0005165,LN200733,8,2027-03-19,5198.64,,0.0,NOT_DUE
RP0005166,LN200733,9,2027-04-19,5198.64,,0.0,NOT_DUE
RP0005167,LN200733,10,2027-05-19,5198.64,,0.0,NOT_DUE
RP0005168,LN200733,11,2027-06-19,5198.64,,0.0,NOT_DUE
RP0005169,LN200733,12,2027-07-19,5198.64,,0.0,NOT_DUE
RP0005170,LN200733,13,2027-08-19,5198.64,,0.0,NOT_DUE
RP0005171,LN200733,14,2027-09-19,5198.64,,0.0,NOT_DUE
RP0005172,LN200733,15,2027-10-19,5198.64,,0.0,NOT_DUE
RP0005173,LN200733,16,2027-11-19,5198.64,,0.0,NOT_DUE
RP0005174,LN200733,17,2027-12-19,5198.64,,0.0,NOT_DUE
RP0005175,LN200733,18,2028-01-19,5198.64,,0.0,NOT_DUE
RP0005176,LN200734,1,2025-03-24,15457.67,2025-03-21,15457.67,PAID_ON_TIME
RP0005177,LN200734,2,2025-04-24,15457.67,2025-04-28,15457.67,PAID_ON_TIME
RP0005178,LN200734,3,2025-05-24,15457.67,2025-05-23,15457.67,PAID_ON_TIME
RP0005179,LN200734,4,2025-06-24,15457.67,2025-06-28,15457.67,PAID_ON_TIME
RP0005180,LN200734,5,2025-07-24,15457.67,2025-07-27,15457.67,PAID_ON_TIME
RP0005181,LN200734,6,2025-08-24,15457.67,2025-08-27,15457.67,PAID_ON_TIME
RP0005182,LN200734,7,2025-09-24,15457.67,2025-09-26,15457.67,PAID_ON_TIME
RP0005183,LN200734,8,2025-10-24,15457.67,2025-10-23,15457.67,PAID_ON_TIME
RP0005184,LN200734,9,2025-11-24,15457.67,2026-02-10,15457.67,PAID_LATE
RP0005185,LN200734,10,2025-12-24,15457.67,2025-12-24,15457.67,PAID_ON_TIME
RP0005186,LN200734,11,2026-01-24,15457.67,2026-01-23,15457.67,PAID_ON_TIME
RP0005187,LN200734,12,2026-02-24,15457.67,2026-02-22,15457.67,PAID_ON_TIME
RP0005188,LN200735,1,2026-06-05,13659.17,2026-06-03,13659.17,PAID_ON_TIME
RP0005189,LN200735,2,2026-07-05,13659.17,2026-07-03,13659.17,PAID_ON_TIME
RP0005190,LN200735,3,2026-08-05,13659.17,2026-08-13,13659.17,PAID_LATE
RP0005191,LN200735,4,2026-09-05,13659.17,,0.0,NOT_DUE
RP0005192,LN200735,5,2026-10-05,13659.17,,0.0,NOT_DUE
RP0005193,LN200735,6,2026-11-05,13659.17,,0.0,NOT_DUE
RP0005194,LN200736,1,2026-08-06,34808.33,,0.0,UNPAID
RP0005195,LN200736,2,2026-09-06,34808.33,,0.0,NOT_DUE
RP0005196,LN200736,3,2026-10-06,34808.33,,0.0,NOT_DUE
RP0005197,LN200738,1,2026-08-12,79445.83,2026-08-16,79445.83,PAID_ON_TIME
RP0005198,LN200738,2,2026-09-12,79445.83,,0.0,NOT_DUE
RP0005199,LN200738,3,2026-10-12,79445.83,,0.0,NOT_DUE
RP0005200,LN200739,1,2025-12-16,58856.0,2026-02-06,58856.0,PAID_LATE
RP0005201,LN200739,2,2026-01-16,58856.0,2026-01-19,58856.0,PAID_LATE
RP0005202,LN200739,3,2026-02-16,58856.0,2026-02-14,58856.0,PAID_ON_TIME
RP0005203,LN200740,1,2025-08-28,49374.61,2025-08-28,49374.61,PAID_ON_TIME
RP0005204,LN200740,2,2025-09-28,49374.61,2025-10-02,49374.61,PAID_ON_TIME
RP0005205,LN200740,3,2025-10-28,49374.61,2025-10-31,49374.61,PAID_ON_TIME
RP0005206,LN200740,4,2025-11-28,49374.61,2025-11-30,49374.61,PAID_ON_TIME
RP0005207,LN200740,5,2025-12-28,49374.61,2026-01-01,49374.61,PAID_ON_TIME
RP0005208,LN200740,6,2026-01-28,49374.61,2026-01-31,49374.61,PAID_ON_TIME
RP0005209,LN200740,7,2026-02-28,49374.61,2026-03-02,49374.61,PAID_ON_TIME
RP0005210,LN200740,8,2026-03-28,49374.61,2026-04-01,49374.61,PAID_ON_TIME
RP0005211,LN200740,9,2026-04-28,49374.61,2026-04-29,49374.61,PAID_ON_TIME
RP0005212,LN200741,1,2025-11-17,1675.33,2025-11-17,1675.33,PAID_ON_TIME
RP0005213,LN200741,2,2025-12-17,1675.33,2025-12-16,1675.33,PAID_ON_TIME
RP0005214,LN200741,3,2026-01-17,1675.33,2026-01-14,1675.33,PAID_ON_TIME
RP0005215,LN200741,4,2026-02-17,1675.33,2026-02-16,1675.33,PAID_ON_TIME
RP0005216,LN200741,5,2026-03-17,1675.33,2026-03-20,1675.33,PAID_ON_TIME
RP0005217,LN200741,6,2026-04-17,1675.33,2026-04-15,1675.33,PAID_ON_TIME
RP0005218,LN200741,7,2026-05-17,1675.33,2026-05-14,1675.33,PAID_ON_TIME
RP0005219,LN200741,8,2026-06-17,1675.33,2026-06-14,1675.33,PAID_ON_TIME
RP0005220,LN200741,9,2026-07-17,1675.33,2026-07-16,1675.33,PAID_ON_TIME
RP0005221,LN200741,10,2026-08-17,1675.33,2026-08-16,1675.33,PAID_ON_TIME
RP0005222,LN200741,11,2026-09-17,1675.33,,0.0,NOT_DUE
RP0005223,LN200741,12,2026-10-17,1675.33,,0.0,NOT_DUE
RP0005224,LN200741,13,2026-11-17,1675.33,,0.0,NOT_DUE
RP0005225,LN200741,14,2026-12-17,1675.33,,0.0,NOT_DUE
RP0005226,LN200741,15,2027-01-17,1675.33,,0.0,NOT_DUE
RP0005227,LN200741,16,2027-02-17,1675.33,,0.0,NOT_DUE
RP0005228,LN200741,17,2027-03-17,1675.33,,0.0,NOT_DUE
RP0005229,LN200741,18,2027-04-17,1675.33,,0.0,NOT_DUE
RP0005230,LN200742,1,2025-02-01,48988.33,2025-02-23,48988.33,PAID_LATE
RP0005231,LN200742,2,2025-03-01,48988.33,2025-02-26,48988.33,PAID_ON_TIME
RP0005232,LN200742,3,2025-04-01,48988.33,,0.0,UNPAID
RP0005233,LN200743,1,2025-06-25,5713.17,2025-06-27,5713.17,PAID_ON_TIME
RP0005234,LN200743,2,2025-07-25,5713.17,2025-07-25,5713.17,PAID_ON_TIME
RP0005235,LN200743,3,2025-08-25,5713.17,2025-08-28,5713.17,PAID_ON_TIME
RP0005236,LN200743,4,2025-09-25,5713.17,2025-09-24,5713.17,PAID_ON_TIME
RP0005237,LN200743,5,2025-10-25,5713.17,2025-11-16,5713.17,PAID_LATE
RP0005238,LN200743,6,2025-11-25,5713.17,2025-11-27,5713.17,PAID_ON_TIME
RP0005239,LN200743,7,2025-12-25,5713.17,2025-12-24,5713.17,PAID_ON_TIME
RP0005240,LN200743,8,2026-01-25,5713.17,2026-01-23,5713.17,PAID_ON_TIME
RP0005241,LN200743,9,2026-02-25,5713.17,2026-02-24,5713.17,PAID_ON_TIME
RP0005242,LN200743,10,2026-03-25,5713.17,2026-03-30,5713.17,PAID_LATE
RP0005243,LN200743,11,2026-04-25,5713.17,2026-04-23,5713.17,PAID_ON_TIME
RP0005244,LN200743,12,2026-05-25,5713.17,2026-05-24,5713.17,PAID_ON_TIME
RP0005245,LN200744,1,2025-06-18,47362.5,2025-06-21,47362.5,PAID_ON_TIME
RP0005246,LN200744,2,2025-07-18,47362.5,2025-07-20,47362.5,PAID_ON_TIME
RP0005247,LN200744,3,2025-08-18,47362.5,2025-11-24,47362.5,PAID_LATE
RP0005248,LN200745,1,2026-04-24,4456.0,2026-04-22,4456.0,PAID_ON_TIME
RP0005249,LN200745,2,2026-05-24,4456.0,2026-08-01,4456.0,PAID_LATE
RP0005250,LN200745,3,2026-06-24,4456.0,2026-06-21,4456.0,PAID_ON_TIME
RP0005251,LN200745,4,2026-07-24,4456.0,2026-07-26,4456.0,PAID_ON_TIME
RP0005252,LN200745,5,2026-08-24,4456.0,2026-08-27,4456.0,PAID_ON_TIME
RP0005253,LN200745,6,2026-09-24,4456.0,,0.0,NOT_DUE
RP0005254,LN200747,1,2026-08-10,1553.78,2026-08-09,1553.78,PAID_ON_TIME
RP0005255,LN200747,2,2026-09-10,1553.78,,0.0,NOT_DUE
RP0005256,LN200747,3,2026-10-10,1553.78,,0.0,NOT_DUE
RP0005257,LN200747,4,2026-11-10,1553.78,,0.0,NOT_DUE
RP0005258,LN200747,5,2026-12-10,1553.78,,0.0,NOT_DUE
RP0005259,LN200747,6,2027-01-10,1553.78,,0.0,NOT_DUE
RP0005260,LN200747,7,2027-02-10,1553.78,,0.0,NOT_DUE
RP0005261,LN200747,8,2027-03-10,1553.78,,0.0,NOT_DUE
RP0005262,LN200747,9,2027-04-10,1553.78,,0.0,NOT_DUE
RP0005263,LN200747,10,2027-05-10,1553.78,,0.0,NOT_DUE
RP0005264,LN200747,11,2027-06-10,1553.78,,0.0,NOT_DUE
RP0005265,LN200747,12,2027-07-10,1553.78,,0.0,NOT_DUE
RP0005266,LN200747,13,2027-08-10,1553.78,,0.0,NOT_DUE
RP0005267,LN200747,14,2027-09-10,1553.78,,0.0,NOT_DUE
RP0005268,LN200747,15,2027-10-10,1553.78,,0.0,NOT_DUE
RP0005269,LN200747,16,2027-11-10,1553.78,,0.0,NOT_DUE
RP0005270,LN200747,17,2027-12-10,1553.78,,0.0,NOT_DUE
RP0005271,LN200747,18,2028-01-10,1553.78,,0.0,NOT_DUE
RP0005272,LN200748,1,2026-01-26,25716.17,2026-01-24,25716.17,PAID_ON_TIME
RP0005273,LN200748,2,2026-02-26,25716.17,2026-02-28,25716.17,PAID_ON_TIME
RP0005274,LN200748,3,2026-03-26,25716.17,2026-03-26,25716.17,PAID_ON_TIME
RP0005275,LN200748,4,2026-04-26,25716.17,2026-08-19,25716.17,PAID_LATE
RP0005276,LN200748,5,2026-05-26,25716.17,2026-05-30,25716.17,PAID_ON_TIME
RP0005277,LN200748,6,2026-06-26,25716.17,2026-06-24,25716.17,PAID_ON_TIME
RP0005278,LN200749,1,2026-01-03,8088.75,2026-01-06,8088.75,PAID_ON_TIME
RP0005279,LN200749,2,2026-02-03,8088.75,,0.0,UNPAID
RP0005280,LN200749,3,2026-03-03,8088.75,2026-03-05,8088.75,PAID_ON_TIME
RP0005281,LN200749,4,2026-04-03,8088.75,2026-04-05,8088.75,PAID_ON_TIME
RP0005282,LN200749,5,2026-05-03,8088.75,2026-05-31,8088.75,PAID_LATE
RP0005283,LN200749,6,2026-06-03,8088.75,2026-06-07,8088.75,PAID_ON_TIME
RP0005284,LN200750,1,2025-08-23,38068.25,2025-08-24,38068.25,PAID_ON_TIME
RP0005285,LN200750,2,2025-09-23,38068.25,2025-09-21,38068.25,PAID_ON_TIME
RP0005286,LN200750,3,2025-10-23,38068.25,2025-10-25,38068.25,PAID_ON_TIME
RP0005287,LN200751,1,2025-04-30,27176.5,2025-05-02,27176.5,PAID_ON_TIME
RP0005288,LN200751,2,2025-05-31,27176.5,2025-05-30,27176.5,PAID_ON_TIME
RP0005289,LN200751,3,2025-06-30,27176.5,2025-07-03,27176.5,PAID_ON_TIME
RP0005290,LN200752,1,2025-09-22,3269.67,2025-09-22,3269.67,PAID_ON_TIME
RP0005291,LN200752,2,2025-10-22,3269.67,2025-10-22,3269.67,PAID_ON_TIME
RP0005292,LN200752,3,2025-11-22,3269.67,2025-12-25,3269.67,PAID_LATE
RP0005293,LN200752,4,2025-12-22,3269.67,2025-12-19,3269.67,PAID_ON_TIME
RP0005294,LN200752,5,2026-01-22,3269.67,2026-03-29,3269.67,PAID_LATE
RP0005295,LN200752,6,2026-02-22,3269.67,2026-02-24,3269.67,PAID_ON_TIME
RP0005296,LN200752,7,2026-03-22,3269.67,2026-03-25,3269.67,PAID_ON_TIME
RP0005297,LN200752,8,2026-04-22,3269.67,2026-04-20,3269.67,PAID_ON_TIME
RP0005298,LN200752,9,2026-05-22,3269.67,2026-05-19,3269.67,PAID_ON_TIME
RP0005299,LN200752,10,2026-06-22,3269.67,2026-06-22,3269.67,PAID_ON_TIME
RP0005300,LN200752,11,2026-07-22,3269.67,2026-07-26,3269.67,PAID_ON_TIME
RP0005301,LN200752,12,2026-08-22,3269.67,,0.0,UNPAID
RP0005302,LN200753,1,2025-09-08,55155.17,2025-09-06,55155.17,PAID_ON_TIME
RP0005303,LN200753,2,2025-10-08,55155.17,2025-10-08,55155.17,PAID_ON_TIME
RP0005304,LN200753,3,2025-11-08,55155.17,2025-11-11,55155.17,PAID_ON_TIME
RP0005305,LN200754,1,2025-12-20,47441.33,2025-12-22,47441.33,PAID_ON_TIME
RP0005306,LN200754,2,2026-01-20,47441.33,2026-01-22,47441.33,PAID_ON_TIME
RP0005307,LN200754,3,2026-02-20,47441.33,2026-02-18,47441.33,PAID_ON_TIME
RP0005308,LN200755,1,2025-02-03,13752.47,2025-04-23,13752.47,PAID_LATE
RP0005309,LN200755,2,2025-03-03,13752.47,2025-03-06,13752.47,PAID_ON_TIME
RP0005310,LN200755,3,2025-04-03,13752.47,2025-04-07,13752.47,PAID_ON_TIME
RP0005311,LN200755,4,2025-05-03,13752.47,,0.0,UNPAID
RP0005312,LN200755,5,2025-06-03,13752.47,2025-06-01,13752.47,PAID_ON_TIME
RP0005313,LN200755,6,2025-07-03,13752.47,2025-07-05,13752.47,PAID_ON_TIME
RP0005314,LN200755,7,2025-08-03,13752.47,2025-10-26,13752.47,PAID_LATE
RP0005315,LN200755,8,2025-09-03,13752.47,,0.0,UNPAID
RP0005316,LN200755,9,2025-10-03,13752.47,2025-10-06,13752.47,PAID_ON_TIME
RP0005317,LN200756,1,2025-06-26,11185.0,2025-06-26,11185.0,PAID_ON_TIME
RP0005318,LN200756,2,2025-07-26,11185.0,2025-07-30,11185.0,PAID_ON_TIME
RP0005319,LN200756,3,2025-08-26,11185.0,2025-08-25,11185.0,PAID_ON_TIME
RP0005320,LN200756,4,2025-09-26,11185.0,2025-09-23,11185.0,PAID_ON_TIME
RP0005321,LN200756,5,2025-10-26,11185.0,2025-10-24,11185.0,PAID_ON_TIME
RP0005322,LN200756,6,2025-11-26,11185.0,2025-11-29,11185.0,PAID_ON_TIME
RP0005323,LN200757,1,2025-03-14,53989.83,2025-03-16,53989.83,PAID_LATE
RP0005324,LN200757,2,2025-04-14,53989.83,2025-04-16,53989.83,PAID_ON_TIME
RP0005325,LN200757,3,2025-05-14,53989.83,2025-05-14,53989.83,PAID_ON_TIME
RP0005326,LN200758,1,2026-01-03,202608.0,2026-01-02,202608.0,PAID_ON_TIME
RP0005327,LN200758,2,2026-02-03,202608.0,,0.0,UNPAID
RP0005328,LN200758,3,2026-03-03,202608.0,2026-02-28,202608.0,PAID_ON_TIME
RP0005329,LN200759,1,2026-07-28,256760.0,2026-07-27,256760.0,PAID_ON_TIME
RP0005330,LN200759,2,2026-08-28,256760.0,2026-08-25,256760.0,PAID_ON_TIME
RP0005331,LN200759,3,2026-09-28,256760.0,,0.0,NOT_DUE
RP0005332,LN200761,1,2025-11-21,15854.67,2025-11-25,15854.67,PAID_ON_TIME
RP0005333,LN200761,2,2025-12-21,15854.67,2025-12-25,15854.67,PAID_ON_TIME
RP0005334,LN200761,3,2026-01-21,15854.67,2026-01-21,15854.67,PAID_ON_TIME
RP0005335,LN200761,4,2026-02-21,15854.67,2026-02-22,15854.67,PAID_ON_TIME
RP0005336,LN200761,5,2026-03-21,15854.67,2026-03-22,15854.67,PAID_ON_TIME
RP0005337,LN200761,6,2026-04-21,15854.67,2026-04-25,15854.67,PAID_ON_TIME
RP0005338,LN200762,1,2026-05-06,16228.33,2026-05-05,16228.33,PAID_ON_TIME
RP0005339,LN200762,2,2026-06-06,16228.33,2026-06-08,16228.33,PAID_ON_TIME
RP0005340,LN200762,3,2026-07-06,16228.33,2026-07-10,16228.33,PAID_ON_TIME
RP0005341,LN200762,4,2026-08-06,16228.33,,0.0,UNPAID
RP0005342,LN200762,5,2026-09-06,16228.33,,0.0,NOT_DUE
RP0005343,LN200762,6,2026-10-06,16228.33,,0.0,NOT_DUE
RP0005344,LN200763,1,2025-09-04,20087.33,2025-09-03,20087.33,PAID_ON_TIME
RP0005345,LN200763,2,2025-10-04,20087.33,,0.0,UNPAID
RP0005346,LN200763,3,2025-11-04,20087.33,2025-11-05,20087.33,PAID_ON_TIME
RP0005347,LN200764,1,2026-01-31,32351.5,2026-02-03,32351.5,PAID_ON_TIME
RP0005348,LN200764,2,2026-02-28,32351.5,2026-02-27,32351.5,PAID_ON_TIME
RP0005349,LN200764,3,2026-03-31,32351.5,2026-04-04,32351.5,PAID_ON_TIME
RP0005350,LN200764,4,2026-04-30,32351.5,2026-05-03,32351.5,PAID_ON_TIME
RP0005351,LN200764,5,2026-05-31,32351.5,2026-05-29,32351.5,PAID_ON_TIME
RP0005352,LN200764,6,2026-06-30,32351.5,2026-07-04,32351.5,PAID_ON_TIME
RP0005353,LN200765,1,2025-08-21,7921.78,2025-10-05,7921.78,PAID_LATE
RP0005354,LN200765,2,2025-09-21,7921.78,2026-01-13,7921.78,PAID_LATE
RP0005355,LN200765,3,2025-10-21,7921.78,2025-10-20,7921.78,PAID_ON_TIME
RP0005356,LN200765,4,2025-11-21,7921.78,2025-11-25,7921.78,PAID_ON_TIME
RP0005357,LN200765,5,2025-12-21,7921.78,,0.0,UNPAID
RP0005358,LN200765,6,2026-01-21,7921.78,2026-01-24,7921.78,PAID_ON_TIME
RP0005359,LN200765,7,2026-02-21,7921.78,2026-02-21,7921.78,PAID_ON_TIME
RP0005360,LN200765,8,2026-03-21,7921.78,2026-03-24,7921.78,PAID_ON_TIME
RP0005361,LN200765,9,2026-04-21,7921.78,2026-04-18,7921.78,PAID_ON_TIME
RP0005362,LN200766,1,2026-07-27,1739.11,2026-07-24,1739.11,PAID_ON_TIME
RP0005363,LN200766,2,2026-08-27,1739.11,2026-08-25,1739.11,PAID_ON_TIME
RP0005364,LN200766,3,2026-09-27,1739.11,,0.0,NOT_DUE
RP0005365,LN200766,4,2026-10-27,1739.11,,0.0,NOT_DUE
RP0005366,LN200766,5,2026-11-27,1739.11,,0.0,NOT_DUE
RP0005367,LN200766,6,2026-12-27,1739.11,,0.0,NOT_DUE
RP0005368,LN200766,7,2027-01-27,1739.11,,0.0,NOT_DUE
RP0005369,LN200766,8,2027-02-27,1739.11,,0.0,NOT_DUE
RP0005370,LN200766,9,2027-03-27,1739.11,,0.0,NOT_DUE
RP0005371,LN200766,10,2027-04-27,1739.11,,0.0,NOT_DUE
RP0005372,LN200766,11,2027-05-27,1739.11,,0.0,NOT_DUE
RP0005373,LN200766,12,2027-06-27,1739.11,,0.0,NOT_DUE
RP0005374,LN200766,13,2027-07-27,1739.11,,0.0,NOT_DUE
RP0005375,LN200766,14,2027-08-27,1739.11,,0.0,NOT_DUE
RP0005376,LN200766,15,2027-09-27,1739.11,,0.0,NOT_DUE
RP0005377,LN200766,16,2027-10-27,1739.11,,0.0,NOT_DUE
RP0005378,LN200766,17,2027-11-27,1739.11,,0.0,NOT_DUE
RP0005379,LN200766,18,2027-12-27,1739.11,,0.0,NOT_DUE
RP0005380,LN200767,1,2026-05-30,50574.28,2026-05-27,50574.28,PAID_ON_TIME
RP0005381,LN200767,2,2026-06-30,50574.28,2026-06-29,50574.28,PAID_ON_TIME
RP0005382,LN200767,3,2026-07-30,50574.28,2026-08-01,50574.28,PAID_ON_TIME
RP0005383,LN200767,4,2026-08-30,50574.28,2026-09-03,50574.28,PAID_ON_TIME
RP0005384,LN200767,5,2026-09-30,50574.28,,0.0,NOT_DUE
RP0005385,LN200767,6,2026-10-30,50574.28,,0.0,NOT_DUE
RP0005386,LN200767,7,2026-11-30,50574.28,,0.0,NOT_DUE
RP0005387,LN200767,8,2026-12-30,50574.28,,0.0,NOT_DUE
RP0005388,LN200767,9,2027-01-30,50574.28,,0.0,NOT_DUE
RP0005389,LN200768,1,2025-12-06,6701.56,2025-12-04,6701.56,PAID_ON_TIME
RP0005390,LN200768,2,2026-01-06,6701.56,2026-01-04,6701.56,PAID_ON_TIME
RP0005391,LN200768,3,2026-02-06,6701.56,2026-02-08,6701.56,PAID_ON_TIME
RP0005392,LN200768,4,2026-03-06,6701.56,2026-03-08,6701.56,PAID_ON_TIME
RP0005393,LN200768,5,2026-04-06,6701.56,2026-04-09,6701.56,PAID_ON_TIME
RP0005394,LN200768,6,2026-05-06,6701.56,2026-05-03,6701.56,PAID_ON_TIME
RP0005395,LN200768,7,2026-06-06,6701.56,2026-06-04,6701.56,PAID_ON_TIME
RP0005396,LN200768,8,2026-07-06,6701.56,2026-07-03,6701.56,PAID_ON_TIME
RP0005397,LN200768,9,2026-08-06,6701.56,,0.0,UNPAID
RP0005398,LN200769,1,2026-06-07,5160.31,2026-06-11,5160.31,PAID_ON_TIME
RP0005399,LN200769,2,2026-07-07,5160.31,2026-07-07,5160.31,PAID_ON_TIME
RP0005400,LN200769,3,2026-08-07,5160.31,2026-08-04,5160.31,PAID_ON_TIME
RP0005401,LN200769,4,2026-09-07,5160.31,,0.0,NOT_DUE
RP0005402,LN200769,5,2026-10-07,5160.31,,0.0,NOT_DUE
RP0005403,LN200769,6,2026-11-07,5160.31,,0.0,NOT_DUE
RP0005404,LN200769,7,2026-12-07,5160.31,,0.0,NOT_DUE
RP0005405,LN200769,8,2027-01-07,5160.31,,0.0,NOT_DUE
RP0005406,LN200769,9,2027-02-07,5160.31,,0.0,NOT_DUE
RP0005407,LN200771,1,2025-02-21,20502.5,2025-02-20,20502.5,PAID_ON_TIME
RP0005408,LN200771,2,2025-03-21,20502.5,2025-03-19,20502.5,PAID_ON_TIME
RP0005409,LN200771,3,2025-04-21,20502.5,2025-08-13,20502.5,PAID_LATE
RP0005410,LN200772,1,2025-09-21,11557.83,2025-09-19,11557.83,PAID_ON_TIME
RP0005411,LN200772,2,2025-10-21,11557.83,2025-10-23,11557.83,PAID_ON_TIME
RP0005412,LN200772,3,2025-11-21,11557.83,2025-11-19,11557.83,PAID_ON_TIME
RP0005413,LN200772,4,2025-12-21,11557.83,2025-12-21,11557.83,PAID_ON_TIME
RP0005414,LN200772,5,2026-01-21,11557.83,2026-01-24,11557.83,PAID_ON_TIME
RP0005415,LN200772,6,2026-02-21,11557.83,2026-02-19,11557.83,PAID_ON_TIME
RP0005416,LN200773,1,2026-08-26,9133.11,,0.0,UNPAID
RP0005417,LN200773,2,2026-09-26,9133.11,,0.0,NOT_DUE
RP0005418,LN200773,3,2026-10-26,9133.11,,0.0,NOT_DUE
RP0005419,LN200773,4,2026-11-26,9133.11,,0.0,NOT_DUE
RP0005420,LN200773,5,2026-12-26,9133.11,,0.0,NOT_DUE
RP0005421,LN200773,6,2027-01-26,9133.11,,0.0,NOT_DUE
RP0005422,LN200773,7,2027-02-26,9133.11,,0.0,NOT_DUE
RP0005423,LN200773,8,2027-03-26,9133.11,,0.0,NOT_DUE
RP0005424,LN200773,9,2027-04-26,9133.11,,0.0,NOT_DUE
RP0005425,LN200774,1,2025-07-22,7397.33,2025-07-26,7397.33,PAID_ON_TIME
RP0005426,LN200774,2,2025-08-22,7397.33,2025-08-21,7397.33,PAID_ON_TIME
RP0005427,LN200774,3,2025-09-22,7397.33,2025-09-20,7397.33,PAID_ON_TIME
RP0005428,LN200774,4,2025-10-22,7397.33,2025-10-22,7397.33,PAID_ON_TIME
RP0005429,LN200774,5,2025-11-22,7397.33,2025-11-19,7397.33,PAID_ON_TIME
RP0005430,LN200774,6,2025-12-22,7397.33,2026-03-16,7397.33,PAID_LATE
RP0005431,LN200774,7,2026-01-22,7397.33,2026-01-24,7397.33,PAID_ON_TIME
RP0005432,LN200774,8,2026-02-22,7397.33,2026-02-21,7397.33,PAID_ON_TIME
RP0005433,LN200774,9,2026-03-22,7397.33,2026-03-23,7397.33,PAID_ON_TIME
RP0005434,LN200774,10,2026-04-22,7397.33,2026-04-19,7397.33,PAID_ON_TIME
RP0005435,LN200774,11,2026-05-22,7397.33,2026-05-22,7397.33,PAID_ON_TIME
RP0005436,LN200774,12,2026-06-22,7397.33,2026-06-19,7397.33,PAID_ON_TIME
RP0005437,LN200775,1,2025-06-25,14900.78,2025-06-26,14900.78,PAID_ON_TIME
RP0005438,LN200775,2,2025-07-25,14900.78,2025-07-29,14900.78,PAID_ON_TIME
RP0005439,LN200775,3,2025-08-25,14900.78,2025-08-27,14900.78,PAID_ON_TIME
RP0005440,LN200775,4,2025-09-25,14900.78,2025-10-25,14900.78,PAID_LATE
RP0005441,LN200775,5,2025-10-25,14900.78,2025-10-27,14900.78,PAID_ON_TIME
RP0005442,LN200775,6,2025-11-25,14900.78,2026-02-13,14900.78,PAID_LATE
RP0005443,LN200775,7,2025-12-25,14900.78,2025-12-26,14900.78,PAID_ON_TIME
RP0005444,LN200775,8,2026-01-25,14900.78,2026-02-09,14900.78,PAID_LATE
RP0005445,LN200775,9,2026-02-25,14900.78,2026-03-01,14900.78,PAID_ON_TIME
RP0005446,LN200776,1,2026-01-21,16526.33,2026-01-25,16526.33,PAID_ON_TIME
RP0005447,LN200776,2,2026-02-21,16526.33,2026-02-25,16526.33,PAID_ON_TIME
RP0005448,LN200776,3,2026-03-21,16526.33,2026-03-23,16526.33,PAID_ON_TIME
RP0005449,LN200776,4,2026-04-21,16526.33,2026-04-20,16526.33,PAID_ON_TIME
RP0005450,LN200776,5,2026-05-21,16526.33,2026-05-18,16526.33,PAID_ON_TIME
RP0005451,LN200776,6,2026-06-21,16526.33,2026-06-21,16526.33,PAID_ON_TIME
RP0005452,LN200776,7,2026-07-21,16526.33,,0.0,UNPAID
RP0005453,LN200776,8,2026-08-21,16526.33,,0.0,UNPAID
RP0005454,LN200776,9,2026-09-21,16526.33,,0.0,NOT_DUE
RP0005455,LN200777,1,2026-05-25,10140.33,2026-05-28,10140.33,PAID_ON_TIME
RP0005456,LN200777,2,2026-06-25,10140.33,2026-06-24,10140.33,PAID_ON_TIME
RP0005457,LN200777,3,2026-07-25,10140.33,2026-07-22,10140.33,PAID_ON_TIME
RP0005458,LN200778,1,2026-06-18,18713.42,2026-06-21,18713.42,PAID_ON_TIME
RP0005459,LN200778,2,2026-07-18,18713.42,2026-07-20,18713.42,PAID_ON_TIME
RP0005460,LN200778,3,2026-08-18,18713.42,2026-08-15,18713.42,PAID_ON_TIME
RP0005461,LN200779,1,2026-04-22,34068.5,2026-06-13,34068.5,PAID_LATE
RP0005462,LN200779,2,2026-05-22,34068.5,2026-05-26,34068.5,PAID_ON_TIME
RP0005463,LN200779,3,2026-06-22,34068.5,2026-06-21,34068.5,PAID_ON_TIME
RP0005464,LN200779,4,2026-07-22,34068.5,2026-07-20,34068.5,PAID_ON_TIME
RP0005465,LN200779,5,2026-08-22,34068.5,2026-08-20,34068.5,PAID_ON_TIME
RP0005466,LN200779,6,2026-09-22,34068.5,,0.0,NOT_DUE
RP0005467,LN200781,1,2025-10-10,2148.67,2025-10-13,2148.67,PAID_ON_TIME
RP0005468,LN200781,2,2025-11-10,2148.67,2025-11-07,2148.67,PAID_ON_TIME
RP0005469,LN200781,3,2025-12-10,2148.67,2025-12-11,2148.67,PAID_ON_TIME
RP0005470,LN200781,4,2026-01-10,2148.67,2026-01-09,2148.67,PAID_ON_TIME
RP0005471,LN200781,5,2026-02-10,2148.67,2026-05-03,2148.67,PAID_LATE
RP0005472,LN200781,6,2026-03-10,2148.67,2026-03-08,2148.67,PAID_ON_TIME
RP0005473,LN200781,7,2026-04-10,2148.67,2026-04-09,2148.67,PAID_ON_TIME
RP0005474,LN200781,8,2026-05-10,2148.67,2026-05-13,2148.67,PAID_ON_TIME
RP0005475,LN200781,9,2026-06-10,2148.67,2026-06-07,2148.67,PAID_ON_TIME
RP0005476,LN200781,10,2026-07-10,2148.67,2026-07-08,2148.67,PAID_ON_TIME
RP0005477,LN200781,11,2026-08-10,2148.67,2026-08-10,2148.67,PAID_ON_TIME
RP0005478,LN200781,12,2026-09-10,2148.67,,0.0,NOT_DUE
RP0005479,LN200782,1,2025-07-17,8262.0,2025-08-05,8262.0,PAID_LATE
RP0005480,LN200782,2,2025-08-17,8262.0,2025-08-18,8262.0,PAID_ON_TIME
RP0005481,LN200782,3,2025-09-17,8262.0,2025-09-15,8262.0,PAID_ON_TIME
RP0005482,LN200783,1,2025-06-14,7008.28,2025-07-31,7008.28,PAID_LATE
RP0005483,LN200783,2,2025-07-14,7008.28,2025-07-11,7008.28,PAID_ON_TIME
RP0005484,LN200783,3,2025-08-14,7008.28,2025-08-17,7008.28,PAID_ON_TIME
RP0005485,LN200783,4,2025-09-14,7008.28,,0.0,UNPAID
RP0005486,LN200783,5,2025-10-14,7008.28,2025-10-14,7008.28,PAID_ON_TIME
RP0005487,LN200783,6,2025-11-14,7008.28,2025-11-13,7008.28,PAID_ON_TIME
RP0005488,LN200783,7,2025-12-14,7008.28,2025-12-11,7008.28,PAID_ON_TIME
RP0005489,LN200783,8,2026-01-14,7008.28,2026-01-17,7008.28,PAID_ON_TIME
RP0005490,LN200783,9,2026-02-14,7008.28,2026-02-11,7008.28,PAID_ON_TIME
RP0005491,LN200783,10,2026-03-14,7008.28,2026-03-18,7008.28,PAID_ON_TIME
RP0005492,LN200783,11,2026-04-14,7008.28,2026-04-17,7008.28,PAID_ON_TIME
RP0005493,LN200783,12,2026-05-14,7008.28,2026-05-15,7008.28,PAID_ON_TIME
RP0005494,LN200783,13,2026-06-14,7008.28,2026-06-16,7008.28,PAID_ON_TIME
RP0005495,LN200783,14,2026-07-14,7008.28,2026-08-01,7008.28,PAID_LATE
RP0005496,LN200783,15,2026-08-14,7008.28,2026-08-12,7008.28,PAID_ON_TIME
RP0005497,LN200783,16,2026-09-14,7008.28,,0.0,NOT_DUE
RP0005498,LN200783,17,2026-10-14,7008.28,,0.0,NOT_DUE
RP0005499,LN200783,18,2026-11-14,7008.28,,0.0,NOT_DUE
RP0005500,LN200784,1,2025-11-11,11431.56,2026-01-23,11431.56,PAID_LATE
RP0005501,LN200784,2,2025-12-11,11431.56,2025-12-14,11431.56,PAID_ON_TIME
RP0005502,LN200784,3,2026-01-11,11431.56,2026-01-08,11431.56,PAID_ON_TIME
RP0005503,LN200784,4,2026-02-11,11431.56,2026-02-11,11431.56,PAID_ON_TIME
RP0005504,LN200784,5,2026-03-11,11431.56,,0.0,UNPAID
RP0005505,LN200784,6,2026-04-11,11431.56,,0.0,UNPAID
RP0005506,LN200784,7,2026-05-11,11431.56,2026-05-12,11431.56,PAID_ON_TIME
RP0005507,LN200784,8,2026-06-11,11431.56,2026-06-08,11431.56,PAID_ON_TIME
RP0005508,LN200784,9,2026-07-11,11431.56,2026-07-08,11431.56,PAID_ON_TIME
RP0005509,LN200785,1,2026-08-07,4737.5,,0.0,UNPAID
RP0005510,LN200785,2,2026-09-07,4737.5,,0.0,NOT_DUE
RP0005511,LN200785,3,2026-10-07,4737.5,,0.0,NOT_DUE
RP0005512,LN200785,4,2026-11-07,4737.5,,0.0,NOT_DUE
RP0005513,LN200785,5,2026-12-07,4737.5,,0.0,NOT_DUE
RP0005514,LN200785,6,2027-01-07,4737.5,,0.0,NOT_DUE
RP0005515,LN200785,7,2027-02-07,4737.5,,0.0,NOT_DUE
RP0005516,LN200785,8,2027-03-07,4737.5,,0.0,NOT_DUE
RP0005517,LN200785,9,2027-04-07,4737.5,,0.0,NOT_DUE
RP0005518,LN200785,10,2027-05-07,4737.5,,0.0,NOT_DUE
RP0005519,LN200785,11,2027-06-07,4737.5,,0.0,NOT_DUE
RP0005520,LN200785,12,2027-07-07,4737.5,,0.0,NOT_DUE
RP0005521,LN200786,1,2026-04-19,7256.67,2026-04-20,7256.67,PAID_ON_TIME
RP0005522,LN200786,2,2026-05-19,7256.67,2026-05-23,7256.67,PAID_ON_TIME
RP0005523,LN200786,3,2026-06-19,7256.67,2026-06-19,7256.67,PAID_ON_TIME
RP0005524,LN200786,4,2026-07-19,7256.67,2026-07-21,7256.67,PAID_ON_TIME
RP0005525,LN200786,5,2026-08-19,7256.67,2026-08-19,7256.67,PAID_ON_TIME
RP0005526,LN200786,6,2026-09-19,7256.67,,0.0,NOT_DUE
RP0005527,LN200787,1,2026-08-10,4721.17,,0.0,UNPAID
RP0005528,LN200787,2,2026-09-10,4721.17,,0.0,NOT_DUE
RP0005529,LN200787,3,2026-10-10,4721.17,,0.0,NOT_DUE
RP0005530,LN200787,4,2026-11-10,4721.17,,0.0,NOT_DUE
RP0005531,LN200787,5,2026-12-10,4721.17,,0.0,NOT_DUE
RP0005532,LN200787,6,2027-01-10,4721.17,,0.0,NOT_DUE
RP0005533,LN200788,1,2026-05-02,6199.86,2026-05-05,6199.86,PAID_ON_TIME
RP0005534,LN200788,2,2026-06-02,6199.86,2026-06-01,6199.86,PAID_ON_TIME
RP0005535,LN200788,3,2026-07-02,6199.86,2026-07-03,6199.86,PAID_ON_TIME
RP0005536,LN200788,4,2026-08-02,6199.86,2026-08-06,6199.86,PAID_ON_TIME
RP0005537,LN200788,5,2026-09-02,6199.86,,0.0,NOT_DUE
RP0005538,LN200788,6,2026-10-02,6199.86,,0.0,NOT_DUE
RP0005539,LN200788,7,2026-11-02,6199.86,,0.0,NOT_DUE
RP0005540,LN200788,8,2026-12-02,6199.86,,0.0,NOT_DUE
RP0005541,LN200788,9,2027-01-02,6199.86,,0.0,NOT_DUE
RP0005542,LN200789,1,2026-08-25,3245.0,2026-08-29,3245.0,PAID_ON_TIME
RP0005543,LN200789,2,2026-09-25,3245.0,,0.0,NOT_DUE
RP0005544,LN200789,3,2026-10-25,3245.0,,0.0,NOT_DUE
RP0005545,LN200789,4,2026-11-25,3245.0,,0.0,NOT_DUE
RP0005546,LN200789,5,2026-12-25,3245.0,,0.0,NOT_DUE
RP0005547,LN200789,6,2027-01-25,3245.0,,0.0,NOT_DUE
RP0005548,LN200789,7,2027-02-25,3245.0,,0.0,NOT_DUE
RP0005549,LN200789,8,2027-03-25,3245.0,,0.0,NOT_DUE
RP0005550,LN200789,9,2027-04-25,3245.0,,0.0,NOT_DUE
RP0005551,LN200789,10,2027-05-25,3245.0,,0.0,NOT_DUE
RP0005552,LN200789,11,2027-06-25,3245.0,,0.0,NOT_DUE
RP0005553,LN200789,12,2027-07-25,3245.0,,0.0,NOT_DUE
RP0005554,LN200790,1,2026-08-12,5908.44,2026-08-09,5908.44,PAID_ON_TIME
RP0005555,LN200790,2,2026-09-12,5908.44,,0.0,NOT_DUE
RP0005556,LN200790,3,2026-10-12,5908.44,,0.0,NOT_DUE
RP0005557,LN200790,4,2026-11-12,5908.44,,0.0,NOT_DUE
RP0005558,LN200790,5,2026-12-12,5908.44,,0.0,NOT_DUE
RP0005559,LN200790,6,2027-01-12,5908.44,,0.0,NOT_DUE
RP0005560,LN200790,7,2027-02-12,5908.44,,0.0,NOT_DUE
RP0005561,LN200790,8,2027-03-12,5908.44,,0.0,NOT_DUE
RP0005562,LN200790,9,2027-04-12,5908.44,,0.0,NOT_DUE
RP0005563,LN200792,1,2026-02-18,33343.75,2026-02-21,33343.75,PAID_ON_TIME
RP0005564,LN200792,2,2026-03-18,33343.75,2026-03-18,33343.75,PAID_ON_TIME
RP0005565,LN200792,3,2026-04-18,33343.75,2026-04-15,33343.75,PAID_ON_TIME
RP0005566,LN200793,1,2026-08-31,120230.5,2026-08-29,120230.5,PAID_ON_TIME
RP0005567,LN200793,2,2026-09-30,120230.5,,0.0,NOT_DUE
RP0005568,LN200793,3,2026-10-31,120230.5,,0.0,NOT_DUE
RP0005569,LN200794,1,2026-05-01,20625.42,2026-05-02,20625.42,PAID_ON_TIME
RP0005570,LN200794,2,2026-06-01,20625.42,2026-06-02,20625.42,PAID_ON_TIME
RP0005571,LN200794,3,2026-07-01,20625.42,2026-07-05,20625.42,PAID_ON_TIME
RP0005572,LN200795,1,2026-07-03,21333.0,,0.0,UNPAID
RP0005573,LN200795,2,2026-08-03,21333.0,2026-07-31,21333.0,PAID_ON_TIME
RP0005574,LN200795,3,2026-09-03,21333.0,,0.0,NOT_DUE
RP0005575,LN200795,4,2026-10-03,21333.0,,0.0,NOT_DUE
RP0005576,LN200795,5,2026-11-03,21333.0,,0.0,NOT_DUE
RP0005577,LN200795,6,2026-12-03,21333.0,,0.0,NOT_DUE
RP0005578,LN200796,1,2026-08-27,48753.33,2026-08-31,48753.33,PAID_ON_TIME
RP0005579,LN200796,2,2026-09-27,48753.33,,0.0,NOT_DUE
RP0005580,LN200796,3,2026-10-27,48753.33,,0.0,NOT_DUE
RP0005581,LN200797,1,2025-07-10,7006.67,2025-07-12,7006.67,PAID_ON_TIME
RP0005582,LN200797,2,2025-08-10,7006.67,2025-08-11,7006.67,PAID_ON_TIME
RP0005583,LN200797,3,2025-09-10,7006.67,2025-10-11,7006.67,PAID_LATE
RP0005584,LN200798,1,2026-06-05,3337.39,2026-08-10,3337.39,PAID_LATE
RP0005585,LN200798,2,2026-07-05,3337.39,2026-07-07,3337.39,PAID_ON_TIME
RP0005586,LN200798,3,2026-08-05,3337.39,,0.0,UNPAID
RP0005587,LN200798,4,2026-09-05,3337.39,,0.0,NOT_DUE
RP0005588,LN200798,5,2026-10-05,3337.39,,0.0,NOT_DUE
RP0005589,LN200798,6,2026-11-05,3337.39,,0.0,NOT_DUE
RP0005590,LN200798,7,2026-12-05,3337.39,,0.0,NOT_DUE
RP0005591,LN200798,8,2027-01-05,3337.39,,0.0,NOT_DUE
RP0005592,LN200798,9,2027-02-05,3337.39,,0.0,NOT_DUE
RP0005593,LN200799,1,2026-04-03,48780.0,2026-04-06,48780.0,PAID_ON_TIME
RP0005594,LN200799,2,2026-05-03,48780.0,2026-05-06,48780.0,PAID_ON_TIME
RP0005595,LN200799,3,2026-06-03,48780.0,2026-06-04,48780.0,PAID_ON_TIME
RP0005596,LN200799,4,2026-07-03,48780.0,2026-07-06,48780.0,PAID_ON_TIME
RP0005597,LN200799,5,2026-08-03,48780.0,2026-08-04,48780.0,PAID_ON_TIME
RP0005598,LN200799,6,2026-09-03,48780.0,,0.0,NOT_DUE
RP0005599,LN200800,1,2025-07-09,12504.0,2025-07-10,12504.0,PAID_ON_TIME
RP0005600,LN200800,2,2025-08-09,12504.0,2025-08-10,12504.0,PAID_ON_TIME
RP0005601,LN200800,3,2025-09-09,12504.0,2025-09-13,12504.0,PAID_ON_TIME
RP0005602,LN200801,1,2025-07-23,29941.17,2025-07-22,29941.17,PAID_ON_TIME
RP0005603,LN200801,2,2025-08-23,29941.17,2025-08-27,29941.17,PAID_ON_TIME
RP0005604,LN200801,3,2025-09-23,29941.17,2025-09-27,29941.17,PAID_ON_TIME
RP0005605,LN200801,4,2025-10-23,29941.17,2025-10-22,29941.17,PAID_ON_TIME
RP0005606,LN200801,5,2025-11-23,29941.17,2025-11-24,29941.17,PAID_ON_TIME
RP0005607,LN200801,6,2025-12-23,29941.17,2025-12-26,29941.17,PAID_ON_TIME
RP0005608,LN200802,1,2025-09-13,12232.56,2025-09-14,12232.56,PAID_ON_TIME
RP0005609,LN200802,2,2025-10-13,12232.56,2025-10-16,12232.56,PAID_ON_TIME
RP0005610,LN200802,3,2025-11-13,12232.56,2026-03-12,12232.56,PAID_LATE
RP0005611,LN200802,4,2025-12-13,12232.56,,0.0,UNPAID
RP0005612,LN200802,5,2026-01-13,12232.56,2026-01-13,12232.56,PAID_ON_TIME
RP0005613,LN200802,6,2026-02-13,12232.56,2026-05-12,12232.56,PAID_LATE
RP0005614,LN200802,7,2026-03-13,12232.56,2026-03-16,12232.56,PAID_ON_TIME
RP0005615,LN200802,8,2026-04-13,12232.56,2026-04-14,12232.56,PAID_ON_TIME
RP0005616,LN200802,9,2026-05-13,12232.56,2026-05-12,12232.56,PAID_ON_TIME
RP0005617,LN200802,10,2026-06-13,12232.56,2026-06-11,12232.56,PAID_ON_TIME
RP0005618,LN200802,11,2026-07-13,12232.56,2026-07-12,12232.56,PAID_ON_TIME
RP0005619,LN200802,12,2026-08-13,12232.56,2026-08-14,12232.56,PAID_ON_TIME
RP0005620,LN200802,13,2026-09-13,12232.56,,0.0,NOT_DUE
RP0005621,LN200802,14,2026-10-13,12232.56,,0.0,NOT_DUE
RP0005622,LN200802,15,2026-11-13,12232.56,,0.0,NOT_DUE
RP0005623,LN200802,16,2026-12-13,12232.56,,0.0,NOT_DUE
RP0005624,LN200802,17,2027-01-13,12232.56,,0.0,NOT_DUE
RP0005625,LN200802,18,2027-02-13,12232.56,,0.0,NOT_DUE
RP0005626,LN200803,1,2026-04-01,32930.0,2026-04-05,32930.0,PAID_ON_TIME
RP0005627,LN200803,2,2026-05-01,32930.0,2026-05-04,32930.0,PAID_ON_TIME
RP0005628,LN200803,3,2026-06-01,32930.0,2026-07-31,32930.0,PAID_LATE
RP0005629,LN200803,4,2026-07-01,32930.0,2026-07-03,32930.0,PAID_ON_TIME
RP0005630,LN200803,5,2026-08-01,32930.0,2026-08-02,32930.0,PAID_ON_TIME
RP0005631,LN200803,6,2026-09-01,32930.0,2026-09-01,32930.0,PAID_ON_TIME
RP0005632,LN200804,1,2025-02-13,36635.0,2025-02-10,36635.0,PAID_ON_TIME
RP0005633,LN200804,2,2025-03-13,36635.0,2025-03-10,36635.0,PAID_ON_TIME
RP0005634,LN200804,3,2025-04-13,36635.0,2025-04-10,36635.0,PAID_ON_TIME
RP0005635,LN200804,4,2025-05-13,36635.0,2025-07-30,36635.0,PAID_LATE
RP0005636,LN200804,5,2025-06-13,36635.0,2025-08-05,36635.0,PAID_LATE
RP0005637,LN200804,6,2025-07-13,36635.0,2025-07-15,36635.0,PAID_ON_TIME
RP0005638,LN200805,1,2026-03-19,14517.28,2026-05-14,14517.28,PAID_LATE
RP0005639,LN200805,2,2026-04-19,14517.28,2026-04-16,14517.28,PAID_ON_TIME
RP0005640,LN200805,3,2026-05-19,14517.28,2026-05-20,14517.28,PAID_ON_TIME
RP0005641,LN200805,4,2026-06-19,14517.28,2026-08-16,14517.28,PAID_LATE
RP0005642,LN200805,5,2026-07-19,14517.28,2026-08-31,14517.28,PAID_LATE
RP0005643,LN200805,6,2026-08-19,14517.28,2026-08-21,14517.28,PAID_ON_TIME
RP0005644,LN200805,7,2026-09-19,14517.28,,0.0,NOT_DUE
RP0005645,LN200805,8,2026-10-19,14517.28,,0.0,NOT_DUE
RP0005646,LN200805,9,2026-11-19,14517.28,,0.0,NOT_DUE
RP0005647,LN200806,1,2025-04-16,1849.31,2025-07-25,1849.31,PAID_LATE
RP0005648,LN200806,2,2025-05-16,1849.31,2025-06-23,1849.31,PAID_LATE
RP0005649,LN200806,3,2025-06-16,1849.31,2025-06-16,1849.31,PAID_ON_TIME
RP0005650,LN200806,4,2025-07-16,1849.31,2025-07-18,1849.31,PAID_LATE
RP0005651,LN200806,5,2025-08-16,1849.31,2025-08-15,1849.31,PAID_ON_TIME
RP0005652,LN200806,6,2025-09-16,1849.31,2025-10-03,1849.31,PAID_LATE
RP0005653,LN200806,7,2025-10-16,1849.31,2025-12-25,1849.31,PAID_LATE
RP0005654,LN200806,8,2025-11-16,1849.31,2025-11-18,1849.31,PAID_ON_TIME
RP0005655,LN200806,9,2025-12-16,1849.31,2025-12-19,1849.31,PAID_ON_TIME
RP0005656,LN200806,10,2026-01-16,1849.31,2026-01-18,1849.31,PAID_ON_TIME
RP0005657,LN200806,11,2026-02-16,1849.31,2026-05-10,1849.31,PAID_LATE
RP0005658,LN200806,12,2026-03-16,1849.31,2026-03-19,1849.31,PAID_ON_TIME
RP0005659,LN200806,13,2026-04-16,1849.31,2026-04-18,1849.31,PAID_ON_TIME
RP0005660,LN200806,14,2026-05-16,1849.31,2026-05-13,1849.31,PAID_ON_TIME
RP0005661,LN200806,15,2026-06-16,1849.31,2026-06-17,1849.31,PAID_ON_TIME
RP0005662,LN200806,16,2026-07-16,1849.31,,0.0,UNPAID
RP0005663,LN200806,17,2026-08-16,1849.31,2026-08-20,1849.31,PAID_ON_TIME
RP0005664,LN200806,18,2026-09-16,1849.31,,0.0,NOT_DUE
RP0005665,LN200807,1,2026-08-18,10567.5,2026-08-20,10567.5,PAID_ON_TIME
RP0005666,LN200807,2,2026-09-18,10567.5,,0.0,NOT_DUE
RP0005667,LN200807,3,2026-10-18,10567.5,,0.0,NOT_DUE
RP0005668,LN200808,1,2025-11-16,4320.17,2025-11-13,4320.17,PAID_ON_TIME
RP0005669,LN200808,2,2025-12-16,4320.17,2025-12-14,4320.17,PAID_ON_TIME
RP0005670,LN200808,3,2026-01-16,4320.17,2026-01-18,4320.17,PAID_ON_TIME
RP0005671,LN200808,4,2026-02-16,4320.17,2026-02-14,4320.17,PAID_ON_TIME
RP0005672,LN200808,5,2026-03-16,4320.17,2026-03-20,4320.17,PAID_ON_TIME
RP0005673,LN200808,6,2026-04-16,4320.17,2026-04-20,4320.17,PAID_ON_TIME
RP0005674,LN200808,7,2026-05-16,4320.17,2026-05-20,4320.17,PAID_ON_TIME
RP0005675,LN200808,8,2026-06-16,4320.17,2026-06-13,4320.17,PAID_ON_TIME
RP0005676,LN200808,9,2026-07-16,4320.17,2026-07-15,4320.17,PAID_ON_TIME
RP0005677,LN200808,10,2026-08-16,4320.17,2026-08-19,4320.17,PAID_ON_TIME
RP0005678,LN200808,11,2026-09-16,4320.17,,0.0,NOT_DUE
RP0005679,LN200808,12,2026-10-16,4320.17,,0.0,NOT_DUE
RP0005680,LN200809,1,2026-02-20,5276.61,2026-02-17,5276.61,PAID_ON_TIME
RP0005681,LN200809,2,2026-03-20,5276.61,2026-03-20,5276.61,PAID_ON_TIME
RP0005682,LN200809,3,2026-04-20,5276.61,2026-04-19,5276.61,PAID_ON_TIME
RP0005683,LN200809,4,2026-05-20,5276.61,2026-05-23,5276.61,PAID_ON_TIME
RP0005684,LN200809,5,2026-06-20,5276.61,2026-06-22,5276.61,PAID_ON_TIME
RP0005685,LN200809,6,2026-07-20,5276.61,2026-07-19,5276.61,PAID_ON_TIME
RP0005686,LN200809,7,2026-08-20,5276.61,2026-08-17,5276.61,PAID_ON_TIME
RP0005687,LN200809,8,2026-09-20,5276.61,,0.0,NOT_DUE
RP0005688,LN200809,9,2026-10-20,5276.61,,0.0,NOT_DUE
RP0005689,LN200809,10,2026-11-20,5276.61,,0.0,NOT_DUE
RP0005690,LN200809,11,2026-12-20,5276.61,,0.0,NOT_DUE
RP0005691,LN200809,12,2027-01-20,5276.61,,0.0,NOT_DUE
RP0005692,LN200809,13,2027-02-20,5276.61,,0.0,NOT_DUE
RP0005693,LN200809,14,2027-03-20,5276.61,,0.0,NOT_DUE
RP0005694,LN200809,15,2027-04-20,5276.61,,0.0,NOT_DUE
RP0005695,LN200809,16,2027-05-20,5276.61,,0.0,NOT_DUE
RP0005696,LN200809,17,2027-06-20,5276.61,,0.0,NOT_DUE
RP0005697,LN200809,18,2027-07-20,5276.61,,0.0,NOT_DUE
RP0005698,LN200810,1,2026-01-20,8265.0,2026-01-22,8265.0,PAID_ON_TIME
RP0005699,LN200810,2,2026-02-20,8265.0,2026-02-22,8265.0,PAID_ON_TIME
RP0005700,LN200810,3,2026-03-20,8265.0,2026-03-21,8265.0,PAID_ON_TIME
RP0005701,LN200810,4,2026-04-20,8265.0,2026-06-05,8265.0,PAID_LATE
RP0005702,LN200810,5,2026-05-20,8265.0,2026-05-20,8265.0,PAID_ON_TIME
RP0005703,LN200810,6,2026-06-20,8265.0,2026-06-19,8265.0,PAID_ON_TIME
RP0005704,LN200811,1,2026-06-13,8072.06,2026-06-17,8072.06,PAID_ON_TIME
RP0005705,LN200811,2,2026-07-13,8072.06,2026-07-10,8072.06,PAID_ON_TIME
RP0005706,LN200811,3,2026-08-13,8072.06,2026-08-17,8072.06,PAID_ON_TIME
RP0005707,LN200811,4,2026-09-13,8072.06,,0.0,NOT_DUE
RP0005708,LN200811,5,2026-10-13,8072.06,,0.0,NOT_DUE
RP0005709,LN200811,6,2026-11-13,8072.06,,0.0,NOT_DUE
RP0005710,LN200811,7,2026-12-13,8072.06,,0.0,NOT_DUE
RP0005711,LN200811,8,2027-01-13,8072.06,,0.0,NOT_DUE
RP0005712,LN200811,9,2027-02-13,8072.06,,0.0,NOT_DUE
RP0005713,LN200811,10,2027-03-13,8072.06,,0.0,NOT_DUE
RP0005714,LN200811,11,2027-04-13,8072.06,,0.0,NOT_DUE
RP0005715,LN200811,12,2027-05-13,8072.06,,0.0,NOT_DUE
RP0005716,LN200811,13,2027-06-13,8072.06,,0.0,NOT_DUE
RP0005717,LN200811,14,2027-07-13,8072.06,,0.0,NOT_DUE
RP0005718,LN200811,15,2027-08-13,8072.06,,0.0,NOT_DUE
RP0005719,LN200811,16,2027-09-13,8072.06,,0.0,NOT_DUE
RP0005720,LN200811,17,2027-10-13,8072.06,,0.0,NOT_DUE
RP0005721,LN200811,18,2027-11-13,8072.06,,0.0,NOT_DUE
RP0005722,LN200812,1,2025-09-19,13572.83,2025-09-20,13572.83,PAID_ON_TIME
RP0005723,LN200812,2,2025-10-19,13572.83,2025-10-23,13572.83,PAID_ON_TIME
RP0005724,LN200812,3,2025-11-19,13572.83,2025-11-23,13572.83,PAID_ON_TIME
RP0005725,LN200812,4,2025-12-19,13572.83,2025-12-20,13572.83,PAID_ON_TIME
RP0005726,LN200812,5,2026-01-19,13572.83,2026-01-20,13572.83,PAID_ON_TIME
RP0005727,LN200812,6,2026-02-19,13572.83,2026-02-21,13572.83,PAID_ON_TIME
RP0005728,LN200812,7,2026-03-19,13572.83,2026-03-18,13572.83,PAID_ON_TIME
RP0005729,LN200812,8,2026-04-19,13572.83,2026-04-21,13572.83,PAID_ON_TIME
RP0005730,LN200812,9,2026-05-19,13572.83,2026-05-17,13572.83,PAID_ON_TIME
RP0005731,LN200812,10,2026-06-19,13572.83,2026-06-16,13572.83,PAID_ON_TIME
RP0005732,LN200812,11,2026-07-19,13572.83,2026-07-20,13572.83,PAID_ON_TIME
RP0005733,LN200812,12,2026-08-19,13572.83,2026-08-23,13572.83,PAID_ON_TIME
RP0005734,LN200813,1,2025-11-29,50724.0,2025-11-28,50724.0,PAID_ON_TIME
RP0005735,LN200813,2,2025-12-29,50724.0,2025-12-29,50724.0,PAID_ON_TIME
RP0005736,LN200813,3,2026-01-29,50724.0,2026-01-29,50724.0,PAID_ON_TIME
RP0005737,LN200814,1,2026-03-07,81414.08,2026-03-11,81414.08,PAID_ON_TIME
RP0005738,LN200814,2,2026-04-07,81414.08,2026-04-09,81414.08,PAID_ON_TIME
RP0005739,LN200814,3,2026-05-07,81414.08,2026-06-04,81414.08,PAID_LATE
RP0005740,LN200815,1,2026-06-18,22627.0,2026-06-17,22627.0,PAID_ON_TIME
RP0005741,LN200815,2,2026-07-18,22627.0,2026-07-17,22627.0,PAID_ON_TIME
RP0005742,LN200815,3,2026-08-18,22627.0,2026-08-18,22627.0,PAID_ON_TIME
RP0005743,LN200815,4,2026-09-18,22627.0,,0.0,NOT_DUE
RP0005744,LN200815,5,2026-10-18,22627.0,,0.0,NOT_DUE
RP0005745,LN200815,6,2026-11-18,22627.0,,0.0,NOT_DUE
RP0005746,LN200815,7,2026-12-18,22627.0,,0.0,NOT_DUE
RP0005747,LN200815,8,2027-01-18,22627.0,,0.0,NOT_DUE
RP0005748,LN200815,9,2027-02-18,22627.0,,0.0,NOT_DUE
RP0005749,LN200815,10,2027-03-18,22627.0,,0.0,NOT_DUE
RP0005750,LN200815,11,2027-04-18,22627.0,,0.0,NOT_DUE
RP0005751,LN200815,12,2027-05-18,22627.0,,0.0,NOT_DUE
RP0005752,LN200816,1,2026-08-05,9055.28,,0.0,UNPAID
RP0005753,LN200816,2,2026-09-05,9055.28,,0.0,NOT_DUE
RP0005754,LN200816,3,2026-10-05,9055.28,,0.0,NOT_DUE
RP0005755,LN200816,4,2026-11-05,9055.28,,0.0,NOT_DUE
RP0005756,LN200816,5,2026-12-05,9055.28,,0.0,NOT_DUE
RP0005757,LN200816,6,2027-01-05,9055.28,,0.0,NOT_DUE
RP0005758,LN200816,7,2027-02-05,9055.28,,0.0,NOT_DUE
RP0005759,LN200816,8,2027-03-05,9055.28,,0.0,NOT_DUE
RP0005760,LN200816,9,2027-04-05,9055.28,,0.0,NOT_DUE
RP0005761,LN200818,1,2026-06-13,3447.75,2026-06-17,3447.75,PAID_ON_TIME
RP0005762,LN200818,2,2026-07-13,3447.75,2026-07-14,3447.75,PAID_ON_TIME
RP0005763,LN200818,3,2026-08-13,3447.75,2026-08-11,3447.75,PAID_ON_TIME
RP0005764,LN200818,4,2026-09-13,3447.75,,0.0,NOT_DUE
RP0005765,LN200818,5,2026-10-13,3447.75,,0.0,NOT_DUE
RP0005766,LN200818,6,2026-11-13,3447.75,,0.0,NOT_DUE
RP0005767,LN200818,7,2026-12-13,3447.75,,0.0,NOT_DUE
RP0005768,LN200818,8,2027-01-13,3447.75,,0.0,NOT_DUE
RP0005769,LN200818,9,2027-02-13,3447.75,,0.0,NOT_DUE
RP0005770,LN200819,1,2025-10-08,30279.33,2025-10-13,30279.33,PAID_LATE
RP0005771,LN200819,2,2025-11-08,30279.33,2025-11-10,30279.33,PAID_ON_TIME
RP0005772,LN200819,3,2025-12-08,30279.33,2025-12-09,30279.33,PAID_ON_TIME
RP0005773,LN200820,1,2026-08-10,20764.0,2026-08-11,20764.0,PAID_ON_TIME
RP0005774,LN200820,2,2026-09-10,20764.0,,0.0,NOT_DUE
RP0005775,LN200820,3,2026-10-10,20764.0,,0.0,NOT_DUE
RP0005776,LN200820,4,2026-11-10,20764.0,,0.0,NOT_DUE
RP0005777,LN200820,5,2026-12-10,20764.0,,0.0,NOT_DUE
RP0005778,LN200820,6,2027-01-10,20764.0,,0.0,NOT_DUE
RP0005779,LN200821,1,2025-02-12,13716.08,2025-05-16,13716.08,PAID_LATE
RP0005780,LN200821,2,2025-03-12,13716.08,,0.0,UNPAID
RP0005781,LN200821,3,2025-04-12,13716.08,2025-04-16,13716.08,PAID_ON_TIME
RP0005782,LN200821,4,2025-05-12,13716.08,2025-08-06,13716.08,PAID_LATE
RP0005783,LN200821,5,2025-06-12,13716.08,2025-06-09,13716.08,PAID_ON_TIME
RP0005784,LN200821,6,2025-07-12,13716.08,2025-07-11,13716.08,PAID_ON_TIME
RP0005785,LN200821,7,2025-08-12,13716.08,2025-08-13,13716.08,PAID_ON_TIME
RP0005786,LN200821,8,2025-09-12,13716.08,,0.0,UNPAID
RP0005787,LN200821,9,2025-10-12,13716.08,2025-10-10,13716.08,PAID_ON_TIME
RP0005788,LN200821,10,2025-11-12,13716.08,2025-11-14,13716.08,PAID_ON_TIME
RP0005789,LN200821,11,2025-12-12,13716.08,2025-12-16,13716.08,PAID_ON_TIME
RP0005790,LN200821,12,2026-01-12,13716.08,2026-01-15,13716.08,PAID_ON_TIME
RP0005791,LN200822,1,2025-11-29,22464.0,2025-11-30,22464.0,PAID_ON_TIME
RP0005792,LN200822,2,2025-12-29,22464.0,2026-03-05,22464.0,PAID_LATE
RP0005793,LN200822,3,2026-01-29,22464.0,2026-02-02,22464.0,PAID_ON_TIME
RP0005794,LN200823,1,2025-07-28,66654.0,2025-07-31,66654.0,PAID_ON_TIME
RP0005795,LN200823,2,2025-08-28,66654.0,2025-09-01,66654.0,PAID_LATE
RP0005796,LN200823,3,2025-09-28,66654.0,2025-11-05,66654.0,PAID_LATE
RP0005797,LN200824,1,2025-12-30,57078.0,2026-03-28,57078.0,PAID_LATE
RP0005798,LN200824,2,2026-01-30,57078.0,,0.0,UNPAID
RP0005799,LN200824,3,2026-02-28,57078.0,,0.0,UNPAID
RP0005800,LN200825,1,2026-05-11,8371.56,2026-05-09,8371.56,PAID_ON_TIME
RP0005801,LN200825,2,2026-06-11,8371.56,2026-06-12,8371.56,PAID_ON_TIME
RP0005802,LN200825,3,2026-07-11,8371.56,2026-07-15,8371.56,PAID_ON_TIME
RP0005803,LN200825,4,2026-08-11,8371.56,2026-08-14,8371.56,PAID_ON_TIME
RP0005804,LN200825,5,2026-09-11,8371.56,,0.0,NOT_DUE
RP0005805,LN200825,6,2026-10-11,8371.56,,0.0,NOT_DUE
RP0005806,LN200825,7,2026-11-11,8371.56,,0.0,NOT_DUE
RP0005807,LN200825,8,2026-12-11,8371.56,,0.0,NOT_DUE
RP0005808,LN200825,9,2027-01-11,8371.56,,0.0,NOT_DUE
RP0005809,LN200826,1,2026-04-29,3560.0,2026-04-29,3560.0,PAID_ON_TIME
RP0005810,LN200826,2,2026-05-29,3560.0,2026-05-31,3560.0,PAID_ON_TIME
RP0005811,LN200826,3,2026-06-29,3560.0,2026-06-28,3560.0,PAID_ON_TIME
RP0005812,LN200826,4,2026-07-29,3560.0,,0.0,UNPAID
RP0005813,LN200826,5,2026-08-29,3560.0,2026-08-27,3560.0,PAID_ON_TIME
RP0005814,LN200826,6,2026-09-29,3560.0,,0.0,NOT_DUE
RP0005815,LN200827,1,2025-11-27,7011.67,,0.0,UNPAID
RP0005816,LN200827,2,2025-12-27,7011.67,2026-04-07,7011.67,PAID_LATE
RP0005817,LN200827,3,2026-01-27,7011.67,2026-03-02,7011.67,PAID_LATE
RP0005818,LN200828,1,2026-03-03,4887.78,2026-03-02,4887.78,PAID_ON_TIME
RP0005819,LN200828,2,2026-04-03,4887.78,2026-04-07,4887.78,PAID_ON_TIME
RP0005820,LN200828,3,2026-05-03,4887.78,2026-05-03,4887.78,PAID_ON_TIME
RP0005821,LN200828,4,2026-06-03,4887.78,2026-06-06,4887.78,PAID_ON_TIME
RP0005822,LN200828,5,2026-07-03,4887.78,2026-07-05,4887.78,PAID_ON_TIME
RP0005823,LN200828,6,2026-08-03,4887.78,,0.0,UNPAID
RP0005824,LN200828,7,2026-09-03,4887.78,,0.0,NOT_DUE
RP0005825,LN200828,8,2026-10-03,4887.78,,0.0,NOT_DUE
RP0005826,LN200828,9,2026-11-03,4887.78,,0.0,NOT_DUE
RP0005827,LN200829,1,2026-08-07,16269.83,2026-08-06,16269.83,PAID_ON_TIME
RP0005828,LN200829,2,2026-09-07,16269.83,,0.0,NOT_DUE
RP0005829,LN200829,3,2026-10-07,16269.83,,0.0,NOT_DUE
RP0005830,LN200830,1,2025-11-13,55037.0,2025-11-15,55037.0,PAID_ON_TIME
RP0005831,LN200830,2,2025-12-13,55037.0,2025-12-14,55037.0,PAID_ON_TIME
RP0005832,LN200830,3,2026-01-13,55037.0,2026-01-15,55037.0,PAID_ON_TIME
RP0005833,LN200830,4,2026-02-13,55037.0,2026-02-16,55037.0,PAID_ON_TIME
RP0005834,LN200830,5,2026-03-13,55037.0,2026-03-14,55037.0,PAID_ON_TIME
RP0005835,LN200830,6,2026-04-13,55037.0,2026-04-15,55037.0,PAID_ON_TIME
RP0005836,LN200830,7,2026-05-13,55037.0,2026-05-12,55037.0,PAID_ON_TIME
RP0005837,LN200830,8,2026-06-13,55037.0,2026-06-13,55037.0,PAID_ON_TIME
RP0005838,LN200830,9,2026-07-13,55037.0,2026-07-14,55037.0,PAID_ON_TIME
RP0005839,LN200830,10,2026-08-13,55037.0,2026-08-13,55037.0,PAID_ON_TIME
RP0005840,LN200830,11,2026-09-13,55037.0,,0.0,NOT_DUE
RP0005841,LN200830,12,2026-10-13,55037.0,,0.0,NOT_DUE
RP0005842,LN200831,1,2026-03-04,28515.67,,0.0,UNPAID
RP0005843,LN200831,2,2026-04-04,28515.67,2026-04-01,28515.67,PAID_ON_TIME
RP0005844,LN200831,3,2026-05-04,28515.67,2026-05-01,28515.67,PAID_ON_TIME
RP0005845,LN200831,4,2026-06-04,28515.67,2026-06-06,28515.67,PAID_ON_TIME
RP0005846,LN200831,5,2026-07-04,28515.67,2026-07-03,28515.67,PAID_ON_TIME
RP0005847,LN200831,6,2026-08-04,28515.67,2026-08-04,28515.67,PAID_ON_TIME
RP0005848,LN200832,1,2026-06-19,102259.17,2026-06-23,102259.17,PAID_ON_TIME
RP0005849,LN200832,2,2026-07-19,102259.17,2026-07-23,102259.17,PAID_ON_TIME
RP0005850,LN200832,3,2026-08-19,102259.17,2026-08-19,102259.17,PAID_ON_TIME
RP0005851,LN200832,4,2026-09-19,102259.17,,0.0,NOT_DUE
RP0005852,LN200832,5,2026-10-19,102259.17,,0.0,NOT_DUE
RP0005853,LN200832,6,2026-11-19,102259.17,,0.0,NOT_DUE
RP0005854,LN200833,1,2025-05-25,20625.42,2025-05-27,20625.42,PAID_ON_TIME
RP0005855,LN200833,2,2025-06-25,20625.42,2025-06-27,20625.42,PAID_ON_TIME
RP0005856,LN200833,3,2025-07-25,20625.42,2025-07-27,20625.42,PAID_ON_TIME
RP0005857,LN200834,1,2026-02-16,17689.0,2026-04-18,17689.0,PAID_LATE
RP0005858,LN200834,2,2026-03-16,17689.0,2026-03-19,17689.0,PAID_ON_TIME
RP0005859,LN200834,3,2026-04-16,17689.0,2026-04-18,17689.0,PAID_ON_TIME
RP0005860,LN200834,4,2026-05-16,17689.0,2026-05-13,17689.0,PAID_ON_TIME
RP0005861,LN200834,5,2026-06-16,17689.0,2026-06-15,17689.0,PAID_ON_TIME
RP0005862,LN200834,6,2026-07-16,17689.0,,0.0,UNPAID
RP0005863,LN200835,1,2026-03-02,4271.67,2026-06-29,4271.67,PAID_LATE
RP0005864,LN200835,2,2026-04-02,4271.67,2026-03-31,4271.67,PAID_ON_TIME
RP0005865,LN200835,3,2026-05-02,4271.67,2026-05-03,4271.67,PAID_ON_TIME
RP0005866,LN200835,4,2026-06-02,4271.67,2026-05-30,4271.67,PAID_ON_TIME
RP0005867,LN200835,5,2026-07-02,4271.67,2026-07-03,4271.67,PAID_ON_TIME
RP0005868,LN200835,6,2026-08-02,4271.67,2026-08-06,4271.67,PAID_ON_TIME
RP0005869,LN200835,7,2026-09-02,4271.67,,0.0,NOT_DUE
RP0005870,LN200835,8,2026-10-02,4271.67,,0.0,NOT_DUE
RP0005871,LN200835,9,2026-11-02,4271.67,,0.0,NOT_DUE
RP0005872,LN200836,1,2025-11-11,123932.25,2025-11-14,123932.25,PAID_ON_TIME
RP0005873,LN200836,2,2025-12-11,123932.25,2025-12-14,123932.25,PAID_ON_TIME
RP0005874,LN200836,3,2026-01-11,123932.25,2026-01-13,123932.25,PAID_ON_TIME
RP0005875,LN200837,1,2026-06-04,6454.22,2026-06-02,6454.22,PAID_ON_TIME
RP0005876,LN200837,2,2026-07-04,6454.22,2026-07-06,6454.22,PAID_ON_TIME
RP0005877,LN200837,3,2026-08-04,6454.22,2026-08-01,6454.22,PAID_ON_TIME
RP0005878,LN200837,4,2026-09-04,6454.22,,0.0,NOT_DUE
RP0005879,LN200837,5,2026-10-04,6454.22,,0.0,NOT_DUE
RP0005880,LN200837,6,2026-11-04,6454.22,,0.0,NOT_DUE
RP0005881,LN200837,7,2026-12-04,6454.22,,0.0,NOT_DUE
RP0005882,LN200837,8,2027-01-04,6454.22,,0.0,NOT_DUE
RP0005883,LN200837,9,2027-02-04,6454.22,,0.0,NOT_DUE
RP0005884,LN200839,1,2026-02-03,14687.44,2026-02-03,14687.44,PAID_ON_TIME
RP0005885,LN200839,2,2026-03-03,14687.44,2026-03-04,14687.44,PAID_ON_TIME
RP0005886,LN200839,3,2026-04-03,14687.44,2026-03-31,14687.44,PAID_ON_TIME
RP0005887,LN200839,4,2026-05-03,14687.44,2026-05-05,14687.44,PAID_ON_TIME
RP0005888,LN200839,5,2026-06-03,14687.44,,0.0,UNPAID
RP0005889,LN200839,6,2026-07-03,14687.44,2026-07-05,14687.44,PAID_ON_TIME
RP0005890,LN200839,7,2026-08-03,14687.44,2026-08-05,14687.44,PAID_ON_TIME
RP0005891,LN200839,8,2026-09-03,14687.44,,0.0,NOT_DUE
RP0005892,LN200839,9,2026-10-03,14687.44,,0.0,NOT_DUE
RP0005893,LN200839,10,2026-11-03,14687.44,,0.0,NOT_DUE
RP0005894,LN200839,11,2026-12-03,14687.44,,0.0,NOT_DUE
RP0005895,LN200839,12,2027-01-03,14687.44,,0.0,NOT_DUE
RP0005896,LN200839,13,2027-02-03,14687.44,,0.0,NOT_DUE
RP0005897,LN200839,14,2027-03-03,14687.44,,0.0,NOT_DUE
RP0005898,LN200839,15,2027-04-03,14687.44,,0.0,NOT_DUE
RP0005899,LN200839,16,2027-05-03,14687.44,,0.0,NOT_DUE
RP0005900,LN200839,17,2027-06-03,14687.44,,0.0,NOT_DUE
RP0005901,LN200839,18,2027-07-03,14687.44,,0.0,NOT_DUE
RP0005902,LN200840,1,2026-06-18,9383.33,2026-06-18,9383.33,PAID_ON_TIME
RP0005903,LN200840,2,2026-07-18,9383.33,2026-07-18,9383.33,PAID_ON_TIME
RP0005904,LN200840,3,2026-08-18,9383.33,2026-08-16,9383.33,PAID_ON_TIME
RP0005905,LN200840,4,2026-09-18,9383.33,,0.0,NOT_DUE
RP0005906,LN200840,5,2026-10-18,9383.33,,0.0,NOT_DUE
RP0005907,LN200840,6,2026-11-18,9383.33,,0.0,NOT_DUE
RP0005908,LN200840,7,2026-12-18,9383.33,,0.0,NOT_DUE
RP0005909,LN200840,8,2027-01-18,9383.33,,0.0,NOT_DUE
RP0005910,LN200840,9,2027-02-18,9383.33,,0.0,NOT_DUE
RP0005911,LN200840,10,2027-03-18,9383.33,,0.0,NOT_DUE
RP0005912,LN200840,11,2027-04-18,9383.33,,0.0,NOT_DUE
RP0005913,LN200840,12,2027-05-18,9383.33,,0.0,NOT_DUE
RP0005914,LN200841,1,2025-05-09,7883.06,2025-05-06,7883.06,PAID_ON_TIME
RP0005915,LN200841,2,2025-06-09,7883.06,2025-06-11,7883.06,PAID_ON_TIME
RP0005916,LN200841,3,2025-07-09,7883.06,2025-07-19,7883.06,PAID_LATE
RP0005917,LN200841,4,2025-08-09,7883.06,2025-08-12,7883.06,PAID_ON_TIME
RP0005918,LN200841,5,2025-09-09,7883.06,2025-09-06,7883.06,PAID_ON_TIME
RP0005919,LN200841,6,2025-10-09,7883.06,2025-10-13,7883.06,PAID_ON_TIME
RP0005920,LN200841,7,2025-11-09,7883.06,2025-11-07,7883.06,PAID_ON_TIME
RP0005921,LN200841,8,2025-12-09,7883.06,2025-12-10,7883.06,PAID_ON_TIME
RP0005922,LN200841,9,2026-01-09,7883.06,2026-01-12,7883.06,PAID_ON_TIME
RP0005923,LN200842,1,2026-03-19,37110.67,2026-03-17,37110.67,PAID_ON_TIME
RP0005924,LN200842,2,2026-04-19,37110.67,2026-04-18,37110.67,PAID_ON_TIME
RP0005925,LN200842,3,2026-05-19,37110.67,2026-05-16,37110.67,PAID_ON_TIME
RP0005926,LN200842,4,2026-06-19,37110.67,2026-06-19,37110.67,PAID_ON_TIME
RP0005927,LN200842,5,2026-07-19,37110.67,2026-07-18,37110.67,PAID_ON_TIME
RP0005928,LN200842,6,2026-08-19,37110.67,2026-08-23,37110.67,PAID_ON_TIME
RP0005929,LN200843,1,2025-06-27,15614.5,2025-06-26,15614.5,PAID_ON_TIME
RP0005930,LN200843,2,2025-07-27,15614.5,2025-07-29,15614.5,PAID_ON_TIME
RP0005931,LN200843,3,2025-08-27,15614.5,2025-08-30,15614.5,PAID_ON_TIME
RP0005932,LN200843,4,2025-09-27,15614.5,2025-09-24,15614.5,PAID_ON_TIME
RP0005933,LN200843,5,2025-10-27,15614.5,2025-12-25,15614.5,PAID_LATE
RP0005934,LN200843,6,2025-11-27,15614.5,2025-11-29,15614.5,PAID_ON_TIME
RP0005935,LN200843,7,2025-12-27,15614.5,2025-12-29,15614.5,PAID_ON_TIME
RP0005936,LN200843,8,2026-01-27,15614.5,2026-01-26,15614.5,PAID_ON_TIME
RP0005937,LN200843,9,2026-02-27,15614.5,2026-02-26,15614.5,PAID_ON_TIME
RP0005938,LN200843,10,2026-03-27,15614.5,2026-03-26,15614.5,PAID_ON_TIME
RP0005939,LN200843,11,2026-04-27,15614.5,2026-04-24,15614.5,PAID_ON_TIME
RP0005940,LN200843,12,2026-05-27,15614.5,2026-05-28,15614.5,PAID_ON_TIME
RP0005941,LN200844,1,2025-08-08,10347.94,2025-08-10,10347.94,PAID_ON_TIME
RP0005942,LN200844,2,2025-09-08,10347.94,2025-09-12,10347.94,PAID_ON_TIME
RP0005943,LN200844,3,2025-10-08,10347.94,2025-10-05,10347.94,PAID_ON_TIME
RP0005944,LN200844,4,2025-11-08,10347.94,2025-11-12,10347.94,PAID_ON_TIME
RP0005945,LN200844,5,2025-12-08,10347.94,2025-12-09,10347.94,PAID_ON_TIME
RP0005946,LN200844,6,2026-01-08,10347.94,2026-01-12,10347.94,PAID_ON_TIME
RP0005947,LN200844,7,2026-02-08,10347.94,2026-02-07,10347.94,PAID_ON_TIME
RP0005948,LN200844,8,2026-03-08,10347.94,2026-03-06,10347.94,PAID_ON_TIME
RP0005949,LN200844,9,2026-04-08,10347.94,2026-04-12,10347.94,PAID_ON_TIME
RP0005950,LN200845,1,2026-04-04,11339.61,2026-04-07,11339.61,PAID_ON_TIME
RP0005951,LN200845,2,2026-05-04,11339.61,2026-05-02,11339.61,PAID_ON_TIME
RP0005952,LN200845,3,2026-06-04,11339.61,2026-06-04,11339.61,PAID_ON_TIME
RP0005953,LN200845,4,2026-07-04,11339.61,2026-07-04,11339.61,PAID_ON_TIME
RP0005954,LN200845,5,2026-08-04,11339.61,2026-08-01,11339.61,PAID_ON_TIME
RP0005955,LN200845,6,2026-09-04,11339.61,,0.0,NOT_DUE
RP0005956,LN200845,7,2026-10-04,11339.61,,0.0,NOT_DUE
RP0005957,LN200845,8,2026-11-04,11339.61,,0.0,NOT_DUE
RP0005958,LN200845,9,2026-12-04,11339.61,,0.0,NOT_DUE
RP0005959,LN200846,1,2026-03-03,31555.28,2026-03-02,31555.28,PAID_ON_TIME
RP0005960,LN200846,2,2026-04-03,31555.28,2026-04-02,31555.28,PAID_ON_TIME
RP0005961,LN200846,3,2026-05-03,31555.28,2026-04-30,31555.28,PAID_ON_TIME
RP0005962,LN200846,4,2026-06-03,31555.28,2026-06-03,31555.28,PAID_ON_TIME
RP0005963,LN200846,5,2026-07-03,31555.28,2026-07-01,31555.28,PAID_ON_TIME
RP0005964,LN200846,6,2026-08-03,31555.28,2026-07-31,31555.28,PAID_ON_TIME
RP0005965,LN200846,7,2026-09-03,31555.28,,0.0,NOT_DUE
RP0005966,LN200846,8,2026-10-03,31555.28,,0.0,NOT_DUE
RP0005967,LN200846,9,2026-11-03,31555.28,,0.0,NOT_DUE
RP0005968,LN200846,10,2026-12-03,31555.28,,0.0,NOT_DUE
RP0005969,LN200846,11,2027-01-03,31555.28,,0.0,NOT_DUE
RP0005970,LN200846,12,2027-02-03,31555.28,,0.0,NOT_DUE
RP0005971,LN200846,13,2027-03-03,31555.28,,0.0,NOT_DUE
RP0005972,LN200846,14,2027-04-03,31555.28,,0.0,NOT_DUE
RP0005973,LN200846,15,2027-05-03,31555.28,,0.0,NOT_DUE
RP0005974,LN200846,16,2027-06-03,31555.28,,0.0,NOT_DUE
RP0005975,LN200846,17,2027-07-03,31555.28,,0.0,NOT_DUE
RP0005976,LN200846,18,2027-08-03,31555.28,,0.0,NOT_DUE
RP0005977,LN200847,1,2026-04-23,38038.0,2026-04-22,38038.0,PAID_ON_TIME
RP0005978,LN200847,2,2026-05-23,38038.0,2026-05-23,38038.0,PAID_ON_TIME
RP0005979,LN200847,3,2026-06-23,38038.0,2026-06-20,38038.0,PAID_ON_TIME
RP0005980,LN200847,4,2026-07-23,38038.0,2026-07-25,38038.0,PAID_ON_TIME
RP0005981,LN200847,5,2026-08-23,38038.0,2026-08-25,38038.0,PAID_ON_TIME
RP0005982,LN200847,6,2026-09-23,38038.0,,0.0,NOT_DUE
RP0005983,LN200849,1,2025-03-23,2634.33,2025-03-25,2634.33,PAID_ON_TIME
RP0005984,LN200849,2,2025-04-23,2634.33,2025-07-26,2634.33,PAID_LATE
RP0005985,LN200849,3,2025-05-23,2634.33,2025-05-21,2634.33,PAID_ON_TIME
RP0005986,LN200849,4,2025-06-23,2634.33,2025-06-26,2634.33,PAID_ON_TIME
RP0005987,LN200849,5,2025-07-23,2634.33,2025-07-21,2634.33,PAID_ON_TIME
RP0005988,LN200849,6,2025-08-23,2634.33,2025-08-25,2634.33,PAID_ON_TIME
RP0005989,LN200849,7,2025-09-23,2634.33,2025-11-16,2634.33,PAID_LATE
RP0005990,LN200849,8,2025-10-23,2634.33,2025-10-27,2634.33,PAID_ON_TIME
RP0005991,LN200849,9,2025-11-23,2634.33,2025-11-27,2634.33,PAID_ON_TIME
RP0005992,LN200849,10,2025-12-23,2634.33,2025-12-22,2634.33,PAID_ON_TIME
RP0005993,LN200849,11,2026-01-23,2634.33,2026-01-25,2634.33,PAID_ON_TIME
RP0005994,LN200849,12,2026-02-23,2634.33,2026-04-24,2634.33,PAID_LATE
RP0005995,LN200850,1,2026-06-24,8036.25,2026-08-29,8036.25,PAID_LATE
RP0005996,LN200850,2,2026-07-24,8036.25,2026-07-28,8036.25,PAID_ON_TIME
RP0005997,LN200850,3,2026-08-24,8036.25,,0.0,UNPAID
RP0005998,LN200850,4,2026-09-24,8036.25,,0.0,NOT_DUE
RP0005999,LN200850,5,2026-10-24,8036.25,,0.0,NOT_DUE
RP0006000,LN200850,6,2026-11-24,8036.25,,0.0,NOT_DUE
RP0006001,LN200851,1,2026-01-30,38107.67,2026-01-31,38107.67,PAID_ON_TIME
RP0006002,LN200851,2,2026-02-28,38107.67,2026-03-03,38107.67,PAID_ON_TIME
RP0006003,LN200851,3,2026-03-30,38107.67,2026-04-01,38107.67,PAID_ON_TIME
RP0006004,LN200851,4,2026-04-30,38107.67,2026-05-04,38107.67,PAID_ON_TIME
RP0006005,LN200851,5,2026-05-30,38107.67,2026-06-01,38107.67,PAID_ON_TIME
RP0006006,LN200851,6,2026-06-30,38107.67,2026-07-04,38107.67,PAID_ON_TIME
RP0006007,LN200852,1,2025-11-25,36981.53,2025-11-25,36981.53,PAID_ON_TIME
RP0006008,LN200852,2,2025-12-25,36981.53,2025-12-29,36981.53,PAID_ON_TIME
RP0006009,LN200852,3,2026-01-25,36981.53,2026-01-26,36981.53,PAID_LATE
RP0006010,LN200852,4,2026-02-25,36981.53,2026-02-27,36981.53,PAID_ON_TIME
RP0006011,LN200852,5,2026-03-25,36981.53,2026-03-25,36981.53,PAID_ON_TIME
RP0006012,LN200852,6,2026-04-25,36981.53,2026-04-24,36981.53,PAID_ON_TIME
RP0006013,LN200852,7,2026-05-25,36981.53,2026-05-22,36981.53,PAID_ON_TIME
RP0006014,LN200852,8,2026-06-25,36981.53,2026-06-24,36981.53,PAID_ON_TIME
RP0006015,LN200852,9,2026-07-25,36981.53,2026-07-28,36981.53,PAID_ON_TIME
RP0006016,LN200853,1,2025-07-01,39820.0,2025-06-29,39820.0,PAID_ON_TIME
RP0006017,LN200853,2,2025-08-01,39820.0,2025-08-03,39820.0,PAID_ON_TIME
RP0006018,LN200853,3,2025-09-01,39820.0,2025-08-30,39820.0,PAID_ON_TIME
RP0006019,LN200853,4,2025-10-01,39820.0,2025-10-02,39820.0,PAID_ON_TIME
RP0006020,LN200853,5,2025-11-01,39820.0,2025-11-05,39820.0,PAID_ON_TIME
RP0006021,LN200853,6,2025-12-01,39820.0,2025-12-04,39820.0,PAID_ON_TIME
RP0006022,LN200854,1,2026-02-01,13307.03,2026-03-17,13307.03,PAID_LATE
RP0006023,LN200854,2,2026-03-01,13307.03,2026-05-09,13307.03,PAID_LATE
RP0006024,LN200854,3,2026-04-01,13307.03,2026-03-30,13307.03,PAID_ON_TIME
RP0006025,LN200854,4,2026-05-01,13307.03,2026-05-03,13307.03,PAID_ON_TIME
RP0006026,LN200854,5,2026-06-01,13307.03,2026-06-05,13307.03,PAID_ON_TIME
RP0006027,LN200854,6,2026-07-01,13307.03,2026-07-05,13307.03,PAID_ON_TIME
RP0006028,LN200854,7,2026-08-01,13307.03,2026-08-03,13307.03,PAID_ON_TIME
RP0006029,LN200854,8,2026-09-01,13307.03,,0.0,UNPAID
RP0006030,LN200854,9,2026-10-01,13307.03,,0.0,NOT_DUE
RP0006031,LN200855,1,2025-09-09,24424.0,2025-10-06,24424.0,PAID_LATE
RP0006032,LN200855,2,2025-10-09,24424.0,2025-10-10,24424.0,PAID_ON_TIME
RP0006033,LN200855,3,2025-11-09,24424.0,2025-11-09,24424.0,PAID_ON_TIME
RP0006034,LN200856,1,2025-10-04,19278.0,2025-10-02,19278.0,PAID_ON_TIME
RP0006035,LN200856,2,2025-11-04,19278.0,2025-11-05,19278.0,PAID_ON_TIME
RP0006036,LN200856,3,2025-12-04,19278.0,2025-12-08,19278.0,PAID_LATE
RP0006037,LN200856,4,2026-01-04,19278.0,2026-01-05,19278.0,PAID_ON_TIME
RP0006038,LN200856,5,2026-02-04,19278.0,2026-02-01,19278.0,PAID_ON_TIME
RP0006039,LN200856,6,2026-03-04,19278.0,2026-04-10,19278.0,PAID_LATE
RP0006040,LN200856,7,2026-04-04,19278.0,2026-04-05,19278.0,PAID_ON_TIME
RP0006041,LN200856,8,2026-05-04,19278.0,2026-05-07,19278.0,PAID_LATE
RP0006042,LN200856,9,2026-06-04,19278.0,2026-06-08,19278.0,PAID_ON_TIME
RP0006043,LN200856,10,2026-07-04,19278.0,2026-07-08,19278.0,PAID_ON_TIME
RP0006044,LN200856,11,2026-08-04,19278.0,2026-08-07,19278.0,PAID_ON_TIME
RP0006045,LN200856,12,2026-09-04,19278.0,,0.0,NOT_DUE
RP0006046,LN200857,1,2026-08-26,13335.0,2026-08-23,13335.0,PAID_ON_TIME
RP0006047,LN200857,2,2026-09-26,13335.0,,0.0,NOT_DUE
RP0006048,LN200857,3,2026-10-26,13335.0,,0.0,NOT_DUE
RP0006049,LN200857,4,2026-11-26,13335.0,,0.0,NOT_DUE
RP0006050,LN200857,5,2026-12-26,13335.0,,0.0,NOT_DUE
RP0006051,LN200857,6,2027-01-26,13335.0,,0.0,NOT_DUE
RP0006052,LN200857,7,2027-02-26,13335.0,,0.0,NOT_DUE
RP0006053,LN200857,8,2027-03-26,13335.0,,0.0,NOT_DUE
RP0006054,LN200857,9,2027-04-26,13335.0,,0.0,NOT_DUE
RP0006055,LN200857,10,2027-05-26,13335.0,,0.0,NOT_DUE
RP0006056,LN200857,11,2027-06-26,13335.0,,0.0,NOT_DUE
RP0006057,LN200857,12,2027-07-26,13335.0,,0.0,NOT_DUE
RP0006058,LN200858,1,2026-06-24,43023.75,2026-06-21,43023.75,PAID_ON_TIME
RP0006059,LN200858,2,2026-07-24,43023.75,2026-07-27,43023.75,PAID_ON_TIME
RP0006060,LN200858,3,2026-08-24,43023.75,2026-08-23,43023.75,PAID_ON_TIME
RP0006061,LN200858,4,2026-09-24,43023.75,,0.0,NOT_DUE
RP0006062,LN200858,5,2026-10-24,43023.75,,0.0,NOT_DUE
RP0006063,LN200858,6,2026-11-24,43023.75,,0.0,NOT_DUE
RP0006064,LN200859,1,2026-04-26,76126.94,2026-04-27,76126.94,PAID_ON_TIME
RP0006065,LN200859,2,2026-05-26,76126.94,2026-05-25,76126.94,PAID_ON_TIME
RP0006066,LN200859,3,2026-06-26,76126.94,2026-06-27,76126.94,PAID_ON_TIME
RP0006067,LN200859,4,2026-07-26,76126.94,2026-07-24,76126.94,PAID_ON_TIME
RP0006068,LN200859,5,2026-08-26,76126.94,2026-08-27,76126.94,PAID_ON_TIME
RP0006069,LN200859,6,2026-09-26,76126.94,,0.0,NOT_DUE
RP0006070,LN200859,7,2026-10-26,76126.94,,0.0,NOT_DUE
RP0006071,LN200859,8,2026-11-26,76126.94,,0.0,NOT_DUE
RP0006072,LN200859,9,2026-12-26,76126.94,,0.0,NOT_DUE
RP0006073,LN200860,1,2025-06-18,15543.0,2025-06-18,15543.0,PAID_ON_TIME
RP0006074,LN200860,2,2025-07-18,15543.0,2025-07-19,15543.0,PAID_ON_TIME
RP0006075,LN200860,3,2025-08-18,15543.0,2025-08-17,15543.0,PAID_ON_TIME
RP0006076,LN200861,1,2026-04-05,5977.83,2026-04-06,5977.83,PAID_ON_TIME
RP0006077,LN200861,2,2026-05-05,5977.83,2026-05-03,5977.83,PAID_ON_TIME
RP0006078,LN200861,3,2026-06-05,5977.83,2026-06-08,5977.83,PAID_ON_TIME
RP0006079,LN200861,4,2026-07-05,5977.83,2026-07-05,5977.83,PAID_ON_TIME
RP0006080,LN200861,5,2026-08-05,5977.83,2026-08-05,5977.83,PAID_ON_TIME
RP0006081,LN200861,6,2026-09-05,5977.83,,0.0,NOT_DUE
RP0006082,LN200861,7,2026-10-05,5977.83,,0.0,NOT_DUE
RP0006083,LN200861,8,2026-11-05,5977.83,,0.0,NOT_DUE
RP0006084,LN200861,9,2026-12-05,5977.83,,0.0,NOT_DUE
RP0006085,LN200861,10,2027-01-05,5977.83,,0.0,NOT_DUE
RP0006086,LN200861,11,2027-02-05,5977.83,,0.0,NOT_DUE
RP0006087,LN200861,12,2027-03-05,5977.83,,0.0,NOT_DUE
RP0006088,LN200862,1,2026-06-22,6810.0,2026-06-23,6810.0,PAID_ON_TIME
RP0006089,LN200862,2,2026-07-22,6810.0,2026-07-22,6810.0,PAID_ON_TIME
RP0006090,LN200862,3,2026-08-22,6810.0,2026-08-26,6810.0,PAID_ON_TIME
RP0006091,LN200862,4,2026-09-22,6810.0,,0.0,NOT_DUE
RP0006092,LN200862,5,2026-10-22,6810.0,,0.0,NOT_DUE
RP0006093,LN200862,6,2026-11-22,6810.0,,0.0,NOT_DUE
RP0006094,LN200862,7,2026-12-22,6810.0,,0.0,NOT_DUE
RP0006095,LN200862,8,2027-01-22,6810.0,,0.0,NOT_DUE
RP0006096,LN200862,9,2027-02-22,6810.0,,0.0,NOT_DUE
RP0006097,LN200864,1,2025-07-03,19767.25,2025-09-01,19767.25,PAID_LATE
RP0006098,LN200864,2,2025-08-03,19767.25,2025-08-06,19767.25,PAID_ON_TIME
RP0006099,LN200864,3,2025-09-03,19767.25,2025-09-05,19767.25,PAID_ON_TIME
RP0006100,LN200864,4,2025-10-03,19767.25,2025-10-02,19767.25,PAID_ON_TIME
RP0006101,LN200864,5,2025-11-03,19767.25,2025-11-01,19767.25,PAID_ON_TIME
RP0006102,LN200864,6,2025-12-03,19767.25,2026-01-21,19767.25,PAID_LATE
RP0006103,LN200865,1,2025-08-14,12104.0,2025-08-16,12104.0,PAID_ON_TIME
RP0006104,LN200865,2,2025-09-14,12104.0,2025-09-16,12104.0,PAID_ON_TIME
RP0006105,LN200865,3,2025-10-14,12104.0,2025-12-12,12104.0,PAID_LATE
RP0006106,LN200865,4,2025-11-14,12104.0,2025-11-15,12104.0,PAID_LATE
RP0006107,LN200865,5,2025-12-14,12104.0,2025-12-15,12104.0,PAID_ON_TIME
RP0006108,LN200865,6,2026-01-14,12104.0,2026-01-18,12104.0,PAID_ON_TIME
RP0006109,LN200866,1,2026-03-10,4736.33,2026-03-11,4736.33,PAID_ON_TIME
RP0006110,LN200866,2,2026-04-10,4736.33,2026-04-14,4736.33,PAID_ON_TIME
RP0006111,LN200866,3,2026-05-10,4736.33,2026-05-10,4736.33,PAID_ON_TIME
RP0006112,LN200866,4,2026-06-10,4736.33,2026-06-13,4736.33,PAID_ON_TIME
RP0006113,LN200866,5,2026-07-10,4736.33,2026-07-08,4736.33,PAID_ON_TIME
RP0006114,LN200866,6,2026-08-10,4736.33,2026-08-13,4736.33,PAID_ON_TIME
RP0006115,LN200866,7,2026-09-10,4736.33,,0.0,NOT_DUE
RP0006116,LN200866,8,2026-10-10,4736.33,,0.0,NOT_DUE
RP0006117,LN200866,9,2026-11-10,4736.33,,0.0,NOT_DUE
RP0006118,LN200867,1,2026-08-16,13031.67,2026-08-16,13031.67,PAID_ON_TIME
RP0006119,LN200867,2,2026-09-16,13031.67,,0.0,NOT_DUE
RP0006120,LN200867,3,2026-10-16,13031.67,,0.0,NOT_DUE
RP0006121,LN200867,4,2026-11-16,13031.67,,0.0,NOT_DUE
RP0006122,LN200867,5,2026-12-16,13031.67,,0.0,NOT_DUE
RP0006123,LN200867,6,2027-01-16,13031.67,,0.0,NOT_DUE
RP0006124,LN200868,1,2025-02-01,3700.0,2025-02-01,3700.0,PAID_ON_TIME
RP0006125,LN200868,2,2025-03-01,3700.0,2025-03-02,3700.0,PAID_ON_TIME
RP0006126,LN200868,3,2025-04-01,3700.0,2025-03-31,3700.0,PAID_ON_TIME
RP0006127,LN200868,4,2025-05-01,3700.0,,0.0,UNPAID
RP0006128,LN200868,5,2025-06-01,3700.0,2025-06-05,3700.0,PAID_ON_TIME
RP0006129,LN200868,6,2025-07-01,3700.0,2025-06-30,3700.0,PAID_ON_TIME
RP0006130,LN200869,1,2026-08-07,10503.83,2026-08-10,10503.83,PAID_ON_TIME
RP0006131,LN200869,2,2026-09-07,10503.83,,0.0,NOT_DUE
RP0006132,LN200869,3,2026-10-07,10503.83,,0.0,NOT_DUE
RP0006133,LN200869,4,2026-11-07,10503.83,,0.0,NOT_DUE
RP0006134,LN200869,5,2026-12-07,10503.83,,0.0,NOT_DUE
RP0006135,LN200869,6,2027-01-07,10503.83,,0.0,NOT_DUE
RP0006136,LN200869,7,2027-02-07,10503.83,,0.0,NOT_DUE
RP0006137,LN200869,8,2027-03-07,10503.83,,0.0,NOT_DUE
RP0006138,LN200869,9,2027-04-07,10503.83,,0.0,NOT_DUE
RP0006139,LN200869,10,2027-05-07,10503.83,,0.0,NOT_DUE
RP0006140,LN200869,11,2027-06-07,10503.83,,0.0,NOT_DUE
RP0006141,LN200869,12,2027-07-07,10503.83,,0.0,NOT_DUE
RP0006142,LN200871,1,2026-06-21,59239.67,2026-06-23,59239.67,PAID_ON_TIME
RP0006143,LN200871,2,2026-07-21,59239.67,2026-08-02,59239.67,PAID_LATE
RP0006144,LN200871,3,2026-08-21,59239.67,2026-08-21,59239.67,PAID_ON_TIME
RP0006145,LN200872,1,2025-10-29,5874.5,2025-10-29,5874.5,PAID_ON_TIME
RP0006146,LN200872,2,2025-11-29,5874.5,2025-11-27,5874.5,PAID_ON_TIME
RP0006147,LN200872,3,2025-12-29,5874.5,2025-12-30,5874.5,PAID_ON_TIME
RP0006148,LN200872,4,2026-01-29,5874.5,2026-01-28,5874.5,PAID_ON_TIME
RP0006149,LN200872,5,2026-02-28,5874.5,2026-03-27,5874.5,PAID_LATE
RP0006150,LN200872,6,2026-03-29,5874.5,2026-03-27,5874.5,PAID_ON_TIME
RP0006151,LN200872,7,2026-04-29,5874.5,2026-05-03,5874.5,PAID_ON_TIME
RP0006152,LN200872,8,2026-05-29,5874.5,2026-05-27,5874.5,PAID_ON_TIME
RP0006153,LN200872,9,2026-06-29,5874.5,,0.0,UNPAID
RP0006154,LN200872,10,2026-07-29,5874.5,2026-07-30,5874.5,PAID_ON_TIME
RP0006155,LN200872,11,2026-08-29,5874.5,2026-08-27,5874.5,PAID_ON_TIME
RP0006156,LN200872,12,2026-09-29,5874.5,,0.0,NOT_DUE
RP0006157,LN200873,1,2026-04-29,10612.47,2026-04-28,10612.47,PAID_ON_TIME
RP0006158,LN200873,2,2026-05-29,10612.47,2026-05-28,10612.47,PAID_ON_TIME
RP0006159,LN200873,3,2026-06-29,10612.47,2026-06-27,10612.47,PAID_ON_TIME
RP0006160,LN200873,4,2026-07-29,10612.47,2026-08-11,10612.47,PAID_LATE
RP0006161,LN200873,5,2026-08-29,10612.47,2026-08-29,10612.47,PAID_ON_TIME
RP0006162,LN200873,6,2026-09-29,10612.47,,0.0,NOT_DUE
RP0006163,LN200873,7,2026-10-29,10612.47,,0.0,NOT_DUE
RP0006164,LN200873,8,2026-11-29,10612.47,,0.0,NOT_DUE
RP0006165,LN200873,9,2026-12-29,10612.47,,0.0,NOT_DUE
RP0006166,LN200874,1,2025-10-21,35839.22,2025-10-20,35839.22,PAID_ON_TIME
RP0006167,LN200874,2,2025-11-21,35839.22,2025-11-23,35839.22,PAID_ON_TIME
RP0006168,LN200874,3,2025-12-21,35839.22,2025-12-20,35839.22,PAID_ON_TIME
RP0006169,LN200874,4,2026-01-21,35839.22,2026-01-22,35839.22,PAID_ON_TIME
RP0006170,LN200874,5,2026-02-21,35839.22,2026-02-21,35839.22,PAID_ON_TIME
RP0006171,LN200874,6,2026-03-21,35839.22,,0.0,UNPAID
RP0006172,LN200874,7,2026-04-21,35839.22,2026-07-10,35839.22,PAID_LATE
RP0006173,LN200874,8,2026-05-21,35839.22,2026-05-24,35839.22,PAID_ON_TIME
RP0006174,LN200874,9,2026-06-21,35839.22,2026-06-19,35839.22,PAID_ON_TIME
RP0006175,LN200875,1,2025-09-12,7311.67,2025-12-18,7311.67,PAID_LATE
RP0006176,LN200875,2,2025-10-12,7311.67,2025-10-12,7311.67,PAID_ON_TIME
RP0006177,LN200875,3,2025-11-12,7311.67,2025-11-10,7311.67,PAID_ON_TIME
RP0006178,LN200875,4,2025-12-12,7311.67,2025-12-15,7311.67,PAID_ON_TIME
RP0006179,LN200875,5,2026-01-12,7311.67,2026-01-10,7311.67,PAID_ON_TIME
RP0006180,LN200875,6,2026-02-12,7311.67,,0.0,UNPAID
RP0006181,LN200876,1,2025-02-12,35952.5,2025-03-27,35952.5,PAID_LATE
RP0006182,LN200876,2,2025-03-12,35952.5,2025-05-27,35952.5,PAID_LATE
RP0006183,LN200876,3,2025-04-12,35952.5,2025-04-11,35952.5,PAID_ON_TIME
RP0006184,LN200876,4,2025-05-12,35952.5,2025-05-10,35952.5,PAID_ON_TIME
RP0006185,LN200876,5,2025-06-12,35952.5,2025-06-16,35952.5,PAID_ON_TIME
RP0006186,LN200876,6,2025-07-12,35952.5,2025-07-14,35952.5,PAID_ON_TIME
RP0006187,LN200876,7,2025-08-12,35952.5,2025-08-15,35952.5,PAID_ON_TIME
RP0006188,LN200876,8,2025-09-12,35952.5,2025-09-12,35952.5,PAID_ON_TIME
RP0006189,LN200876,9,2025-10-12,35952.5,2025-10-10,35952.5,PAID_ON_TIME
RP0006190,LN200876,10,2025-11-12,35952.5,2025-11-11,35952.5,PAID_ON_TIME
RP0006191,LN200876,11,2025-12-12,35952.5,,0.0,UNPAID
RP0006192,LN200876,12,2026-01-12,35952.5,2026-01-11,35952.5,PAID_ON_TIME
RP0006193,LN200877,1,2026-04-23,41818.0,2026-04-24,41818.0,PAID_ON_TIME
RP0006194,LN200877,2,2026-05-23,41818.0,2026-05-22,41818.0,PAID_ON_TIME
RP0006195,LN200877,3,2026-06-23,41818.0,2026-06-21,41818.0,PAID_ON_TIME
RP0006196,LN200877,4,2026-07-23,41818.0,2026-07-24,41818.0,PAID_ON_TIME
RP0006197,LN200877,5,2026-08-23,41818.0,2026-08-27,41818.0,PAID_ON_TIME
RP0006198,LN200877,6,2026-09-23,41818.0,,0.0,NOT_DUE
RP0006199,LN200878,1,2026-09-01,10048.5,2026-08-31,10048.5,PAID_ON_TIME
RP0006200,LN200878,2,2026-10-01,10048.5,,0.0,NOT_DUE
RP0006201,LN200878,3,2026-11-01,10048.5,,0.0,NOT_DUE
RP0006202,LN200878,4,2026-12-01,10048.5,,0.0,NOT_DUE
RP0006203,LN200878,5,2027-01-01,10048.5,,0.0,NOT_DUE
RP0006204,LN200878,6,2027-02-01,10048.5,,0.0,NOT_DUE
RP0006205,LN200878,7,2027-03-01,10048.5,,0.0,NOT_DUE
RP0006206,LN200878,8,2027-04-01,10048.5,,0.0,NOT_DUE
RP0006207,LN200878,9,2027-05-01,10048.5,,0.0,NOT_DUE
RP0006208,LN200878,10,2027-06-01,10048.5,,0.0,NOT_DUE
RP0006209,LN200878,11,2027-07-01,10048.5,,0.0,NOT_DUE
RP0006210,LN200878,12,2027-08-01,10048.5,,0.0,NOT_DUE
RP0006211,LN200879,1,2025-04-05,12228.67,2025-04-07,12228.67,PAID_ON_TIME
RP0006212,LN200879,2,2025-05-05,12228.67,2025-05-03,12228.67,PAID_ON_TIME
RP0006213,LN200879,3,2025-06-05,12228.67,2025-06-05,12228.67,PAID_ON_TIME
RP0006214,LN200879,4,2025-07-05,12228.67,2025-07-07,12228.67,PAID_ON_TIME
RP0006215,LN200879,5,2025-08-05,12228.67,2025-08-09,12228.67,PAID_ON_TIME
RP0006216,LN200879,6,2025-09-05,12228.67,2025-09-08,12228.67,PAID_ON_TIME
RP0006217,LN200880,1,2025-12-15,45556.5,2025-12-13,45556.5,PAID_ON_TIME
RP0006218,LN200880,2,2026-01-15,45556.5,2026-01-19,45556.5,PAID_ON_TIME
RP0006219,LN200880,3,2026-02-15,45556.5,2026-02-14,45556.5,PAID_ON_TIME
RP0006220,LN200880,4,2026-03-15,45556.5,2026-03-12,45556.5,PAID_ON_TIME
RP0006221,LN200880,5,2026-04-15,45556.5,2026-04-14,45556.5,PAID_ON_TIME
RP0006222,LN200880,6,2026-05-15,45556.5,2026-05-16,45556.5,PAID_ON_TIME
RP0006223,LN200881,1,2026-01-17,59093.67,2026-01-14,59093.67,PAID_ON_TIME
RP0006224,LN200881,2,2026-02-17,59093.67,2026-02-20,59093.67,PAID_ON_TIME
RP0006225,LN200881,3,2026-03-17,59093.67,2026-03-17,59093.67,PAID_ON_TIME
RP0006226,LN200882,1,2026-07-13,15455.0,2026-07-12,15455.0,PAID_ON_TIME
RP0006227,LN200882,2,2026-08-13,15455.0,,0.0,UNPAID
RP0006228,LN200882,3,2026-09-13,15455.0,,0.0,NOT_DUE
RP0006229,LN200882,4,2026-10-13,15455.0,,0.0,NOT_DUE
RP0006230,LN200882,5,2026-11-13,15455.0,,0.0,NOT_DUE
RP0006231,LN200882,6,2026-12-13,15455.0,,0.0,NOT_DUE
RP0006232,LN200882,7,2027-01-13,15455.0,,0.0,NOT_DUE
RP0006233,LN200882,8,2027-02-13,15455.0,,0.0,NOT_DUE
RP0006234,LN200882,9,2027-03-13,15455.0,,0.0,NOT_DUE
RP0006235,LN200882,10,2027-04-13,15455.0,,0.0,NOT_DUE
RP0006236,LN200882,11,2027-05-13,15455.0,,0.0,NOT_DUE
RP0006237,LN200882,12,2027-06-13,15455.0,,0.0,NOT_DUE
RP0006238,LN200883,1,2025-07-24,69301.17,2025-07-22,69301.17,PAID_ON_TIME
RP0006239,LN200883,2,2025-08-24,69301.17,2025-08-22,69301.17,PAID_ON_TIME
RP0006240,LN200883,3,2025-09-24,69301.17,2025-09-26,69301.17,PAID_LATE
RP0006241,LN200883,4,2025-10-24,69301.17,2025-10-24,69301.17,PAID_ON_TIME
RP0006242,LN200883,5,2025-11-24,69301.17,2025-12-30,69301.17,PAID_LATE
RP0006243,LN200883,6,2025-12-24,69301.17,2025-12-24,69301.17,PAID_ON_TIME
RP0006244,LN200884,1,2026-04-07,13060.83,2026-04-10,13060.83,PAID_ON_TIME
RP0006245,LN200884,2,2026-05-07,13060.83,2026-05-07,13060.83,PAID_ON_TIME
RP0006246,LN200884,3,2026-06-07,13060.83,2026-06-04,13060.83,PAID_ON_TIME
RP0006247,LN200884,4,2026-07-07,13060.83,2026-07-10,13060.83,PAID_ON_TIME
RP0006248,LN200884,5,2026-08-07,13060.83,2026-08-11,13060.83,PAID_ON_TIME
RP0006249,LN200884,6,2026-09-07,13060.83,,0.0,NOT_DUE
RP0006250,LN200885,1,2026-06-18,76275.5,2026-06-18,76275.5,PAID_ON_TIME
RP0006251,LN200885,2,2026-07-18,76275.5,2026-07-20,76275.5,PAID_ON_TIME
RP0006252,LN200885,3,2026-08-18,76275.5,2026-08-15,76275.5,PAID_ON_TIME
RP0006253,LN200886,1,2025-11-30,33864.0,2025-12-03,33864.0,PAID_ON_TIME
RP0006254,LN200886,2,2025-12-30,33864.0,2026-02-16,33864.0,PAID_LATE
RP0006255,LN200886,3,2026-01-30,33864.0,2026-01-31,33864.0,PAID_ON_TIME
RP0006256,LN200887,1,2026-06-17,30028.33,2026-06-15,30028.33,PAID_ON_TIME
RP0006257,LN200887,2,2026-07-17,30028.33,2026-07-18,30028.33,PAID_ON_TIME
RP0006258,LN200887,3,2026-08-17,30028.33,2026-08-21,30028.33,PAID_ON_TIME
RP0006259,LN200888,1,2025-07-18,26051.67,2025-07-20,26051.67,PAID_ON_TIME
RP0006260,LN200888,2,2025-08-18,26051.67,2025-08-23,26051.67,PAID_LATE
RP0006261,LN200888,3,2025-09-18,26051.67,2025-09-18,26051.67,PAID_ON_TIME
RP0006262,LN200888,4,2025-10-18,26051.67,2025-10-22,26051.67,PAID_ON_TIME
RP0006263,LN200888,5,2025-11-18,26051.67,2026-02-02,26051.67,PAID_LATE
RP0006264,LN200888,6,2025-12-18,26051.67,2025-12-21,26051.67,PAID_ON_TIME
RP0006265,LN200889,1,2026-03-11,41398.56,2026-03-09,41398.56,PAID_ON_TIME
RP0006266,LN200889,2,2026-04-11,41398.56,2026-04-14,41398.56,PAID_ON_TIME
RP0006267,LN200889,3,2026-05-11,41398.56,2026-05-15,41398.56,PAID_ON_TIME
RP0006268,LN200889,4,2026-06-11,41398.56,2026-06-13,41398.56,PAID_ON_TIME
RP0006269,LN200889,5,2026-07-11,41398.56,2026-07-08,41398.56,PAID_ON_TIME
RP0006270,LN200889,6,2026-08-11,41398.56,2026-08-09,41398.56,PAID_ON_TIME
RP0006271,LN200889,7,2026-09-11,41398.56,,0.0,NOT_DUE
RP0006272,LN200889,8,2026-10-11,41398.56,,0.0,NOT_DUE
RP0006273,LN200889,9,2026-11-11,41398.56,,0.0,NOT_DUE
RP0006274,LN200890,1,2026-08-08,17807.58,2026-08-09,17807.58,PAID_ON_TIME
RP0006275,LN200890,2,2026-09-08,17807.58,,0.0,NOT_DUE
RP0006276,LN200890,3,2026-10-08,17807.58,,0.0,NOT_DUE
RP0006277,LN200890,4,2026-11-08,17807.58,,0.0,NOT_DUE
RP0006278,LN200890,5,2026-12-08,17807.58,,0.0,NOT_DUE
RP0006279,LN200890,6,2027-01-08,17807.58,,0.0,NOT_DUE
RP0006280,LN200891,1,2025-12-01,35366.83,2025-12-05,35366.83,PAID_ON_TIME
RP0006281,LN200891,2,2026-01-01,35366.83,2026-01-03,35366.83,PAID_ON_TIME
RP0006282,LN200891,3,2026-02-01,35366.83,2026-02-01,35366.83,PAID_ON_TIME
RP0006283,LN200892,1,2025-08-10,107431.5,2025-08-13,107431.5,PAID_ON_TIME
RP0006284,LN200892,2,2025-09-10,107431.5,2025-09-12,107431.5,PAID_ON_TIME
RP0006285,LN200892,3,2025-10-10,107431.5,2025-10-09,107431.5,PAID_ON_TIME
RP0006286,LN200893,1,2026-02-03,25921.0,2026-01-31,25921.0,PAID_ON_TIME
RP0006287,LN200893,2,2026-03-03,25921.0,2026-03-04,25921.0,PAID_ON_TIME
RP0006288,LN200893,3,2026-04-03,25921.0,2026-04-05,25921.0,PAID_ON_TIME
RP0006289,LN200893,4,2026-05-03,25921.0,2026-05-06,25921.0,PAID_ON_TIME
RP0006290,LN200893,5,2026-06-03,25921.0,2026-06-04,25921.0,PAID_ON_TIME
RP0006291,LN200893,6,2026-07-03,25921.0,2026-07-05,25921.0,PAID_ON_TIME
RP0006292,LN200893,7,2026-08-03,25921.0,2026-08-01,25921.0,PAID_ON_TIME
RP0006293,LN200893,8,2026-09-03,25921.0,,0.0,NOT_DUE
RP0006294,LN200893,9,2026-10-03,25921.0,,0.0,NOT_DUE
RP0006295,LN200893,10,2026-11-03,25921.0,,0.0,NOT_DUE
RP0006296,LN200893,11,2026-12-03,25921.0,,0.0,NOT_DUE
RP0006297,LN200893,12,2027-01-03,25921.0,,0.0,NOT_DUE
RP0006298,LN200894,1,2026-08-26,36561.22,2026-08-26,36561.22,PAID_ON_TIME
RP0006299,LN200894,2,2026-09-26,36561.22,,0.0,NOT_DUE
RP0006300,LN200894,3,2026-10-26,36561.22,,0.0,NOT_DUE
RP0006301,LN200894,4,2026-11-26,36561.22,,0.0,NOT_DUE
RP0006302,LN200894,5,2026-12-26,36561.22,,0.0,NOT_DUE
RP0006303,LN200894,6,2027-01-26,36561.22,,0.0,NOT_DUE
RP0006304,LN200894,7,2027-02-26,36561.22,,0.0,NOT_DUE
RP0006305,LN200894,8,2027-03-26,36561.22,,0.0,NOT_DUE
RP0006306,LN200894,9,2027-04-26,36561.22,,0.0,NOT_DUE
RP0006307,LN200895,1,2025-04-03,15845.5,2025-04-05,15845.5,PAID_ON_TIME
RP0006308,LN200895,2,2025-05-03,15845.5,2025-05-06,15845.5,PAID_ON_TIME
RP0006309,LN200895,3,2025-06-03,15845.5,2025-06-02,15845.5,PAID_ON_TIME
RP0006310,LN200895,4,2025-07-03,15845.5,2025-06-30,15845.5,PAID_ON_TIME
RP0006311,LN200895,5,2025-08-03,15845.5,2025-08-04,15845.5,PAID_ON_TIME
RP0006312,LN200895,6,2025-09-03,15845.5,2025-09-07,15845.5,PAID_ON_TIME
RP0006313,LN200896,1,2025-09-21,7005.0,2025-09-20,7005.0,PAID_ON_TIME
RP0006314,LN200896,2,2025-10-21,7005.0,2025-10-19,7005.0,PAID_ON_TIME
RP0006315,LN200896,3,2025-11-21,7005.0,2025-11-20,7005.0,PAID_ON_TIME
RP0006316,LN200897,1,2026-07-04,41936.67,2026-07-04,41936.67,PAID_ON_TIME
RP0006317,LN200897,2,2026-08-04,41936.67,2026-08-01,41936.67,PAID_ON_TIME
RP0006318,LN200897,3,2026-09-04,41936.67,,0.0,NOT_DUE
RP0006319,LN200897,4,2026-10-04,41936.67,,0.0,NOT_DUE
RP0006320,LN200897,5,2026-11-04,41936.67,,0.0,NOT_DUE
RP0006321,LN200897,6,2026-12-04,41936.67,,0.0,NOT_DUE
RP0006322,LN200898,1,2025-05-26,10530.0,2025-05-23,10530.0,PAID_ON_TIME
RP0006323,LN200898,2,2025-06-26,10530.0,2025-06-25,10530.0,PAID_ON_TIME
RP0006324,LN200898,3,2025-07-26,10530.0,2025-07-24,10530.0,PAID_ON_TIME
RP0006325,LN200899,1,2026-06-28,21976.5,2026-06-27,21976.5,PAID_ON_TIME
RP0006326,LN200899,2,2026-07-28,21976.5,2026-07-25,21976.5,PAID_ON_TIME
RP0006327,LN200899,3,2026-08-28,21976.5,2026-08-29,21976.5,PAID_ON_TIME
RP0006328,LN200899,4,2026-09-28,21976.5,,0.0,NOT_DUE
RP0006329,LN200899,5,2026-10-28,21976.5,,0.0,NOT_DUE
RP0006330,LN200899,6,2026-11-28,21976.5,,0.0,NOT_DUE
RP0006331,LN200899,7,2026-12-28,21976.5,,0.0,NOT_DUE
RP0006332,LN200899,8,2027-01-28,21976.5,,0.0,NOT_DUE
RP0006333,LN200899,9,2027-02-28,21976.5,,0.0,NOT_DUE
RP0006334,LN200899,10,2027-03-28,21976.5,,0.0,NOT_DUE
RP0006335,LN200899,11,2027-04-28,21976.5,,0.0,NOT_DUE
RP0006336,LN200899,12,2027-05-28,21976.5,,0.0,NOT_DUE
RP0006337,LN200900,1,2026-08-31,63325.0,2026-08-28,63325.0,PAID_ON_TIME
RP0006338,LN200900,2,2026-09-30,63325.0,,0.0,NOT_DUE
RP0006339,LN200900,3,2026-10-31,63325.0,,0.0,NOT_DUE
RP0006340,LN200900,4,2026-11-30,63325.0,,0.0,NOT_DUE
RP0006341,LN200900,5,2026-12-31,63325.0,,0.0,NOT_DUE
RP0006342,LN200900,6,2027-01-31,63325.0,,0.0,NOT_DUE
RP0006343,LN200901,1,2025-07-22,29523.33,2025-08-19,29523.33,PAID_LATE
RP0006344,LN200901,2,2025-08-22,29523.33,2025-08-23,29523.33,PAID_ON_TIME
RP0006345,LN200901,3,2025-09-22,29523.33,2025-09-21,29523.33,PAID_ON_TIME
RP0006346,LN200902,1,2025-11-03,97313.0,2025-11-03,97313.0,PAID_ON_TIME
RP0006347,LN200902,2,2025-12-03,97313.0,2025-12-07,97313.0,PAID_ON_TIME
RP0006348,LN200902,3,2026-01-03,97313.0,2026-03-07,97313.0,PAID_LATE
RP0006349,LN200903,1,2026-03-15,5793.86,2026-03-14,5793.86,PAID_ON_TIME
RP0006350,LN200903,2,2026-04-15,5793.86,2026-04-15,5793.86,PAID_ON_TIME
RP0006351,LN200903,3,2026-05-15,5793.86,2026-08-14,5793.86,PAID_LATE
RP0006352,LN200903,4,2026-06-15,5793.86,2026-06-16,5793.86,PAID_ON_TIME
RP0006353,LN200903,5,2026-07-15,5793.86,2026-07-19,5793.86,PAID_ON_TIME
RP0006354,LN200903,6,2026-08-15,5793.86,2026-08-13,5793.86,PAID_ON_TIME
RP0006355,LN200903,7,2026-09-15,5793.86,,0.0,NOT_DUE
RP0006356,LN200903,8,2026-10-15,5793.86,,0.0,NOT_DUE
RP0006357,LN200903,9,2026-11-15,5793.86,,0.0,NOT_DUE
RP0006358,LN200903,10,2026-12-15,5793.86,,0.0,NOT_DUE
RP0006359,LN200903,11,2027-01-15,5793.86,,0.0,NOT_DUE
RP0006360,LN200903,12,2027-02-15,5793.86,,0.0,NOT_DUE
RP0006361,LN200903,13,2027-03-15,5793.86,,0.0,NOT_DUE
RP0006362,LN200903,14,2027-04-15,5793.86,,0.0,NOT_DUE
RP0006363,LN200903,15,2027-05-15,5793.86,,0.0,NOT_DUE
RP0006364,LN200903,16,2027-06-15,5793.86,,0.0,NOT_DUE
RP0006365,LN200903,17,2027-07-15,5793.86,,0.0,NOT_DUE
RP0006366,LN200903,18,2027-08-15,5793.86,,0.0,NOT_DUE
RP0006367,LN200904,1,2026-01-23,5240.67,2026-01-27,5240.67,PAID_ON_TIME
RP0006368,LN200904,2,2026-02-23,5240.67,2026-02-23,5240.67,PAID_ON_TIME
RP0006369,LN200904,3,2026-03-23,5240.67,2026-03-25,5240.67,PAID_ON_TIME
RP0006370,LN200904,4,2026-04-23,5240.67,2026-04-21,5240.67,PAID_ON_TIME
RP0006371,LN200904,5,2026-05-23,5240.67,2026-06-28,5240.67,PAID_LATE
RP0006372,LN200904,6,2026-06-23,5240.67,2026-06-27,5240.67,PAID_ON_TIME
RP0006373,LN200904,7,2026-07-23,5240.67,2026-07-25,5240.67,PAID_ON_TIME
RP0006374,LN200904,8,2026-08-23,5240.67,2026-08-20,5240.67,PAID_ON_TIME
RP0006375,LN200904,9,2026-09-23,5240.67,,0.0,NOT_DUE
RP0006376,LN200905,1,2025-07-20,9399.83,2025-07-18,9399.83,PAID_ON_TIME
RP0006377,LN200905,2,2025-08-20,9399.83,2025-08-17,9399.83,PAID_ON_TIME
RP0006378,LN200905,3,2025-09-20,9399.83,2025-09-20,9399.83,PAID_ON_TIME
RP0006379,LN200905,4,2025-10-20,9399.83,2025-10-21,9399.83,PAID_ON_TIME
RP0006380,LN200905,5,2025-11-20,9399.83,2025-11-21,9399.83,PAID_ON_TIME
RP0006381,LN200905,6,2025-12-20,9399.83,2025-12-24,9399.83,PAID_ON_TIME
RP0006382,LN200905,7,2026-01-20,9399.83,2026-01-18,9399.83,PAID_ON_TIME
RP0006383,LN200905,8,2026-02-20,9399.83,2026-02-18,9399.83,PAID_ON_TIME
RP0006384,LN200905,9,2026-03-20,9399.83,2026-03-18,9399.83,PAID_ON_TIME
RP0006385,LN200905,10,2026-04-20,9399.83,2026-04-20,9399.83,PAID_ON_TIME
RP0006386,LN200905,11,2026-05-20,9399.83,2026-05-23,9399.83,PAID_ON_TIME
RP0006387,LN200905,12,2026-06-20,9399.83,2026-06-20,9399.83,PAID_ON_TIME
RP0006388,LN200906,1,2026-05-01,45784.5,2026-07-01,45784.5,PAID_LATE
RP0006389,LN200906,2,2026-06-01,45784.5,,0.0,UNPAID
RP0006390,LN200906,3,2026-07-01,45784.5,2026-06-30,45784.5,PAID_ON_TIME
RP0006391,LN200907,1,2025-09-06,12276.0,2025-09-11,12276.0,PAID_LATE
RP0006392,LN200907,2,2025-10-06,12276.0,2025-10-05,12276.0,PAID_ON_TIME
RP0006393,LN200907,3,2025-11-06,12276.0,2025-11-05,12276.0,PAID_ON_TIME
RP0006394,LN200907,4,2025-12-06,12276.0,2025-12-07,12276.0,PAID_ON_TIME
RP0006395,LN200907,5,2026-01-06,12276.0,2026-01-06,12276.0,PAID_ON_TIME
RP0006396,LN200907,6,2026-02-06,12276.0,2026-02-08,12276.0,PAID_ON_TIME
RP0006397,LN200908,1,2026-08-09,31394.75,2026-08-18,31394.75,PAID_LATE
RP0006398,LN200908,2,2026-09-09,31394.75,,0.0,NOT_DUE
RP0006399,LN200908,3,2026-10-09,31394.75,,0.0,NOT_DUE
RP0006400,LN200910,1,2026-06-19,88836.83,2026-06-16,88836.83,PAID_ON_TIME
RP0006401,LN200910,2,2026-07-19,88836.83,2026-07-16,88836.83,PAID_ON_TIME
RP0006402,LN200910,3,2026-08-19,88836.83,2026-08-23,88836.83,PAID_ON_TIME
RP0006403,LN200910,4,2026-09-19,88836.83,,0.0,NOT_DUE
RP0006404,LN200910,5,2026-10-19,88836.83,,0.0,NOT_DUE
RP0006405,LN200910,6,2026-11-19,88836.83,,0.0,NOT_DUE
RP0006406,LN200910,7,2026-12-19,88836.83,,0.0,NOT_DUE
RP0006407,LN200910,8,2027-01-19,88836.83,,0.0,NOT_DUE
RP0006408,LN200910,9,2027-02-19,88836.83,,0.0,NOT_DUE
RP0006409,LN200912,1,2025-05-19,17274.17,2025-05-21,17274.17,PAID_ON_TIME
RP0006410,LN200912,2,2025-06-19,17274.17,,0.0,UNPAID
RP0006411,LN200912,3,2025-07-19,17274.17,2025-07-21,17274.17,PAID_ON_TIME
RP0006412,LN200912,4,2025-08-19,17274.17,2025-08-16,17274.17,PAID_ON_TIME
RP0006413,LN200912,5,2025-09-19,17274.17,2025-09-23,17274.17,PAID_ON_TIME
RP0006414,LN200912,6,2025-10-19,17274.17,2025-10-17,17274.17,PAID_ON_TIME
RP0006415,LN200913,1,2026-04-11,26182.67,2026-04-14,26182.67,PAID_ON_TIME
RP0006416,LN200913,2,2026-05-11,26182.67,2026-05-14,26182.67,PAID_ON_TIME
RP0006417,LN200913,3,2026-06-11,26182.67,2026-06-10,26182.67,PAID_ON_TIME
RP0006418,LN200913,4,2026-07-11,26182.67,2026-07-15,26182.67,PAID_ON_TIME
RP0006419,LN200913,5,2026-08-11,26182.67,2026-08-09,26182.67,PAID_ON_TIME
RP0006420,LN200913,6,2026-09-11,26182.67,,0.0,NOT_DUE
RP0006421,LN200913,7,2026-10-11,26182.67,,0.0,NOT_DUE
RP0006422,LN200913,8,2026-11-11,26182.67,,0.0,NOT_DUE
RP0006423,LN200913,9,2026-12-11,26182.67,,0.0,NOT_DUE
RP0006424,LN200913,10,2027-01-11,26182.67,,0.0,NOT_DUE
RP0006425,LN200913,11,2027-02-11,26182.67,,0.0,NOT_DUE
RP0006426,LN200913,12,2027-03-11,26182.67,,0.0,NOT_DUE
RP0006427,LN200914,1,2026-08-27,64231.33,2026-08-28,64231.33,PAID_ON_TIME
RP0006428,LN200914,2,2026-09-27,64231.33,,0.0,NOT_DUE
RP0006429,LN200914,3,2026-10-27,64231.33,,0.0,NOT_DUE
RP0006430,LN200915,1,2025-08-15,16385.22,2025-08-17,16385.22,PAID_ON_TIME
RP0006431,LN200915,2,2025-09-15,16385.22,2025-09-15,16385.22,PAID_ON_TIME
RP0006432,LN200915,3,2025-10-15,16385.22,2025-10-16,16385.22,PAID_ON_TIME
RP0006433,LN200915,4,2025-11-15,16385.22,2025-11-15,16385.22,PAID_ON_TIME
RP0006434,LN200915,5,2025-12-15,16385.22,2025-12-12,16385.22,PAID_ON_TIME
RP0006435,LN200915,6,2026-01-15,16385.22,2026-01-16,16385.22,PAID_ON_TIME
RP0006436,LN200915,7,2026-02-15,16385.22,2026-02-18,16385.22,PAID_ON_TIME
RP0006437,LN200915,8,2026-03-15,16385.22,2026-03-18,16385.22,PAID_ON_TIME
RP0006438,LN200915,9,2026-04-15,16385.22,2026-04-18,16385.22,PAID_ON_TIME
RP0006439,LN200916,1,2026-09-01,23605.33,2026-08-30,23605.33,PAID_ON_TIME
RP0006440,LN200916,2,2026-10-01,23605.33,,0.0,NOT_DUE
RP0006441,LN200916,3,2026-11-01,23605.33,,0.0,NOT_DUE
RP0006442,LN200916,4,2026-12-01,23605.33,,0.0,NOT_DUE
RP0006443,LN200916,5,2027-01-01,23605.33,,0.0,NOT_DUE
RP0006444,LN200916,6,2027-02-01,23605.33,,0.0,NOT_DUE
RP0006445,LN200916,7,2027-03-01,23605.33,,0.0,NOT_DUE
RP0006446,LN200916,8,2027-04-01,23605.33,,0.0,NOT_DUE
RP0006447,LN200916,9,2027-05-01,23605.33,,0.0,NOT_DUE
RP0006448,LN200918,1,2025-04-07,36000.0,2025-04-11,36000.0,PAID_ON_TIME
RP0006449,LN200918,2,2025-05-07,36000.0,2025-05-08,36000.0,PAID_ON_TIME
RP0006450,LN200918,3,2025-06-07,36000.0,2025-06-07,36000.0,PAID_ON_TIME
RP0006451,LN200918,4,2025-07-07,36000.0,2025-07-05,36000.0,PAID_ON_TIME
RP0006452,LN200918,5,2025-08-07,36000.0,2025-08-10,36000.0,PAID_ON_TIME
RP0006453,LN200918,6,2025-09-07,36000.0,2025-09-08,36000.0,PAID_ON_TIME
RP0006454,LN200918,7,2025-10-07,36000.0,2025-10-10,36000.0,PAID_ON_TIME
RP0006455,LN200918,8,2025-11-07,36000.0,2025-11-05,36000.0,PAID_ON_TIME
RP0006456,LN200918,9,2025-12-07,36000.0,2025-12-04,36000.0,PAID_ON_TIME
RP0006457,LN200918,10,2026-01-07,36000.0,2026-01-07,36000.0,PAID_ON_TIME
RP0006458,LN200918,11,2026-02-07,36000.0,2026-02-07,36000.0,PAID_ON_TIME
RP0006459,LN200918,12,2026-03-07,36000.0,2026-03-11,36000.0,PAID_ON_TIME
RP0006460,LN200919,1,2026-05-07,9868.5,2026-05-11,9868.5,PAID_ON_TIME
RP0006461,LN200919,2,2026-06-07,9868.5,2026-07-09,9868.5,PAID_LATE
RP0006462,LN200919,3,2026-07-07,9868.5,2026-07-10,9868.5,PAID_ON_TIME
RP0006463,LN200919,4,2026-08-07,9868.5,2026-08-04,9868.5,PAID_ON_TIME
RP0006464,LN200919,5,2026-09-07,9868.5,,0.0,NOT_DUE
RP0006465,LN200919,6,2026-10-07,9868.5,,0.0,NOT_DUE
RP0006466,LN200919,7,2026-11-07,9868.5,,0.0,NOT_DUE
RP0006467,LN200919,8,2026-12-07,9868.5,,0.0,NOT_DUE
RP0006468,LN200919,9,2027-01-07,9868.5,,0.0,NOT_DUE
RP0006469,LN200919,10,2027-02-07,9868.5,,0.0,NOT_DUE
RP0006470,LN200919,11,2027-03-07,9868.5,,0.0,NOT_DUE
RP0006471,LN200919,12,2027-04-07,9868.5,,0.0,NOT_DUE
RP0006472,LN200921,1,2025-12-23,6931.83,2026-01-11,6931.83,PAID_LATE
RP0006473,LN200921,2,2026-01-23,6931.83,2026-05-19,6931.83,PAID_LATE
RP0006474,LN200921,3,2026-02-23,6931.83,2026-02-24,6931.83,PAID_ON_TIME
RP0006475,LN200921,4,2026-03-23,6931.83,2026-06-13,6931.83,PAID_LATE
RP0006476,LN200921,5,2026-04-23,6931.83,2026-04-25,6931.83,PAID_ON_TIME
RP0006477,LN200921,6,2026-05-23,6931.83,2026-05-26,6931.83,PAID_ON_TIME
RP0006478,LN200922,1,2026-06-16,6708.0,2026-06-15,6708.0,PAID_ON_TIME
RP0006479,LN200922,2,2026-07-16,6708.0,2026-07-15,6708.0,PAID_ON_TIME
RP0006480,LN200922,3,2026-08-16,6708.0,2026-08-13,6708.0,PAID_ON_TIME
RP0006481,LN200922,4,2026-09-16,6708.0,,0.0,NOT_DUE
RP0006482,LN200922,5,2026-10-16,6708.0,,0.0,NOT_DUE
RP0006483,LN200922,6,2026-11-16,6708.0,,0.0,NOT_DUE
RP0006484,LN200923,1,2026-02-13,8829.33,2026-02-16,8829.33,PAID_ON_TIME
RP0006485,LN200923,2,2026-03-13,8829.33,2026-03-14,8829.33,PAID_ON_TIME
RP0006486,LN200923,3,2026-04-13,8829.33,2026-04-15,8829.33,PAID_ON_TIME
RP0006487,LN200923,4,2026-05-13,8829.33,2026-05-11,8829.33,PAID_ON_TIME
RP0006488,LN200923,5,2026-06-13,8829.33,2026-06-17,8829.33,PAID_ON_TIME
RP0006489,LN200923,6,2026-07-13,8829.33,2026-07-15,8829.33,PAID_ON_TIME
RP0006490,LN200923,7,2026-08-13,8829.33,2026-08-12,8829.33,PAID_ON_TIME
RP0006491,LN200923,8,2026-09-13,8829.33,,0.0,NOT_DUE
RP0006492,LN200923,9,2026-10-13,8829.33,,0.0,NOT_DUE
RP0006493,LN200923,10,2026-11-13,8829.33,,0.0,NOT_DUE
RP0006494,LN200923,11,2026-12-13,8829.33,,0.0,NOT_DUE
RP0006495,LN200923,12,2027-01-13,8829.33,,0.0,NOT_DUE
RP0006496,LN200924,1,2026-02-02,26004.0,2026-02-05,26004.0,PAID_ON_TIME
RP0006497,LN200924,2,2026-03-02,26004.0,2026-02-27,26004.0,PAID_ON_TIME
RP0006498,LN200924,3,2026-04-02,26004.0,2026-04-04,26004.0,PAID_ON_TIME
RP0006499,LN200924,4,2026-05-02,26004.0,2026-04-30,26004.0,PAID_ON_TIME
RP0006500,LN200924,5,2026-06-02,26004.0,,0.0,UNPAID
RP0006501,LN200924,6,2026-07-02,26004.0,,0.0,UNPAID
RP0006502,LN200924,7,2026-08-02,26004.0,2026-07-30,26004.0,PAID_ON_TIME
RP0006503,LN200924,8,2026-09-02,26004.0,,0.0,NOT_DUE
RP0006504,LN200924,9,2026-10-02,26004.0,,0.0,NOT_DUE
RP0006505,LN200924,10,2026-11-02,26004.0,,0.0,NOT_DUE
RP0006506,LN200924,11,2026-12-02,26004.0,,0.0,NOT_DUE
RP0006507,LN200924,12,2027-01-02,26004.0,,0.0,NOT_DUE
RP0006508,LN200925,1,2025-09-21,11667.5,2025-09-23,11667.5,PAID_ON_TIME
RP0006509,LN200925,2,2025-10-21,11667.5,,0.0,UNPAID
RP0006510,LN200925,3,2025-11-21,11667.5,2025-11-21,11667.5,PAID_ON_TIME
RP0006511,LN200925,4,2025-12-21,11667.5,2025-12-24,11667.5,PAID_ON_TIME
RP0006512,LN200925,5,2026-01-21,11667.5,2026-01-20,11667.5,PAID_ON_TIME
RP0006513,LN200925,6,2026-02-21,11667.5,2026-06-15,11667.5,PAID_LATE
RP0006514,LN200926,1,2026-04-22,10680.0,2026-04-26,10680.0,PAID_ON_TIME
RP0006515,LN200926,2,2026-05-22,10680.0,2026-08-15,10680.0,PAID_LATE
RP0006516,LN200926,3,2026-06-22,10680.0,2026-06-19,10680.0,PAID_ON_TIME
RP0006517,LN200926,4,2026-07-22,10680.0,2026-07-20,10680.0,PAID_ON_TIME
RP0006518,LN200926,5,2026-08-22,10680.0,2026-08-24,10680.0,PAID_ON_TIME
RP0006519,LN200926,6,2026-09-22,10680.0,,0.0,NOT_DUE
RP0006520,LN200927,1,2026-08-28,20208.17,2026-08-31,20208.17,PAID_ON_TIME
RP0006521,LN200927,2,2026-09-28,20208.17,,0.0,NOT_DUE
RP0006522,LN200927,3,2026-10-28,20208.17,,0.0,NOT_DUE
RP0006523,LN200927,4,2026-11-28,20208.17,,0.0,NOT_DUE
RP0006524,LN200927,5,2026-12-28,20208.17,,0.0,NOT_DUE
RP0006525,LN200927,6,2027-01-28,20208.17,,0.0,NOT_DUE
RP0006526,LN200928,1,2025-06-29,4957.78,2025-07-03,4957.78,PAID_ON_TIME
RP0006527,LN200928,2,2025-07-29,4957.78,2025-07-27,4957.78,PAID_ON_TIME
RP0006528,LN200928,3,2025-08-29,4957.78,2025-09-01,4957.78,PAID_ON_TIME
RP0006529,LN200928,4,2025-09-29,4957.78,2025-09-26,4957.78,PAID_ON_TIME
RP0006530,LN200928,5,2025-10-29,4957.78,2025-10-31,4957.78,PAID_LATE
RP0006531,LN200928,6,2025-11-29,4957.78,,0.0,UNPAID
RP0006532,LN200928,7,2025-12-29,4957.78,2026-01-01,4957.78,PAID_ON_TIME
RP0006533,LN200928,8,2026-01-29,4957.78,2026-03-05,4957.78,PAID_LATE
RP0006534,LN200928,9,2026-02-28,4957.78,2026-02-27,4957.78,PAID_ON_TIME
RP0006535,LN200929,1,2025-06-09,45092.67,2025-06-06,45092.67,PAID_ON_TIME
RP0006536,LN200929,2,2025-07-09,45092.67,2025-07-08,45092.67,PAID_ON_TIME
RP0006537,LN200929,3,2025-08-09,45092.67,2025-08-11,45092.67,PAID_ON_TIME
RP0006538,LN200929,4,2025-09-09,45092.67,2025-09-11,45092.67,PAID_ON_TIME
RP0006539,LN200929,5,2025-10-09,45092.67,2025-10-11,45092.67,PAID_ON_TIME
RP0006540,LN200929,6,2025-11-09,45092.67,,0.0,UNPAID
RP0006541,LN200930,1,2026-01-29,24365.67,2026-01-30,24365.67,PAID_ON_TIME
RP0006542,LN200930,2,2026-02-28,24365.67,2026-02-27,24365.67,PAID_ON_TIME
RP0006543,LN200930,3,2026-03-29,24365.67,2026-03-26,24365.67,PAID_ON_TIME
RP0006544,LN200930,4,2026-04-29,24365.67,2026-04-29,24365.67,PAID_ON_TIME
RP0006545,LN200930,5,2026-05-29,24365.67,,0.0,UNPAID
RP0006546,LN200930,6,2026-06-29,24365.67,2026-08-18,24365.67,PAID_LATE
RP0006547,LN200931,1,2025-05-24,73093.92,2025-05-24,73093.92,PAID_ON_TIME
RP0006548,LN200931,2,2025-06-24,73093.92,2025-06-28,73093.92,PAID_ON_TIME
RP0006549,LN200931,3,2025-07-24,73093.92,2025-07-27,73093.92,PAID_ON_TIME
RP0006550,LN200932,1,2026-05-23,18383.0,2026-05-27,18383.0,PAID_ON_TIME
RP0006551,LN200932,2,2026-06-23,18383.0,,0.0,UNPAID
RP0006552,LN200932,3,2026-07-23,18383.0,,0.0,UNPAID
RP0006553,LN200932,4,2026-08-23,18383.0,2026-08-22,18383.0,PAID_ON_TIME
RP0006554,LN200932,5,2026-09-23,18383.0,,0.0,NOT_DUE
RP0006555,LN200932,6,2026-10-23,18383.0,,0.0,NOT_DUE
RP0006556,LN200932,7,2026-11-23,18383.0,,0.0,NOT_DUE
RP0006557,LN200932,8,2026-12-23,18383.0,,0.0,NOT_DUE
RP0006558,LN200932,9,2027-01-23,18383.0,,0.0,NOT_DUE
RP0006559,LN200932,10,2027-02-23,18383.0,,0.0,NOT_DUE
RP0006560,LN200932,11,2027-03-23,18383.0,,0.0,NOT_DUE
RP0006561,LN200932,12,2027-04-23,18383.0,,0.0,NOT_DUE
RP0006562,LN200933,1,2025-06-18,6805.67,2025-06-21,6805.67,PAID_ON_TIME
RP0006563,LN200933,2,2025-07-18,6805.67,2025-07-20,6805.67,PAID_ON_TIME
RP0006564,LN200933,3,2025-08-18,6805.67,,0.0,UNPAID
RP0006565,LN200933,4,2025-09-18,6805.67,2025-12-28,6805.67,PAID_LATE
RP0006566,LN200933,5,2025-10-18,6805.67,2025-10-19,6805.67,PAID_ON_TIME
RP0006567,LN200933,6,2025-11-18,6805.67,2025-11-19,6805.67,PAID_ON_TIME
RP0006568,LN200933,7,2025-12-18,6805.67,2025-12-15,6805.67,PAID_ON_TIME
RP0006569,LN200933,8,2026-01-18,6805.67,2026-01-22,6805.67,PAID_ON_TIME
RP0006570,LN200933,9,2026-02-18,6805.67,2026-02-15,6805.67,PAID_ON_TIME
RP0006571,LN200933,10,2026-03-18,6805.67,2026-03-21,6805.67,PAID_ON_TIME
RP0006572,LN200933,11,2026-04-18,6805.67,2026-06-15,6805.67,PAID_LATE
RP0006573,LN200933,12,2026-05-18,6805.67,2026-05-16,6805.67,PAID_ON_TIME
RP0006574,LN200934,1,2025-05-01,22581.33,2025-05-01,22581.33,PAID_ON_TIME
RP0006575,LN200934,2,2025-06-01,22581.33,2025-06-04,22581.33,PAID_ON_TIME
RP0006576,LN200934,3,2025-07-01,22581.33,2025-07-03,22581.33,PAID_ON_TIME
RP0006577,LN200934,4,2025-08-01,22581.33,2025-08-12,22581.33,PAID_LATE
RP0006578,LN200934,5,2025-09-01,22581.33,2025-09-04,22581.33,PAID_ON_TIME
RP0006579,LN200934,6,2025-10-01,22581.33,2025-09-30,22581.33,PAID_ON_TIME
RP0006580,LN200934,7,2025-11-01,22581.33,2025-12-16,22581.33,PAID_LATE
RP0006581,LN200934,8,2025-12-01,22581.33,2025-11-28,22581.33,PAID_ON_TIME
RP0006582,LN200934,9,2026-01-01,22581.33,2026-01-04,22581.33,PAID_ON_TIME
RP0006583,LN200935,1,2025-11-04,23820.17,,0.0,UNPAID
RP0006584,LN200935,2,2025-12-04,23820.17,2025-12-05,23820.17,PAID_ON_TIME
RP0006585,LN200935,3,2026-01-04,23820.17,2026-01-05,23820.17,PAID_ON_TIME
RP0006586,LN200935,4,2026-02-04,23820.17,2026-02-08,23820.17,PAID_ON_TIME
RP0006587,LN200935,5,2026-03-04,23820.17,2026-03-08,23820.17,PAID_ON_TIME
RP0006588,LN200935,6,2026-04-04,23820.17,2026-04-06,23820.17,PAID_ON_TIME
RP0006589,LN200936,1,2025-07-15,27820.0,2025-07-16,27820.0,PAID_ON_TIME
RP0006590,LN200936,2,2025-08-15,27820.0,2025-08-13,27820.0,PAID_ON_TIME
RP0006591,LN200936,3,2025-09-15,27820.0,2025-09-14,27820.0,PAID_ON_TIME
RP0006592,LN200937,1,2025-03-18,61677.0,2025-03-19,61677.0,PAID_ON_TIME
RP0006593,LN200937,2,2025-04-18,61677.0,2025-04-22,61677.0,PAID_ON_TIME
RP0006594,LN200937,3,2025-05-18,61677.0,2025-05-17,61677.0,PAID_ON_TIME
RP0006595,LN200938,1,2025-09-01,7308.67,2025-09-04,7308.67,PAID_ON_TIME
RP0006596,LN200938,2,2025-10-01,7308.67,2025-09-28,7308.67,PAID_ON_TIME
RP0006597,LN200938,3,2025-11-01,7308.67,2025-11-01,7308.67,PAID_ON_TIME
RP0006598,LN200938,4,2025-12-01,7308.67,2025-12-03,7308.67,PAID_ON_TIME
RP0006599,LN200938,5,2026-01-01,7308.67,2026-01-03,7308.67,PAID_ON_TIME
RP0006600,LN200938,6,2026-02-01,7308.67,2026-01-30,7308.67,PAID_ON_TIME
RP0006601,LN200938,7,2026-03-01,7308.67,2026-03-03,7308.67,PAID_ON_TIME
RP0006602,LN200938,8,2026-04-01,7308.67,2026-05-14,7308.67,PAID_LATE
RP0006603,LN200938,9,2026-05-01,7308.67,2026-05-02,7308.67,PAID_ON_TIME
RP0006604,LN200938,10,2026-06-01,7308.67,2026-05-30,7308.67,PAID_ON_TIME
RP0006605,LN200938,11,2026-07-01,7308.67,2026-06-29,7308.67,PAID_ON_TIME
RP0006606,LN200938,12,2026-08-01,7308.67,2026-08-02,7308.67,PAID_ON_TIME
RP0006607,LN200939,1,2025-05-16,6375.42,2025-05-17,6375.42,PAID_ON_TIME
RP0006608,LN200939,2,2025-06-16,6375.42,2025-06-18,6375.42,PAID_ON_TIME
RP0006609,LN200939,3,2025-07-16,6375.42,2025-07-14,6375.42,PAID_ON_TIME
RP0006610,LN200939,4,2025-08-16,6375.42,2025-08-16,6375.42,PAID_ON_TIME
RP0006611,LN200939,5,2025-09-16,6375.42,2025-12-08,6375.42,PAID_LATE
RP0006612,LN200939,6,2025-10-16,6375.42,2025-10-13,6375.42,PAID_ON_TIME
RP0006613,LN200939,7,2025-11-16,6375.42,2025-11-19,6375.42,PAID_ON_TIME
RP0006614,LN200939,8,2025-12-16,6375.42,2025-12-18,6375.42,PAID_ON_TIME
RP0006615,LN200939,9,2026-01-16,6375.42,2026-01-18,6375.42,PAID_ON_TIME
RP0006616,LN200939,10,2026-02-16,6375.42,2026-02-17,6375.42,PAID_ON_TIME
RP0006617,LN200939,11,2026-03-16,6375.42,2026-03-13,6375.42,PAID_ON_TIME
RP0006618,LN200939,12,2026-04-16,6375.42,2026-04-14,6375.42,PAID_ON_TIME
RP0006619,LN200940,1,2025-09-23,8404.0,2025-09-26,8404.0,PAID_ON_TIME
RP0006620,LN200940,2,2025-10-23,8404.0,2025-10-23,8404.0,PAID_ON_TIME
RP0006621,LN200940,3,2025-11-23,8404.0,2025-11-26,8404.0,PAID_ON_TIME
RP0006622,LN200941,1,2025-06-15,6913.33,2025-09-10,6913.33,PAID_LATE
RP0006623,LN200941,2,2025-07-15,6913.33,2025-07-18,6913.33,PAID_ON_TIME
RP0006624,LN200941,3,2025-08-15,6913.33,2025-08-13,6913.33,PAID_ON_TIME
RP0006625,LN200942,1,2025-02-08,6336.0,2025-02-06,6336.0,PAID_ON_TIME
RP0006626,LN200942,2,2025-03-08,6336.0,2025-03-09,6336.0,PAID_ON_TIME
RP0006627,LN200942,3,2025-04-08,6336.0,2025-04-11,6336.0,PAID_ON_TIME
RP0006628,LN200942,4,2025-05-08,6336.0,2025-05-10,6336.0,PAID_ON_TIME
RP0006629,LN200942,5,2025-06-08,6336.0,2025-06-28,6336.0,PAID_LATE
RP0006630,LN200942,6,2025-07-08,6336.0,2025-07-06,6336.0,PAID_ON_TIME
RP0006631,LN200942,7,2025-08-08,6336.0,2025-11-03,6336.0,PAID_LATE
RP0006632,LN200942,8,2025-09-08,6336.0,2025-09-05,6336.0,PAID_ON_TIME
RP0006633,LN200942,9,2025-10-08,6336.0,2025-12-11,6336.0,PAID_LATE
RP0006634,LN200942,10,2025-11-08,6336.0,2025-11-11,6336.0,PAID_ON_TIME
RP0006635,LN200942,11,2025-12-08,6336.0,2025-12-08,6336.0,PAID_ON_TIME
RP0006636,LN200942,12,2026-01-08,6336.0,2026-01-07,6336.0,PAID_ON_TIME
RP0006637,LN200943,1,2025-07-24,12891.5,2025-08-14,12891.5,PAID_LATE
RP0006638,LN200943,2,2025-08-24,12891.5,2025-08-24,12891.5,PAID_ON_TIME
RP0006639,LN200943,3,2025-09-24,12891.5,2025-09-24,12891.5,PAID_ON_TIME
RP0006640,LN200943,4,2025-10-24,12891.5,2025-10-21,12891.5,PAID_ON_TIME
RP0006641,LN200943,5,2025-11-24,12891.5,2026-02-26,12891.5,PAID_LATE
RP0006642,LN200943,6,2025-12-24,12891.5,2025-12-23,12891.5,PAID_ON_TIME
RP0006643,LN200943,7,2026-01-24,12891.5,2026-01-27,12891.5,PAID_ON_TIME
RP0006644,LN200943,8,2026-02-24,12891.5,2026-02-27,12891.5,PAID_ON_TIME
RP0006645,LN200943,9,2026-03-24,12891.5,2026-03-21,12891.5,PAID_ON_TIME
RP0006646,LN200943,10,2026-04-24,12891.5,2026-07-06,12891.5,PAID_LATE
RP0006647,LN200943,11,2026-05-24,12891.5,2026-05-23,12891.5,PAID_ON_TIME
RP0006648,LN200943,12,2026-06-24,12891.5,2026-06-22,12891.5,PAID_ON_TIME
RP0006649,LN200944,1,2026-06-07,54821.0,2026-06-04,54821.0,PAID_ON_TIME
RP0006650,LN200944,2,2026-07-07,54821.0,2026-07-31,54821.0,PAID_LATE
RP0006651,LN200944,3,2026-08-07,54821.0,,0.0,UNPAID
RP0006652,LN200945,1,2026-08-07,44743.11,2026-08-04,44743.11,PAID_ON_TIME
RP0006653,LN200945,2,2026-09-07,44743.11,,0.0,NOT_DUE
RP0006654,LN200945,3,2026-10-07,44743.11,,0.0,NOT_DUE
RP0006655,LN200945,4,2026-11-07,44743.11,,0.0,NOT_DUE
RP0006656,LN200945,5,2026-12-07,44743.11,,0.0,NOT_DUE
RP0006657,LN200945,6,2027-01-07,44743.11,,0.0,NOT_DUE
RP0006658,LN200945,7,2027-02-07,44743.11,,0.0,NOT_DUE
RP0006659,LN200945,8,2027-03-07,44743.11,,0.0,NOT_DUE
RP0006660,LN200945,9,2027-04-07,44743.11,,0.0,NOT_DUE
RP0006661,LN200946,1,2025-06-12,91009.5,2025-06-09,91009.5,PAID_ON_TIME
RP0006662,LN200946,2,2025-07-12,91009.5,2025-08-23,91009.5,PAID_LATE
RP0006663,LN200946,3,2025-08-12,91009.5,2025-08-14,91009.5,PAID_ON_TIME
RP0006664,LN200947,1,2025-11-17,124333.0,2025-11-21,124333.0,PAID_ON_TIME
RP0006665,LN200947,2,2025-12-17,124333.0,2025-12-20,124333.0,PAID_ON_TIME
RP0006666,LN200947,3,2026-01-17,124333.0,2026-01-16,124333.0,PAID_ON_TIME
RP0006667,LN200948,1,2026-02-10,8416.0,2026-02-12,8416.0,PAID_ON_TIME
RP0006668,LN200948,2,2026-03-10,8416.0,2026-03-07,8416.0,PAID_ON_TIME
RP0006669,LN200948,3,2026-04-10,8416.0,2026-04-09,8416.0,PAID_ON_TIME
RP0006670,LN200949,1,2025-04-11,27280.5,2025-04-08,27280.5,PAID_ON_TIME
RP0006671,LN200949,2,2025-05-11,27280.5,2025-05-09,27280.5,PAID_ON_TIME
RP0006672,LN200949,3,2025-06-11,27280.5,2025-06-13,27280.5,PAID_ON_TIME
RP0006673,LN200950,1,2026-05-15,11586.25,2026-05-15,11586.25,PAID_ON_TIME
RP0006674,LN200950,2,2026-06-15,11586.25,2026-06-12,11586.25,PAID_ON_TIME
RP0006675,LN200950,3,2026-07-15,11586.25,2026-07-13,11586.25,PAID_ON_TIME
RP0006676,LN200950,4,2026-08-15,11586.25,2026-08-16,11586.25,PAID_ON_TIME
RP0006677,LN200950,5,2026-09-15,11586.25,,0.0,NOT_DUE
RP0006678,LN200950,6,2026-10-15,11586.25,,0.0,NOT_DUE
RP0006679,LN200951,1,2025-03-22,48618.83,2025-03-20,48618.83,PAID_ON_TIME
RP0006680,LN200951,2,2025-04-22,48618.83,2025-04-23,48618.83,PAID_ON_TIME
RP0006681,LN200951,3,2025-05-22,48618.83,2025-05-22,48618.83,PAID_ON_TIME
RP0006682,LN200951,4,2025-06-22,48618.83,2025-06-26,48618.83,PAID_ON_TIME
RP0006683,LN200951,5,2025-07-22,48618.83,2025-07-26,48618.83,PAID_ON_TIME
RP0006684,LN200951,6,2025-08-22,48618.83,2025-08-20,48618.83,PAID_ON_TIME
RP0006685,LN200951,7,2025-09-22,48618.83,2025-09-20,48618.83,PAID_ON_TIME
RP0006686,LN200951,8,2025-10-22,48618.83,2025-10-23,48618.83,PAID_ON_TIME
RP0006687,LN200951,9,2025-11-22,48618.83,2025-11-25,48618.83,PAID_ON_TIME
RP0006688,LN200951,10,2025-12-22,48618.83,2025-12-21,48618.83,PAID_ON_TIME
RP0006689,LN200951,11,2026-01-22,48618.83,2026-04-30,48618.83,PAID_LATE
RP0006690,LN200951,12,2026-02-22,48618.83,2026-02-23,48618.83,PAID_ON_TIME
RP0006691,LN200952,1,2025-03-14,64929.5,2025-06-18,64929.5,PAID_LATE
RP0006692,LN200952,2,2025-04-14,64929.5,2025-04-16,64929.5,PAID_ON_TIME
RP0006693,LN200952,3,2025-05-14,64929.5,2025-05-14,64929.5,PAID_ON_TIME
RP0006694,LN200952,4,2025-06-14,64929.5,2025-06-27,64929.5,PAID_LATE
RP0006695,LN200952,5,2025-07-14,64929.5,2025-07-16,64929.5,PAID_ON_TIME
RP0006696,LN200952,6,2025-08-14,64929.5,2025-08-18,64929.5,PAID_ON_TIME
RP0006697,LN200953,1,2026-04-08,27988.5,2026-04-09,27988.5,PAID_ON_TIME
RP0006698,LN200953,2,2026-05-08,27988.5,2026-05-11,27988.5,PAID_ON_TIME
RP0006699,LN200953,3,2026-06-08,27988.5,2026-06-12,27988.5,PAID_ON_TIME
RP0006700,LN200953,4,2026-07-08,27988.5,2026-07-09,27988.5,PAID_ON_TIME
RP0006701,LN200953,5,2026-08-08,27988.5,2026-08-12,27988.5,PAID_ON_TIME
RP0006702,LN200953,6,2026-09-08,27988.5,,0.0,NOT_DUE
RP0006703,LN200953,7,2026-10-08,27988.5,,0.0,NOT_DUE
RP0006704,LN200953,8,2026-11-08,27988.5,,0.0,NOT_DUE
RP0006705,LN200953,9,2026-12-08,27988.5,,0.0,NOT_DUE
RP0006706,LN200953,10,2027-01-08,27988.5,,0.0,NOT_DUE
RP0006707,LN200953,11,2027-02-08,27988.5,,0.0,NOT_DUE
RP0006708,LN200953,12,2027-03-08,27988.5,,0.0,NOT_DUE
RP0006709,LN200954,1,2026-08-30,9931.67,2026-08-28,9931.67,PAID_ON_TIME
RP0006710,LN200954,2,2026-09-30,9931.67,,0.0,NOT_DUE
RP0006711,LN200954,3,2026-10-30,9931.67,,0.0,NOT_DUE
RP0006712,LN200954,4,2026-11-30,9931.67,,0.0,NOT_DUE
RP0006713,LN200954,5,2026-12-30,9931.67,,0.0,NOT_DUE
RP0006714,LN200954,6,2027-01-30,9931.67,,0.0,NOT_DUE
RP0006715,LN200954,7,2027-02-28,9931.67,,0.0,NOT_DUE
RP0006716,LN200954,8,2027-03-30,9931.67,,0.0,NOT_DUE
RP0006717,LN200954,9,2027-04-30,9931.67,,0.0,NOT_DUE
RP0006718,LN200954,10,2027-05-30,9931.67,,0.0,NOT_DUE
RP0006719,LN200954,11,2027-06-30,9931.67,,0.0,NOT_DUE
RP0006720,LN200954,12,2027-07-30,9931.67,,0.0,NOT_DUE
RP0006721,LN200956,1,2026-05-20,9459.67,2026-05-17,9459.67,PAID_ON_TIME
RP0006722,LN200956,2,2026-06-20,9459.67,2026-06-24,9459.67,PAID_ON_TIME
RP0006723,LN200956,3,2026-07-20,9459.67,2026-07-27,9459.67,PAID_LATE
RP0006724,LN200956,4,2026-08-20,9459.67,2026-08-24,9459.67,PAID_ON_TIME
RP0006725,LN200956,5,2026-09-20,9459.67,,0.0,NOT_DUE
RP0006726,LN200956,6,2026-10-20,9459.67,,0.0,NOT_DUE
RP0006727,LN200957,1,2025-10-25,4117.0,2025-10-23,4117.0,PAID_ON_TIME
RP0006728,LN200957,2,2025-11-25,4117.0,2025-11-29,4117.0,PAID_ON_TIME
RP0006729,LN200957,3,2025-12-25,4117.0,2025-12-22,4117.0,PAID_ON_TIME
RP0006730,LN200957,4,2026-01-25,4117.0,2026-01-29,4117.0,PAID_ON_TIME
RP0006731,LN200957,5,2026-02-25,4117.0,2026-02-23,4117.0,PAID_ON_TIME
RP0006732,LN200957,6,2026-03-25,4117.0,2026-03-24,4117.0,PAID_ON_TIME
RP0006733,LN200958,1,2025-08-24,17406.17,2025-08-21,17406.17,PAID_ON_TIME
RP0006734,LN200958,2,2025-09-24,17406.17,2025-09-26,17406.17,PAID_ON_TIME
RP0006735,LN200958,3,2025-10-24,17406.17,2026-01-11,17406.17,PAID_LATE
RP0006736,LN200958,4,2025-11-24,17406.17,2025-11-21,17406.17,PAID_ON_TIME
RP0006737,LN200958,5,2025-12-24,17406.17,2025-12-24,17406.17,PAID_ON_TIME
RP0006738,LN200958,6,2026-01-24,17406.17,2026-01-26,17406.17,PAID_ON_TIME
RP0006739,LN200958,7,2026-02-24,17406.17,2026-02-28,17406.17,PAID_ON_TIME
RP0006740,LN200958,8,2026-03-24,17406.17,2026-03-27,17406.17,PAID_ON_TIME
RP0006741,LN200958,9,2026-04-24,17406.17,2026-04-24,17406.17,PAID_ON_TIME
RP0006742,LN200958,10,2026-05-24,17406.17,2026-05-27,17406.17,PAID_ON_TIME
RP0006743,LN200958,11,2026-06-24,17406.17,2026-06-22,17406.17,PAID_ON_TIME
RP0006744,LN200958,12,2026-07-24,17406.17,2026-07-26,17406.17,PAID_ON_TIME
RP0006745,LN200959,1,2025-03-05,9702.0,2025-06-25,9702.0,PAID_LATE
RP0006746,LN200959,2,2025-04-05,9702.0,2025-04-04,9702.0,PAID_ON_TIME
RP0006747,LN200959,3,2025-05-05,9702.0,2025-05-06,9702.0,PAID_ON_TIME
RP0006748,LN200960,1,2025-08-04,8006.25,2025-08-05,8006.25,PAID_ON_TIME
RP0006749,LN200960,2,2025-09-04,8006.25,2025-09-05,8006.25,PAID_ON_TIME
RP0006750,LN200960,3,2025-10-04,8006.25,2025-10-06,8006.25,PAID_ON_TIME
RP0006751,LN200960,4,2025-11-04,8006.25,2025-11-01,8006.25,PAID_ON_TIME
RP0006752,LN200960,5,2025-12-04,8006.25,2025-12-01,8006.25,PAID_ON_TIME
RP0006753,LN200960,6,2026-01-04,8006.25,2026-01-05,8006.25,PAID_ON_TIME
RP0006754,LN200961,1,2025-09-24,7969.33,2025-10-01,7969.33,PAID_LATE
RP0006755,LN200961,2,2025-10-24,7969.33,2025-10-22,7969.33,PAID_ON_TIME
RP0006756,LN200961,3,2025-11-24,7969.33,2025-11-26,7969.33,PAID_ON_TIME
RP0006757,LN200961,4,2025-12-24,7969.33,2025-12-25,7969.33,PAID_ON_TIME
RP0006758,LN200961,5,2026-01-24,7969.33,2026-01-23,7969.33,PAID_ON_TIME
RP0006759,LN200961,6,2026-02-24,7969.33,,0.0,UNPAID
RP0006760,LN200962,1,2025-07-14,148480.33,2025-07-14,148480.33,PAID_ON_TIME
RP0006761,LN200962,2,2025-08-14,148480.33,2025-08-15,148480.33,PAID_ON_TIME
RP0006762,LN200962,3,2025-09-14,148480.33,2025-09-12,148480.33,PAID_ON_TIME
RP0006763,LN200963,1,2026-08-27,57029.33,2026-08-27,57029.33,PAID_ON_TIME
RP0006764,LN200963,2,2026-09-27,57029.33,,0.0,NOT_DUE
RP0006765,LN200963,3,2026-10-27,57029.33,,0.0,NOT_DUE
RP0006766,LN200963,4,2026-11-27,57029.33,,0.0,NOT_DUE
RP0006767,LN200963,5,2026-12-27,57029.33,,0.0,NOT_DUE
RP0006768,LN200963,6,2027-01-27,57029.33,,0.0,NOT_DUE
RP0006769,LN200963,7,2027-02-27,57029.33,,0.0,NOT_DUE
RP0006770,LN200963,8,2027-03-27,57029.33,,0.0,NOT_DUE
RP0006771,LN200963,9,2027-04-27,57029.33,,0.0,NOT_DUE
RP0006772,LN200964,1,2025-10-14,10304.67,2025-10-13,10304.67,PAID_ON_TIME
RP0006773,LN200964,2,2025-11-14,10304.67,2025-11-13,10304.67,PAID_ON_TIME
RP0006774,LN200964,3,2025-12-14,10304.67,2025-12-17,10304.67,PAID_ON_TIME
RP0006775,LN200964,4,2026-01-14,10304.67,2026-01-12,10304.67,PAID_ON_TIME
RP0006776,LN200964,5,2026-02-14,10304.67,2026-02-16,10304.67,PAID_ON_TIME
RP0006777,LN200964,6,2026-03-14,10304.67,2026-03-11,10304.67,PAID_ON_TIME
RP0006778,LN200964,7,2026-04-14,10304.67,2026-04-15,10304.67,PAID_ON_TIME
RP0006779,LN200964,8,2026-05-14,10304.67,2026-05-17,10304.67,PAID_ON_TIME
RP0006780,LN200964,9,2026-06-14,10304.67,2026-06-18,10304.67,PAID_ON_TIME
RP0006781,LN200964,10,2026-07-14,10304.67,2026-07-16,10304.67,PAID_ON_TIME
RP0006782,LN200964,11,2026-08-14,10304.67,2026-08-14,10304.67,PAID_ON_TIME
RP0006783,LN200964,12,2026-09-14,10304.67,,0.0,NOT_DUE
RP0006784,LN200965,1,2025-12-28,4009.5,2025-12-25,4009.5,PAID_ON_TIME
RP0006785,LN200965,2,2026-01-28,4009.5,,0.0,UNPAID
RP0006786,LN200965,3,2026-02-28,4009.5,2026-02-28,4009.5,PAID_ON_TIME
RP0006787,LN200965,4,2026-03-28,4009.5,2026-03-29,4009.5,PAID_ON_TIME
RP0006788,LN200965,5,2026-04-28,4009.5,2026-04-28,4009.5,PAID_ON_TIME
RP0006789,LN200965,6,2026-05-28,4009.5,2026-07-26,4009.5,PAID_LATE
RP0006790,LN200966,1,2026-08-07,3671.67,2026-08-07,3671.67,PAID_ON_TIME
RP0006791,LN200966,2,2026-09-07,3671.67,,0.0,NOT_DUE
RP0006792,LN200966,3,2026-10-07,3671.67,,0.0,NOT_DUE
RP0006793,LN200966,4,2026-11-07,3671.67,,0.0,NOT_DUE
RP0006794,LN200966,5,2026-12-07,3671.67,,0.0,NOT_DUE
RP0006795,LN200966,6,2027-01-07,3671.67,,0.0,NOT_DUE
RP0006796,LN200967,1,2025-06-24,7546.5,2025-06-23,7546.5,PAID_ON_TIME
RP0006797,LN200967,2,2025-07-24,7546.5,2025-07-27,7546.5,PAID_ON_TIME
RP0006798,LN200967,3,2025-08-24,7546.5,2025-11-13,7546.5,PAID_LATE
RP0006799,LN200967,4,2025-09-24,7546.5,2025-09-23,7546.5,PAID_ON_TIME
RP0006800,LN200967,5,2025-10-24,7546.5,2025-10-27,7546.5,PAID_ON_TIME
RP0006801,LN200967,6,2025-11-24,7546.5,2025-11-28,7546.5,PAID_ON_TIME
RP0006802,LN200967,7,2025-12-24,7546.5,2025-12-25,7546.5,PAID_ON_TIME
RP0006803,LN200967,8,2026-01-24,7546.5,2026-01-27,7546.5,PAID_ON_TIME
RP0006804,LN200967,9,2026-02-24,7546.5,2026-02-25,7546.5,PAID_ON_TIME
RP0006805,LN200967,10,2026-03-24,7546.5,2026-03-26,7546.5,PAID_ON_TIME
RP0006806,LN200967,11,2026-04-24,7546.5,2026-07-20,7546.5,PAID_LATE
RP0006807,LN200967,12,2026-05-24,7546.5,2026-05-26,7546.5,PAID_ON_TIME
RP0006808,LN200968,1,2026-03-04,11901.39,2026-03-07,11901.39,PAID_ON_TIME
RP0006809,LN200968,2,2026-04-04,11901.39,2026-04-01,11901.39,PAID_ON_TIME
RP0006810,LN200968,3,2026-05-04,11901.39,2026-05-07,11901.39,PAID_ON_TIME
RP0006811,LN200968,4,2026-06-04,11901.39,2026-06-03,11901.39,PAID_ON_TIME
RP0006812,LN200968,5,2026-07-04,11901.39,2026-07-08,11901.39,PAID_ON_TIME
RP0006813,LN200968,6,2026-08-04,11901.39,2026-08-06,11901.39,PAID_ON_TIME
RP0006814,LN200968,7,2026-09-04,11901.39,,0.0,NOT_DUE
RP0006815,LN200968,8,2026-10-04,11901.39,,0.0,NOT_DUE
RP0006816,LN200968,9,2026-11-04,11901.39,,0.0,NOT_DUE
RP0006817,LN200969,1,2026-08-13,10908.83,2026-08-11,10908.83,PAID_ON_TIME
RP0006818,LN200969,2,2026-09-13,10908.83,,0.0,NOT_DUE
RP0006819,LN200969,3,2026-10-13,10908.83,,0.0,NOT_DUE
RP0006820,LN200969,4,2026-11-13,10908.83,,0.0,NOT_DUE
RP0006821,LN200969,5,2026-12-13,10908.83,,0.0,NOT_DUE
RP0006822,LN200969,6,2027-01-13,10908.83,,0.0,NOT_DUE
RP0006823,LN200970,1,2025-02-27,13358.22,2025-03-01,13358.22,PAID_ON_TIME
RP0006824,LN200970,2,2025-03-27,13358.22,2025-03-31,13358.22,PAID_ON_TIME
RP0006825,LN200970,3,2025-04-27,13358.22,2025-04-27,13358.22,PAID_ON_TIME
RP0006826,LN200970,4,2025-05-27,13358.22,2025-05-28,13358.22,PAID_ON_TIME
RP0006827,LN200970,5,2025-06-27,13358.22,2025-07-01,13358.22,PAID_ON_TIME
RP0006828,LN200970,6,2025-07-27,13358.22,2025-07-31,13358.22,PAID_ON_TIME
RP0006829,LN200970,7,2025-08-27,13358.22,2025-08-28,13358.22,PAID_ON_TIME
RP0006830,LN200970,8,2025-09-27,13358.22,2025-09-26,13358.22,PAID_ON_TIME
RP0006831,LN200970,9,2025-10-27,13358.22,2025-10-26,13358.22,PAID_ON_TIME
RP0006832,LN200971,1,2025-07-30,6948.5,2025-08-02,6948.5,PAID_ON_TIME
RP0006833,LN200971,2,2025-08-30,6948.5,2025-09-03,6948.5,PAID_ON_TIME
RP0006834,LN200971,3,2025-09-30,6948.5,2025-10-01,6948.5,PAID_ON_TIME
RP0006835,LN200971,4,2025-10-30,6948.5,2025-10-29,6948.5,PAID_ON_TIME
RP0006836,LN200971,5,2025-11-30,6948.5,2026-01-01,6948.5,PAID_LATE
RP0006837,LN200971,6,2025-12-30,6948.5,2025-12-27,6948.5,PAID_ON_TIME
RP0006838,LN200972,1,2026-06-02,14414.92,2026-06-04,14414.92,PAID_ON_TIME
RP0006839,LN200972,2,2026-07-02,14414.92,2026-06-30,14414.92,PAID_ON_TIME
RP0006840,LN200972,3,2026-08-02,14414.92,2026-08-01,14414.92,PAID_ON_TIME
RP0006841,LN200973,1,2025-04-18,7429.11,2025-05-28,7429.11,PAID_LATE
RP0006842,LN200973,2,2025-05-18,7429.11,2025-05-22,7429.11,PAID_ON_TIME
RP0006843,LN200973,3,2025-06-18,7429.11,2025-06-17,7429.11,PAID_ON_TIME
RP0006844,LN200973,4,2025-07-18,7429.11,2025-07-16,7429.11,PAID_ON_TIME
RP0006845,LN200973,5,2025-08-18,7429.11,2025-08-16,7429.11,PAID_ON_TIME
RP0006846,LN200973,6,2025-09-18,7429.11,2025-09-21,7429.11,PAID_ON_TIME
RP0006847,LN200973,7,2025-10-18,7429.11,2025-10-20,7429.11,PAID_ON_TIME
RP0006848,LN200973,8,2025-11-18,7429.11,2025-11-19,7429.11,PAID_ON_TIME
RP0006849,LN200973,9,2025-12-18,7429.11,2025-12-18,7429.11,PAID_ON_TIME
RP0006850,LN200973,10,2026-01-18,7429.11,2026-01-22,7429.11,PAID_ON_TIME
RP0006851,LN200973,11,2026-02-18,7429.11,2026-02-21,7429.11,PAID_ON_TIME
RP0006852,LN200973,12,2026-03-18,7429.11,,0.0,UNPAID
RP0006853,LN200973,13,2026-04-18,7429.11,2026-04-16,7429.11,PAID_ON_TIME
RP0006854,LN200973,14,2026-05-18,7429.11,2026-05-22,7429.11,PAID_ON_TIME
RP0006855,LN200973,15,2026-06-18,7429.11,2026-06-16,7429.11,PAID_ON_TIME
RP0006856,LN200973,16,2026-07-18,7429.11,2026-07-18,7429.11,PAID_ON_TIME
RP0006857,LN200973,17,2026-08-18,7429.11,2026-08-21,7429.11,PAID_ON_TIME
RP0006858,LN200973,18,2026-09-18,7429.11,,0.0,NOT_DUE
RP0006859,LN200974,1,2026-06-30,16948.75,2026-06-30,16948.75,PAID_ON_TIME
RP0006860,LN200974,2,2026-07-30,16948.75,2026-07-29,16948.75,PAID_ON_TIME
RP0006861,LN200974,3,2026-08-30,16948.75,,0.0,UNPAID
RP0006862,LN200974,4,2026-09-30,16948.75,,0.0,NOT_DUE
RP0006863,LN200974,5,2026-10-30,16948.75,,0.0,NOT_DUE
RP0006864,LN200974,6,2026-11-30,16948.75,,0.0,NOT_DUE
RP0006865,LN200975,1,2025-03-06,3190.28,2025-03-08,3190.28,PAID_ON_TIME
RP0006866,LN200975,2,2025-04-06,3190.28,2025-04-09,3190.28,PAID_ON_TIME
RP0006867,LN200975,3,2025-05-06,3190.28,2025-05-06,3190.28,PAID_ON_TIME
RP0006868,LN200975,4,2025-06-06,3190.28,2025-06-07,3190.28,PAID_ON_TIME
RP0006869,LN200975,5,2025-07-06,3190.28,2025-07-07,3190.28,PAID_ON_TIME
RP0006870,LN200975,6,2025-08-06,3190.28,2025-12-03,3190.28,PAID_LATE
RP0006871,LN200975,7,2025-09-06,3190.28,2025-09-09,3190.28,PAID_ON_TIME
RP0006872,LN200975,8,2025-10-06,3190.28,2025-10-07,3190.28,PAID_ON_TIME
RP0006873,LN200975,9,2025-11-06,3190.28,2025-11-06,3190.28,PAID_ON_TIME
RP0006874,LN200976,1,2025-11-16,3675.0,2025-11-18,3675.0,PAID_ON_TIME
RP0006875,LN200976,2,2025-12-16,3675.0,2025-12-18,3675.0,PAID_ON_TIME
RP0006876,LN200976,3,2026-01-16,3675.0,2026-01-15,3675.0,PAID_ON_TIME
RP0006877,LN200976,4,2026-02-16,3675.0,2026-02-17,3675.0,PAID_ON_TIME
RP0006878,LN200976,5,2026-03-16,3675.0,2026-03-17,3675.0,PAID_ON_TIME
RP0006879,LN200976,6,2026-04-16,3675.0,2026-04-19,3675.0,PAID_ON_TIME
RP0006880,LN200977,1,2026-04-18,8051.39,2026-04-16,8051.39,PAID_ON_TIME
RP0006881,LN200977,2,2026-05-18,8051.39,2026-05-17,8051.39,PAID_ON_TIME
RP0006882,LN200977,3,2026-06-18,8051.39,2026-06-22,8051.39,PAID_ON_TIME
RP0006883,LN200977,4,2026-07-18,8051.39,,0.0,UNPAID
RP0006884,LN200977,5,2026-08-18,8051.39,2026-08-18,8051.39,PAID_ON_TIME
RP0006885,LN200977,6,2026-09-18,8051.39,,0.0,NOT_DUE
RP0006886,LN200977,7,2026-10-18,8051.39,,0.0,NOT_DUE
RP0006887,LN200977,8,2026-11-18,8051.39,,0.0,NOT_DUE
RP0006888,LN200977,9,2026-12-18,8051.39,,0.0,NOT_DUE
RP0006889,LN200978,1,2025-07-09,15473.31,2025-10-15,15473.31,PAID_LATE
RP0006890,LN200978,2,2025-08-09,15473.31,2025-08-08,15473.31,PAID_ON_TIME
RP0006891,LN200978,3,2025-09-09,15473.31,2025-09-12,15473.31,PAID_ON_TIME
RP0006892,LN200978,4,2025-10-09,15473.31,2025-10-09,15473.31,PAID_ON_TIME
RP0006893,LN200978,5,2025-11-09,15473.31,2025-11-06,15473.31,PAID_ON_TIME
RP0006894,LN200978,6,2025-12-09,15473.31,2025-12-07,15473.31,PAID_ON_TIME
RP0006895,LN200978,7,2026-01-09,15473.31,2026-01-13,15473.31,PAID_ON_TIME
RP0006896,LN200978,8,2026-02-09,15473.31,2026-02-07,15473.31,PAID_ON_TIME
RP0006897,LN200978,9,2026-03-09,15473.31,2026-03-13,15473.31,PAID_ON_TIME
RP0006898,LN200978,10,2026-04-09,15473.31,2026-04-15,15473.31,PAID_LATE
RP0006899,LN200978,11,2026-05-09,15473.31,2026-05-08,15473.31,PAID_ON_TIME
RP0006900,LN200978,12,2026-06-09,15473.31,2026-06-08,15473.31,PAID_ON_TIME
RP0006901,LN200978,13,2026-07-09,15473.31,2026-07-12,15473.31,PAID_ON_TIME
RP0006902,LN200978,14,2026-08-09,15473.31,2026-08-09,15473.31,PAID_ON_TIME
RP0006903,LN200978,15,2026-09-09,15473.31,,0.0,NOT_DUE
RP0006904,LN200978,16,2026-10-09,15473.31,,0.0,NOT_DUE
RP0006905,LN200978,17,2026-11-09,15473.31,,0.0,NOT_DUE
RP0006906,LN200978,18,2026-12-09,15473.31,,0.0,NOT_DUE
RP0006907,LN200979,1,2025-12-21,35181.25,2025-12-22,35181.25,PAID_ON_TIME
RP0006908,LN200979,2,2026-01-21,35181.25,2026-01-24,35181.25,PAID_ON_TIME
RP0006909,LN200979,3,2026-02-21,35181.25,2026-02-21,35181.25,PAID_ON_TIME
RP0006910,LN200979,4,2026-03-21,35181.25,,0.0,UNPAID
RP0006911,LN200979,5,2026-04-21,35181.25,2026-04-25,35181.25,PAID_ON_TIME
RP0006912,LN200979,6,2026-05-21,35181.25,2026-05-20,35181.25,PAID_ON_TIME
RP0006913,LN200980,1,2025-11-24,7095.5,2025-11-25,7095.5,PAID_ON_TIME
RP0006914,LN200980,2,2025-12-24,7095.5,2026-04-03,7095.5,PAID_LATE
RP0006915,LN200980,3,2026-01-24,7095.5,2026-01-28,7095.5,PAID_ON_TIME
RP0006916,LN200980,4,2026-02-24,7095.5,2026-02-22,7095.5,PAID_ON_TIME
RP0006917,LN200980,5,2026-03-24,7095.5,2026-03-23,7095.5,PAID_ON_TIME
RP0006918,LN200980,6,2026-04-24,7095.5,2026-04-24,7095.5,PAID_ON_TIME
RP0006919,LN200980,7,2026-05-24,7095.5,2026-05-22,7095.5,PAID_ON_TIME
RP0006920,LN200980,8,2026-06-24,7095.5,2026-06-28,7095.5,PAID_ON_TIME
RP0006921,LN200980,9,2026-07-24,7095.5,2026-07-28,7095.5,PAID_ON_TIME
RP0006922,LN200980,10,2026-08-24,7095.5,2026-08-22,7095.5,PAID_ON_TIME
RP0006923,LN200980,11,2026-09-24,7095.5,,0.0,NOT_DUE
RP0006924,LN200980,12,2026-10-24,7095.5,,0.0,NOT_DUE
RP0006925,LN200981,1,2026-04-10,2732.19,2026-04-11,2732.19,PAID_ON_TIME
RP0006926,LN200981,2,2026-05-10,2732.19,2026-05-11,2732.19,PAID_ON_TIME
RP0006927,LN200981,3,2026-06-10,2732.19,2026-06-14,2732.19,PAID_LATE
RP0006928,LN200981,4,2026-07-10,2732.19,2026-07-12,2732.19,PAID_ON_TIME
RP0006929,LN200981,5,2026-08-10,2732.19,2026-08-12,2732.19,PAID_ON_TIME
RP0006930,LN200981,6,2026-09-10,2732.19,,0.0,NOT_DUE
RP0006931,LN200981,7,2026-10-10,2732.19,,0.0,NOT_DUE
RP0006932,LN200981,8,2026-11-10,2732.19,,0.0,NOT_DUE
RP0006933,LN200981,9,2026-12-10,2732.19,,0.0,NOT_DUE
RP0006934,LN200981,10,2027-01-10,2732.19,,0.0,NOT_DUE
RP0006935,LN200981,11,2027-02-10,2732.19,,0.0,NOT_DUE
RP0006936,LN200981,12,2027-03-10,2732.19,,0.0,NOT_DUE
RP0006937,LN200981,13,2027-04-10,2732.19,,0.0,NOT_DUE
RP0006938,LN200981,14,2027-05-10,2732.19,,0.0,NOT_DUE
RP0006939,LN200981,15,2027-06-10,2732.19,,0.0,NOT_DUE
RP0006940,LN200981,16,2027-07-10,2732.19,,0.0,NOT_DUE
RP0006941,LN200981,17,2027-08-10,2732.19,,0.0,NOT_DUE
RP0006942,LN200981,18,2027-09-10,2732.19,,0.0,NOT_DUE
RP0006943,LN200982,1,2026-02-12,8467.5,2026-02-11,8467.5,PAID_ON_TIME
RP0006944,LN200982,2,2026-03-12,8467.5,2026-03-11,8467.5,PAID_ON_TIME
RP0006945,LN200982,3,2026-04-12,8467.5,2026-04-14,8467.5,PAID_ON_TIME
RP0006946,LN200982,4,2026-05-12,8467.5,2026-05-14,8467.5,PAID_ON_TIME
RP0006947,LN200982,5,2026-06-12,8467.5,2026-06-15,8467.5,PAID_ON_TIME
RP0006948,LN200982,6,2026-07-12,8467.5,2026-07-10,8467.5,PAID_ON_TIME
RP0006949,LN200982,7,2026-08-12,8467.5,2026-08-10,8467.5,PAID_ON_TIME
RP0006950,LN200982,8,2026-09-12,8467.5,,0.0,NOT_DUE
RP0006951,LN200982,9,2026-10-12,8467.5,,0.0,NOT_DUE
RP0006952,LN200982,10,2026-11-12,8467.5,,0.0,NOT_DUE
RP0006953,LN200982,11,2026-12-12,8467.5,,0.0,NOT_DUE
RP0006954,LN200982,12,2027-01-12,8467.5,,0.0,NOT_DUE
RP0006955,LN200983,1,2026-06-28,21823.75,2026-07-02,21823.75,PAID_ON_TIME
RP0006956,LN200983,2,2026-07-28,21823.75,2026-07-27,21823.75,PAID_ON_TIME
RP0006957,LN200983,3,2026-08-28,21823.75,2026-08-25,21823.75,PAID_ON_TIME
RP0006958,LN200983,4,2026-09-28,21823.75,,0.0,NOT_DUE
RP0006959,LN200983,5,2026-10-28,21823.75,,0.0,NOT_DUE
RP0006960,LN200983,6,2026-11-28,21823.75,,0.0,NOT_DUE
RP0006961,LN200983,7,2026-12-28,21823.75,,0.0,NOT_DUE
RP0006962,LN200983,8,2027-01-28,21823.75,,0.0,NOT_DUE
RP0006963,LN200983,9,2027-02-28,21823.75,,0.0,NOT_DUE
RP0006964,LN200983,10,2027-03-28,21823.75,,0.0,NOT_DUE
RP0006965,LN200983,11,2027-04-28,21823.75,,0.0,NOT_DUE
RP0006966,LN200983,12,2027-05-28,21823.75,,0.0,NOT_DUE
RP0006967,LN200984,1,2025-08-14,12194.67,2025-08-11,12194.67,PAID_ON_TIME
RP0006968,LN200984,2,2025-09-14,12194.67,2025-09-11,12194.67,PAID_ON_TIME
RP0006969,LN200984,3,2025-10-14,12194.67,2025-10-16,12194.67,PAID_ON_TIME
RP0006970,LN200984,4,2025-11-14,12194.67,2025-11-18,12194.67,PAID_ON_TIME
RP0006971,LN200984,5,2025-12-14,12194.67,2025-12-12,12194.67,PAID_ON_TIME
RP0006972,LN200984,6,2026-01-14,12194.67,2026-01-14,12194.67,PAID_ON_TIME
RP0006973,LN200985,1,2026-03-23,21667.92,2026-07-12,21667.92,PAID_LATE
RP0006974,LN200985,2,2026-04-23,21667.92,2026-04-25,21667.92,PAID_ON_TIME
RP0006975,LN200985,3,2026-05-23,21667.92,2026-05-20,21667.92,PAID_ON_TIME
RP0006976,LN200985,4,2026-06-23,21667.92,2026-06-23,21667.92,PAID_ON_TIME
RP0006977,LN200985,5,2026-07-23,21667.92,2026-07-27,21667.92,PAID_ON_TIME
RP0006978,LN200985,6,2026-08-23,21667.92,2026-08-26,21667.92,PAID_ON_TIME
RP0006979,LN200986,1,2026-04-27,2467.22,2026-04-27,2467.22,PAID_ON_TIME
RP0006980,LN200986,2,2026-05-27,2467.22,2026-05-27,2467.22,PAID_ON_TIME
RP0006981,LN200986,3,2026-06-27,2467.22,,0.0,UNPAID
RP0006982,LN200986,4,2026-07-27,2467.22,2026-07-30,2467.22,PAID_ON_TIME
RP0006983,LN200986,5,2026-08-27,2467.22,2026-08-24,2467.22,PAID_ON_TIME
RP0006984,LN200986,6,2026-09-27,2467.22,,0.0,NOT_DUE
RP0006985,LN200986,7,2026-10-27,2467.22,,0.0,NOT_DUE
RP0006986,LN200986,8,2026-11-27,2467.22,,0.0,NOT_DUE
RP0006987,LN200986,9,2026-12-27,2467.22,,0.0,NOT_DUE
RP0006988,LN200987,1,2026-08-27,4212.83,2026-08-31,4212.83,PAID_ON_TIME
RP0006989,LN200987,2,2026-09-27,4212.83,,0.0,NOT_DUE
RP0006990,LN200987,3,2026-10-27,4212.83,,0.0,NOT_DUE
RP0006991,LN200987,4,2026-11-27,4212.83,,0.0,NOT_DUE
RP0006992,LN200987,5,2026-12-27,4212.83,,0.0,NOT_DUE
RP0006993,LN200987,6,2027-01-27,4212.83,,0.0,NOT_DUE
RP0006994,LN200989,1,2026-06-24,20829.33,2026-06-26,20829.33,PAID_ON_TIME
RP0006995,LN200989,2,2026-07-24,20829.33,2026-07-21,20829.33,PAID_ON_TIME
RP0006996,LN200989,3,2026-08-24,20829.33,2026-08-26,20829.33,PAID_ON_TIME
RP0006997,LN200989,4,2026-09-24,20829.33,,0.0,NOT_DUE
RP0006998,LN200989,5,2026-10-24,20829.33,,0.0,NOT_DUE
RP0006999,LN200989,6,2026-11-24,20829.33,,0.0,NOT_DUE
RP0007000,LN200989,7,2026-12-24,20829.33,,0.0,NOT_DUE
RP0007001,LN200989,8,2027-01-24,20829.33,,0.0,NOT_DUE
RP0007002,LN200989,9,2027-02-24,20829.33,,0.0,NOT_DUE
RP0007003,LN200989,10,2027-03-24,20829.33,,0.0,NOT_DUE
RP0007004,LN200989,11,2027-04-24,20829.33,,0.0,NOT_DUE
RP0007005,LN200989,12,2027-05-24,20829.33,,0.0,NOT_DUE
RP0007006,LN200991,1,2025-02-23,7038.33,2025-06-06,7038.33,PAID_LATE
RP0007007,LN200991,2,2025-03-23,7038.33,2025-03-22,7038.33,PAID_ON_TIME
RP0007008,LN200991,3,2025-04-23,7038.33,2025-04-21,7038.33,PAID_ON_TIME
RP0007009,LN200992,1,2026-05-07,52963.5,2026-05-08,52963.5,PAID_ON_TIME
RP0007010,LN200992,2,2026-06-07,52963.5,2026-07-02,52963.5,PAID_LATE
RP0007011,LN200992,3,2026-07-07,52963.5,2026-07-06,52963.5,PAID_ON_TIME
RP0007012,LN200993,1,2025-11-28,3276.75,2025-12-01,3276.75,PAID_ON_TIME
RP0007013,LN200993,2,2025-12-28,3276.75,2025-12-28,3276.75,PAID_ON_TIME
RP0007014,LN200993,3,2026-01-28,3276.75,2026-01-29,3276.75,PAID_ON_TIME
RP0007015,LN200993,4,2026-02-28,3276.75,2026-03-02,3276.75,PAID_ON_TIME
RP0007016,LN200993,5,2026-03-28,3276.75,2026-03-31,3276.75,PAID_ON_TIME
RP0007017,LN200993,6,2026-04-28,3276.75,2026-04-29,3276.75,PAID_ON_TIME
RP0007018,LN200993,7,2026-05-28,3276.75,2026-05-26,3276.75,PAID_ON_TIME
RP0007019,LN200993,8,2026-06-28,3276.75,2026-07-01,3276.75,PAID_ON_TIME
RP0007020,LN200993,9,2026-07-28,3276.75,,0.0,UNPAID
RP0007021,LN200994,1,2026-04-27,29985.33,2026-05-01,29985.33,PAID_ON_TIME
RP0007022,LN200994,2,2026-05-27,29985.33,2026-05-24,29985.33,PAID_ON_TIME
RP0007023,LN200994,3,2026-06-27,29985.33,2026-06-27,29985.33,PAID_ON_TIME
RP0007024,LN200995,1,2026-03-17,8067.22,2026-04-17,8067.22,PAID_LATE
RP0007025,LN200995,2,2026-04-17,8067.22,2026-04-17,8067.22,PAID_ON_TIME
RP0007026,LN200995,3,2026-05-17,8067.22,2026-05-15,8067.22,PAID_ON_TIME
RP0007027,LN200995,4,2026-06-17,8067.22,2026-06-14,8067.22,PAID_ON_TIME
RP0007028,LN200995,5,2026-07-17,8067.22,2026-07-14,8067.22,PAID_ON_TIME
RP0007029,LN200995,6,2026-08-17,8067.22,,0.0,UNPAID
RP0007030,LN200995,7,2026-09-17,8067.22,,0.0,NOT_DUE
RP0007031,LN200995,8,2026-10-17,8067.22,,0.0,NOT_DUE
RP0007032,LN200995,9,2026-11-17,8067.22,,0.0,NOT_DUE
RP0007033,LN200996,1,2026-07-02,21535.0,2026-06-30,21535.0,PAID_ON_TIME
RP0007034,LN200996,2,2026-08-02,21535.0,2026-08-05,21535.0,PAID_ON_TIME
RP0007035,LN200996,3,2026-09-02,21535.0,,0.0,NOT_DUE
RP0007036,LN200996,4,2026-10-02,21535.0,,0.0,NOT_DUE
RP0007037,LN200996,5,2026-11-02,21535.0,,0.0,NOT_DUE
RP0007038,LN200996,6,2026-12-02,21535.0,,0.0,NOT_DUE
RP0007039,LN200997,1,2026-02-28,10393.0,2026-02-27,10393.0,PAID_ON_TIME
RP0007040,LN200997,2,2026-03-29,10393.0,2026-04-01,10393.0,PAID_ON_TIME
RP0007041,LN200997,3,2026-04-29,10393.0,2026-04-28,10393.0,PAID_ON_TIME
RP0007042,LN200997,4,2026-05-29,10393.0,2026-05-31,10393.0,PAID_ON_TIME
RP0007043,LN200997,5,2026-06-29,10393.0,2026-06-28,10393.0,PAID_ON_TIME
RP0007044,LN200997,6,2026-07-29,10393.0,2026-07-30,10393.0,PAID_ON_TIME
RP0007045,LN200998,1,2026-08-19,8091.17,2026-08-19,8091.17,PAID_ON_TIME
RP0007046,LN200998,2,2026-09-19,8091.17,,0.0,NOT_DUE
RP0007047,LN200998,3,2026-10-19,8091.17,,0.0,NOT_DUE
RP0007048,LN200998,4,2026-11-19,8091.17,,0.0,NOT_DUE
RP0007049,LN200998,5,2026-12-19,8091.17,,0.0,NOT_DUE
RP0007050,LN200998,6,2027-01-19,8091.17,,0.0,NOT_DUE
RP0007051,LN200998,7,2027-02-19,8091.17,,0.0,NOT_DUE
RP0007052,LN200998,8,2027-03-19,8091.17,,0.0,NOT_DUE
RP0007053,LN200998,9,2027-04-19,8091.17,,0.0,NOT_DUE
RP0007054,LN200998,10,2027-05-19,8091.17,,0.0,NOT_DUE
RP0007055,LN200998,11,2027-06-19,8091.17,,0.0,NOT_DUE
RP0007056,LN200998,12,2027-07-19,8091.17,,0.0,NOT_DUE
RP0007057,LN200999,1,2025-11-30,23138.5,2025-11-29,23138.5,PAID_ON_TIME
RP0007058,LN200999,2,2025-12-31,23138.5,2026-01-22,23138.5,PAID_LATE
RP0007059,LN200999,3,2026-01-31,23138.5,2026-03-16,23138.5,PAID_LATE
RP0007060,LN201000,1,2026-04-27,71337.58,2026-08-24,71337.58,PAID_LATE
RP0007061,LN201000,2,2026-05-27,71337.58,2026-05-31,71337.58,PAID_ON_TIME
RP0007062,LN201000,3,2026-06-27,71337.58,2026-06-30,71337.58,PAID_ON_TIME
RP0007063,LN201001,1,2026-06-02,16432.5,,0.0,UNPAID
RP0007064,LN201001,2,2026-07-02,16432.5,2026-07-05,16432.5,PAID_ON_TIME
RP0007065,LN201001,3,2026-08-02,16432.5,2026-08-03,16432.5,PAID_ON_TIME
RP0007066,LN201001,4,2026-09-02,16432.5,,0.0,NOT_DUE
RP0007067,LN201001,5,2026-10-02,16432.5,,0.0,NOT_DUE
RP0007068,LN201001,6,2026-11-02,16432.5,,0.0,NOT_DUE
RP0007069,LN201002,1,2025-08-20,20299.58,2025-08-20,20299.58,PAID_ON_TIME
RP0007070,LN201002,2,2025-09-20,20299.58,2025-10-20,20299.58,PAID_LATE
RP0007071,LN201002,3,2025-10-20,20299.58,2025-12-16,20299.58,PAID_LATE
RP0007072,LN201002,4,2025-11-20,20299.58,2025-11-24,20299.58,PAID_ON_TIME
RP0007073,LN201002,5,2025-12-20,20299.58,2025-12-24,20299.58,PAID_ON_TIME
RP0007074,LN201002,6,2026-01-20,20299.58,2026-01-17,20299.58,PAID_ON_TIME
RP0007075,LN201002,7,2026-02-20,20299.58,2026-02-17,20299.58,PAID_ON_TIME
RP0007076,LN201002,8,2026-03-20,20299.58,2026-04-03,20299.58,PAID_LATE
RP0007077,LN201002,9,2026-04-20,20299.58,2026-04-20,20299.58,PAID_ON_TIME
RP0007078,LN201002,10,2026-05-20,20299.58,2026-05-17,20299.58,PAID_ON_TIME
RP0007079,LN201002,11,2026-06-20,20299.58,2026-06-21,20299.58,PAID_ON_TIME
RP0007080,LN201002,12,2026-07-20,20299.58,2026-07-24,20299.58,PAID_ON_TIME
RP0007081,LN201003,1,2026-03-11,17367.89,2026-03-12,17367.89,PAID_ON_TIME
RP0007082,LN201003,2,2026-04-11,17367.89,2026-04-14,17367.89,PAID_ON_TIME
RP0007083,LN201003,3,2026-05-11,17367.89,2026-05-09,17367.89,PAID_ON_TIME
RP0007084,LN201003,4,2026-06-11,17367.89,2026-06-13,17367.89,PAID_ON_TIME
RP0007085,LN201003,5,2026-07-11,17367.89,2026-07-13,17367.89,PAID_ON_TIME
RP0007086,LN201003,6,2026-08-11,17367.89,2026-08-11,17367.89,PAID_ON_TIME
RP0007087,LN201003,7,2026-09-11,17367.89,,0.0,NOT_DUE
RP0007088,LN201003,8,2026-10-11,17367.89,,0.0,NOT_DUE
RP0007089,LN201003,9,2026-11-11,17367.89,,0.0,NOT_DUE
RP0007090,LN201004,1,2025-12-11,10488.0,2026-02-07,10488.0,PAID_LATE
RP0007091,LN201004,2,2026-01-11,10488.0,2026-01-10,10488.0,PAID_ON_TIME
RP0007092,LN201004,3,2026-02-11,10488.0,2026-02-10,10488.0,PAID_ON_TIME
RP0007093,LN201004,4,2026-03-11,10488.0,2026-03-13,10488.0,PAID_ON_TIME
RP0007094,LN201004,5,2026-04-11,10488.0,2026-04-14,10488.0,PAID_ON_TIME
RP0007095,LN201004,6,2026-05-11,10488.0,,0.0,UNPAID
RP0007096,LN201005,1,2025-10-13,14964.75,2025-10-16,14964.75,PAID_ON_TIME
RP0007097,LN201005,2,2025-11-13,14964.75,2025-11-12,14964.75,PAID_ON_TIME
RP0007098,LN201005,3,2025-12-13,14964.75,2025-12-14,14964.75,PAID_ON_TIME
RP0007099,LN201005,4,2026-01-13,14964.75,2026-01-14,14964.75,PAID_ON_TIME
RP0007100,LN201005,5,2026-02-13,14964.75,2026-02-17,14964.75,PAID_ON_TIME
RP0007101,LN201005,6,2026-03-13,14964.75,2026-03-10,14964.75,PAID_ON_TIME
RP0007102,LN201006,1,2026-08-09,6954.0,2026-08-07,6954.0,PAID_ON_TIME
RP0007103,LN201006,2,2026-09-09,6954.0,,0.0,NOT_DUE
RP0007104,LN201006,3,2026-10-09,6954.0,,0.0,NOT_DUE
RP0007105,LN201006,4,2026-11-09,6954.0,,0.0,NOT_DUE
RP0007106,LN201006,5,2026-12-09,6954.0,,0.0,NOT_DUE
RP0007107,LN201006,6,2027-01-09,6954.0,,0.0,NOT_DUE
RP0007108,LN201006,7,2027-02-09,6954.0,,0.0,NOT_DUE
RP0007109,LN201006,8,2027-03-09,6954.0,,0.0,NOT_DUE
RP0007110,LN201006,9,2027-04-09,6954.0,,0.0,NOT_DUE
RP0007111,LN201007,1,2026-07-25,1890.0,,0.0,UNPAID
RP0007112,LN201007,2,2026-08-25,1890.0,,0.0,UNPAID
RP0007113,LN201007,3,2026-09-25,1890.0,,0.0,NOT_DUE
RP0007114,LN201007,4,2026-10-25,1890.0,,0.0,NOT_DUE
RP0007115,LN201007,5,2026-11-25,1890.0,,0.0,NOT_DUE
RP0007116,LN201007,6,2026-12-25,1890.0,,0.0,NOT_DUE
RP0007117,LN201007,7,2027-01-25,1890.0,,0.0,NOT_DUE
RP0007118,LN201007,8,2027-02-25,1890.0,,0.0,NOT_DUE
RP0007119,LN201007,9,2027-03-25,1890.0,,0.0,NOT_DUE
RP0007120,LN201007,10,2027-04-25,1890.0,,0.0,NOT_DUE
RP0007121,LN201007,11,2027-05-25,1890.0,,0.0,NOT_DUE
RP0007122,LN201007,12,2027-06-25,1890.0,,0.0,NOT_DUE
RP0007123,LN201008,1,2025-06-17,13377.0,2025-09-06,13377.0,PAID_LATE
RP0007124,LN201008,2,2025-07-17,13377.0,2025-07-14,13377.0,PAID_ON_TIME
RP0007125,LN201008,3,2025-08-17,13377.0,2025-08-18,13377.0,PAID_ON_TIME
RP0007126,LN201008,4,2025-09-17,13377.0,2025-09-18,13377.0,PAID_ON_TIME
RP0007127,LN201008,5,2025-10-17,13377.0,2025-10-21,13377.0,PAID_ON_TIME
RP0007128,LN201008,6,2025-11-17,13377.0,2025-11-17,13377.0,PAID_ON_TIME
RP0007129,LN201008,7,2025-12-17,13377.0,2026-02-16,13377.0,PAID_LATE
RP0007130,LN201008,8,2026-01-17,13377.0,2026-01-14,13377.0,PAID_ON_TIME
RP0007131,LN201008,9,2026-02-17,13377.0,2026-02-18,13377.0,PAID_ON_TIME
RP0007132,LN201009,1,2026-04-09,3932.58,2026-04-13,3932.58,PAID_ON_TIME
RP0007133,LN201009,2,2026-05-09,3932.58,2026-05-12,3932.58,PAID_ON_TIME
RP0007134,LN201009,3,2026-06-09,3932.58,2026-06-08,3932.58,PAID_ON_TIME
RP0007135,LN201009,4,2026-07-09,3932.58,2026-07-08,3932.58,PAID_ON_TIME
RP0007136,LN201009,5,2026-08-09,3932.58,2026-08-12,3932.58,PAID_ON_TIME
RP0007137,LN201009,6,2026-09-09,3932.58,,0.0,NOT_DUE
RP0007138,LN201009,7,2026-10-09,3932.58,,0.0,NOT_DUE
RP0007139,LN201009,8,2026-11-09,3932.58,,0.0,NOT_DUE
RP0007140,LN201009,9,2026-12-09,3932.58,,0.0,NOT_DUE
RP0007141,LN201009,10,2027-01-09,3932.58,,0.0,NOT_DUE
RP0007142,LN201009,11,2027-02-09,3932.58,,0.0,NOT_DUE
RP0007143,LN201009,12,2027-03-09,3932.58,,0.0,NOT_DUE
RP0007144,LN201010,1,2026-05-01,3533.33,2026-05-01,3533.33,PAID_ON_TIME
RP0007145,LN201010,2,2026-06-01,3533.33,2026-05-29,3533.33,PAID_ON_TIME
RP0007146,LN201010,3,2026-07-01,3533.33,2026-07-02,3533.33,PAID_ON_TIME
RP0007147,LN201010,4,2026-08-01,3533.33,2026-07-29,3533.33,PAID_ON_TIME
RP0007148,LN201010,5,2026-09-01,3533.33,,0.0,UNPAID
RP0007149,LN201010,6,2026-10-01,3533.33,,0.0,NOT_DUE
RP0007150,LN201011,1,2025-06-04,3673.33,2025-06-04,3673.33,PAID_ON_TIME
RP0007151,LN201011,2,2025-07-04,3673.33,2025-07-04,3673.33,PAID_ON_TIME
RP0007152,LN201011,3,2025-08-04,3673.33,2025-08-07,3673.33,PAID_ON_TIME
RP0007153,LN201011,4,2025-09-04,3673.33,2025-11-16,3673.33,PAID_LATE
RP0007154,LN201011,5,2025-10-04,3673.33,2025-10-04,3673.33,PAID_ON_TIME
RP0007155,LN201011,6,2025-11-04,3673.33,2025-11-04,3673.33,PAID_ON_TIME
RP0007156,LN201011,7,2025-12-04,3673.33,2025-12-05,3673.33,PAID_ON_TIME
RP0007157,LN201011,8,2026-01-04,3673.33,2026-01-06,3673.33,PAID_ON_TIME
RP0007158,LN201011,9,2026-02-04,3673.33,2026-02-07,3673.33,PAID_ON_TIME
RP0007159,LN201011,10,2026-03-04,3673.33,2026-03-01,3673.33,PAID_ON_TIME
RP0007160,LN201011,11,2026-04-04,3673.33,2026-06-18,3673.33,PAID_LATE
RP0007161,LN201011,12,2026-05-04,3673.33,2026-05-01,3673.33,PAID_ON_TIME
RP0007162,LN201012,1,2026-01-09,9537.67,2026-04-27,9537.67,PAID_LATE
RP0007163,LN201012,2,2026-02-09,9537.67,2026-02-23,9537.67,PAID_LATE
RP0007164,LN201012,3,2026-03-09,9537.67,2026-03-13,9537.67,PAID_ON_TIME
RP0007165,LN201012,4,2026-04-09,9537.67,,0.0,UNPAID
RP0007166,LN201012,5,2026-05-09,9537.67,2026-05-07,9537.67,PAID_ON_TIME
RP0007167,LN201012,6,2026-06-09,9537.67,2026-06-10,9537.67,PAID_ON_TIME
RP0007168,LN201013,1,2025-10-10,66396.83,2025-10-09,66396.83,PAID_ON_TIME
RP0007169,LN201013,2,2025-11-10,66396.83,2025-11-07,66396.83,PAID_ON_TIME
RP0007170,LN201013,3,2025-12-10,66396.83,2025-12-11,66396.83,PAID_ON_TIME
RP0007171,LN201013,4,2026-01-10,66396.83,2026-01-11,66396.83,PAID_ON_TIME
RP0007172,LN201013,5,2026-02-10,66396.83,2026-02-14,66396.83,PAID_ON_TIME
RP0007173,LN201013,6,2026-03-10,66396.83,2026-03-12,66396.83,PAID_ON_TIME
RP0007174,LN201014,1,2026-04-24,7350.0,2026-04-24,7350.0,PAID_ON_TIME
RP0007175,LN201014,2,2026-05-24,7350.0,2026-06-03,7350.0,PAID_LATE
RP0007176,LN201014,3,2026-06-24,7350.0,2026-06-26,7350.0,PAID_ON_TIME
RP0007177,LN201014,4,2026-07-24,7350.0,2026-07-24,7350.0,PAID_ON_TIME
RP0007178,LN201014,5,2026-08-24,7350.0,2026-08-23,7350.0,PAID_ON_TIME
RP0007179,LN201014,6,2026-09-24,7350.0,,0.0,NOT_DUE
RP0007180,LN201015,1,2025-09-07,7485.92,2025-09-08,7485.92,PAID_ON_TIME
RP0007181,LN201015,2,2025-10-07,7485.92,,0.0,UNPAID
RP0007182,LN201015,3,2025-11-07,7485.92,2025-11-05,7485.92,PAID_ON_TIME
RP0007183,LN201015,4,2025-12-07,7485.92,2025-12-05,7485.92,PAID_ON_TIME
RP0007184,LN201015,5,2026-01-07,7485.92,2026-01-08,7485.92,PAID_ON_TIME
RP0007185,LN201015,6,2026-02-07,7485.92,2026-02-10,7485.92,PAID_ON_TIME
RP0007186,LN201016,1,2026-05-26,9226.75,2026-05-28,9226.75,PAID_ON_TIME
RP0007187,LN201016,2,2026-06-26,9226.75,2026-06-29,9226.75,PAID_ON_TIME
RP0007188,LN201016,3,2026-07-26,9226.75,2026-07-23,9226.75,PAID_ON_TIME
RP0007189,LN201016,4,2026-08-26,9226.75,,0.0,UNPAID
RP0007190,LN201016,5,2026-09-26,9226.75,,0.0,NOT_DUE
RP0007191,LN201016,6,2026-10-26,9226.75,,0.0,NOT_DUE
RP0007192,LN201018,1,2026-04-24,45767.42,2026-04-21,45767.42,PAID_ON_TIME
RP0007193,LN201018,2,2026-05-24,45767.42,2026-05-27,45767.42,PAID_ON_TIME
RP0007194,LN201018,3,2026-06-24,45767.42,,0.0,UNPAID
RP0007195,LN201018,4,2026-07-24,45767.42,2026-07-26,45767.42,PAID_ON_TIME
RP0007196,LN201018,5,2026-08-24,45767.42,2026-08-28,45767.42,PAID_ON_TIME
RP0007197,LN201018,6,2026-09-24,45767.42,,0.0,NOT_DUE
RP0007198,LN201019,1,2025-02-14,59739.5,2025-02-17,59739.5,PAID_ON_TIME
RP0007199,LN201019,2,2025-03-14,59739.5,2025-03-16,59739.5,PAID_ON_TIME
RP0007200,LN201019,3,2025-04-14,59739.5,2025-04-11,59739.5,PAID_ON_TIME
RP0007201,LN201019,4,2025-05-14,59739.5,2025-05-15,59739.5,PAID_ON_TIME
RP0007202,LN201019,5,2025-06-14,59739.5,,0.0,UNPAID
RP0007203,LN201019,6,2025-07-14,59739.5,2025-07-15,59739.5,PAID_ON_TIME
RP0007204,LN201020,1,2026-07-19,30096.56,2026-07-18,30096.56,PAID_ON_TIME
RP0007205,LN201020,2,2026-08-19,30096.56,2026-08-23,30096.56,PAID_ON_TIME
RP0007206,LN201020,3,2026-09-19,30096.56,,0.0,NOT_DUE
RP0007207,LN201020,4,2026-10-19,30096.56,,0.0,NOT_DUE
RP0007208,LN201020,5,2026-11-19,30096.56,,0.0,NOT_DUE
RP0007209,LN201020,6,2026-12-19,30096.56,,0.0,NOT_DUE
RP0007210,LN201020,7,2027-01-19,30096.56,,0.0,NOT_DUE
RP0007211,LN201020,8,2027-02-19,30096.56,,0.0,NOT_DUE
RP0007212,LN201020,9,2027-03-19,30096.56,,0.0,NOT_DUE
RP0007213,LN201021,1,2025-11-02,16539.25,2025-11-04,16539.25,PAID_ON_TIME
RP0007214,LN201021,2,2025-12-02,16539.25,2025-11-29,16539.25,PAID_ON_TIME
RP0007215,LN201021,3,2026-01-02,16539.25,2026-01-02,16539.25,PAID_ON_TIME
RP0007216,LN201021,4,2026-02-02,16539.25,2026-02-05,16539.25,PAID_ON_TIME
RP0007217,LN201021,5,2026-03-02,16539.25,2026-03-01,16539.25,PAID_ON_TIME
RP0007218,LN201021,6,2026-04-02,16539.25,2026-06-19,16539.25,PAID_LATE
RP0007219,LN201022,1,2025-08-30,6731.47,2025-09-02,6731.47,PAID_ON_TIME
RP0007220,LN201022,2,2025-09-30,6731.47,2025-09-29,6731.47,PAID_ON_TIME
RP0007221,LN201022,3,2025-10-30,6731.47,2025-10-30,6731.47,PAID_ON_TIME
RP0007222,LN201022,4,2025-11-30,6731.47,2025-12-04,6731.47,PAID_ON_TIME
RP0007223,LN201022,5,2025-12-30,6731.47,2025-12-30,6731.47,PAID_ON_TIME
RP0007224,LN201022,6,2026-01-30,6731.47,2026-01-31,6731.47,PAID_ON_TIME
RP0007225,LN201022,7,2026-02-28,6731.47,2026-02-28,6731.47,PAID_ON_TIME
RP0007226,LN201022,8,2026-03-30,6731.47,2026-04-12,6731.47,PAID_LATE
RP0007227,LN201022,9,2026-04-30,6731.47,2026-04-29,6731.47,PAID_ON_TIME
RP0007228,LN201022,10,2026-05-30,6731.47,2026-06-03,6731.47,PAID_ON_TIME
RP0007229,LN201022,11,2026-06-30,6731.47,,0.0,UNPAID
RP0007230,LN201022,12,2026-07-30,6731.47,2026-07-29,6731.47,PAID_ON_TIME
RP0007231,LN201022,13,2026-08-30,6731.47,,0.0,UNPAID
RP0007232,LN201022,14,2026-09-30,6731.47,,0.0,NOT_DUE
RP0007233,LN201022,15,2026-10-30,6731.47,,0.0,NOT_DUE
RP0007234,LN201022,16,2026-11-30,6731.47,,0.0,NOT_DUE
RP0007235,LN201022,17,2026-12-30,6731.47,,0.0,NOT_DUE
RP0007236,LN201022,18,2027-01-30,6731.47,,0.0,NOT_DUE
RP0007237,LN201023,1,2025-05-26,68721.33,2025-05-26,68721.33,PAID_ON_TIME
RP0007238,LN201023,2,2025-06-26,68721.33,2025-06-24,68721.33,PAID_ON_TIME
RP0007239,LN201023,3,2025-07-26,68721.33,2025-07-25,68721.33,PAID_ON_TIME
RP0007240,LN201024,1,2025-07-02,5175.33,2025-07-01,5175.33,PAID_ON_TIME
RP0007241,LN201024,2,2025-08-02,5175.33,2025-08-03,5175.33,PAID_ON_TIME
RP0007242,LN201024,3,2025-09-02,5175.33,2025-09-03,5175.33,PAID_ON_TIME
RP0007243,LN201024,4,2025-10-02,5175.33,,0.0,UNPAID
RP0007244,LN201024,5,2025-11-02,5175.33,2025-11-01,5175.33,PAID_ON_TIME
RP0007245,LN201024,6,2025-12-02,5175.33,2025-12-05,5175.33,PAID_ON_TIME
RP0007246,LN201025,1,2026-06-29,6970.0,2026-06-29,6970.0,PAID_ON_TIME
RP0007247,LN201025,2,2026-07-29,6970.0,2026-07-31,6970.0,PAID_ON_TIME
RP0007248,LN201025,3,2026-08-29,6970.0,2026-08-26,6970.0,PAID_ON_TIME
RP0007249,LN201026,1,2026-04-28,6936.67,2026-05-02,6936.67,PAID_ON_TIME
RP0007250,LN201026,2,2026-05-28,6936.67,2026-06-01,6936.67,PAID_ON_TIME
RP0007251,LN201026,3,2026-06-28,6936.67,2026-06-28,6936.67,PAID_ON_TIME
RP0007252,LN201027,1,2026-05-17,15985.64,2026-05-18,15985.64,PAID_ON_TIME
RP0007253,LN201027,2,2026-06-17,15985.64,2026-06-20,15985.64,PAID_ON_TIME
RP0007254,LN201027,3,2026-07-17,15985.64,2026-07-15,15985.64,PAID_ON_TIME
RP0007255,LN201027,4,2026-08-17,15985.64,2026-08-17,15985.64,PAID_ON_TIME
RP0007256,LN201027,5,2026-09-17,15985.64,,0.0,NOT_DUE
RP0007257,LN201027,6,2026-10-17,15985.64,,0.0,NOT_DUE
RP0007258,LN201027,7,2026-11-17,15985.64,,0.0,NOT_DUE
RP0007259,LN201027,8,2026-12-17,15985.64,,0.0,NOT_DUE
RP0007260,LN201027,9,2027-01-17,15985.64,,0.0,NOT_DUE
RP0007261,LN201029,1,2026-01-09,96318.75,2026-01-07,96318.75,PAID_ON_TIME
RP0007262,LN201029,2,2026-02-09,96318.75,2026-02-13,96318.75,PAID_ON_TIME
RP0007263,LN201029,3,2026-03-09,96318.75,2026-03-08,96318.75,PAID_ON_TIME
RP0007264,LN201030,1,2026-03-09,2807.78,2026-03-13,2807.78,PAID_ON_TIME
RP0007265,LN201030,2,2026-04-09,2807.78,2026-04-12,2807.78,PAID_ON_TIME
RP0007266,LN201030,3,2026-05-09,2807.78,2026-05-13,2807.78,PAID_ON_TIME
RP0007267,LN201030,4,2026-06-09,2807.78,2026-06-11,2807.78,PAID_ON_TIME
RP0007268,LN201030,5,2026-07-09,2807.78,2026-07-11,2807.78,PAID_ON_TIME
RP0007269,LN201030,6,2026-08-09,2807.78,2026-08-11,2807.78,PAID_ON_TIME
RP0007270,LN201030,7,2026-09-09,2807.78,,0.0,NOT_DUE
RP0007271,LN201030,8,2026-10-09,2807.78,,0.0,NOT_DUE
RP0007272,LN201030,9,2026-11-09,2807.78,,0.0,NOT_DUE
RP0007273,LN201030,10,2026-12-09,2807.78,,0.0,NOT_DUE
RP0007274,LN201030,11,2027-01-09,2807.78,,0.0,NOT_DUE
RP0007275,LN201030,12,2027-02-09,2807.78,,0.0,NOT_DUE
RP0007276,LN201030,13,2027-03-09,2807.78,,0.0,NOT_DUE
RP0007277,LN201030,14,2027-04-09,2807.78,,0.0,NOT_DUE
RP0007278,LN201030,15,2027-05-09,2807.78,,0.0,NOT_DUE
RP0007279,LN201030,16,2027-06-09,2807.78,,0.0,NOT_DUE
RP0007280,LN201030,17,2027-07-09,2807.78,,0.0,NOT_DUE
RP0007281,LN201030,18,2027-08-09,2807.78,,0.0,NOT_DUE
RP0007282,LN201032,1,2026-06-25,12578.67,2026-06-23,12578.67,PAID_ON_TIME
RP0007283,LN201032,2,2026-07-25,12578.67,2026-07-26,12578.67,PAID_ON_TIME
RP0007284,LN201032,3,2026-08-25,12578.67,2026-08-24,12578.67,PAID_ON_TIME
RP0007285,LN201032,4,2026-09-25,12578.67,,0.0,NOT_DUE
RP0007286,LN201032,5,2026-10-25,12578.67,,0.0,NOT_DUE
RP0007287,LN201032,6,2026-11-25,12578.67,,0.0,NOT_DUE
RP0007288,LN201032,7,2026-12-25,12578.67,,0.0,NOT_DUE
RP0007289,LN201032,8,2027-01-25,12578.67,,0.0,NOT_DUE
RP0007290,LN201032,9,2027-02-25,12578.67,,0.0,NOT_DUE
RP0007291,LN201034,1,2025-09-27,58252.17,2025-10-01,58252.17,PAID_ON_TIME
RP0007292,LN201034,2,2025-10-27,58252.17,2025-10-27,58252.17,PAID_ON_TIME
RP0007293,LN201034,3,2025-11-27,58252.17,2025-11-26,58252.17,PAID_ON_TIME
RP0007294,LN201035,1,2026-07-28,34634.03,2026-07-26,34634.03,PAID_ON_TIME
RP0007295,LN201035,2,2026-08-28,34634.03,2026-08-27,34634.03,PAID_ON_TIME
RP0007296,LN201035,3,2026-09-28,34634.03,,0.0,NOT_DUE
RP0007297,LN201035,4,2026-10-28,34634.03,,0.0,NOT_DUE
RP0007298,LN201035,5,2026-11-28,34634.03,,0.0,NOT_DUE
RP0007299,LN201035,6,2026-12-28,34634.03,,0.0,NOT_DUE
RP0007300,LN201035,7,2027-01-28,34634.03,,0.0,NOT_DUE
RP0007301,LN201035,8,2027-02-28,34634.03,,0.0,NOT_DUE
RP0007302,LN201035,9,2027-03-28,34634.03,,0.0,NOT_DUE
RP0007303,LN201036,1,2025-06-04,35098.83,2025-06-05,35098.83,PAID_ON_TIME
RP0007304,LN201036,2,2025-07-04,35098.83,2025-07-05,35098.83,PAID_ON_TIME
RP0007305,LN201036,3,2025-08-04,35098.83,2025-08-04,35098.83,PAID_ON_TIME
RP0007306,LN201036,4,2025-09-04,35098.83,2025-09-05,35098.83,PAID_ON_TIME
RP0007307,LN201036,5,2025-10-04,35098.83,2025-10-06,35098.83,PAID_ON_TIME
RP0007308,LN201036,6,2025-11-04,35098.83,2025-11-08,35098.83,PAID_ON_TIME
RP0007309,LN201037,1,2025-10-13,14924.58,2025-10-17,14924.58,PAID_ON_TIME
RP0007310,LN201037,2,2025-11-13,14924.58,2026-01-30,14924.58,PAID_LATE
RP0007311,LN201037,3,2025-12-13,14924.58,2025-12-11,14924.58,PAID_ON_TIME
RP0007312,LN201038,1,2026-06-23,12483.0,2026-06-26,12483.0,PAID_ON_TIME
RP0007313,LN201038,2,2026-07-23,12483.0,2026-07-24,12483.0,PAID_ON_TIME
RP0007314,LN201038,3,2026-08-23,12483.0,2026-08-23,12483.0,PAID_ON_TIME
RP0007315,LN201039,1,2026-04-19,56367.28,2026-04-18,56367.28,PAID_ON_TIME
RP0007316,LN201039,2,2026-05-19,56367.28,2026-05-22,56367.28,PAID_ON_TIME
RP0007317,LN201039,3,2026-06-19,56367.28,2026-06-21,56367.28,PAID_ON_TIME
RP0007318,LN201039,4,2026-07-19,56367.28,2026-07-17,56367.28,PAID_ON_TIME
RP0007319,LN201039,5,2026-08-19,56367.28,2026-08-21,56367.28,PAID_ON_TIME
RP0007320,LN201039,6,2026-09-19,56367.28,,0.0,NOT_DUE
RP0007321,LN201039,7,2026-10-19,56367.28,,0.0,NOT_DUE
RP0007322,LN201039,8,2026-11-19,56367.28,,0.0,NOT_DUE
RP0007323,LN201039,9,2026-12-19,56367.28,,0.0,NOT_DUE
RP0007324,LN201040,1,2026-08-06,21607.5,2026-08-04,21607.5,PAID_ON_TIME
RP0007325,LN201040,2,2026-09-06,21607.5,,0.0,NOT_DUE
RP0007326,LN201040,3,2026-10-06,21607.5,,0.0,NOT_DUE
RP0007327,LN201040,4,2026-11-06,21607.5,,0.0,NOT_DUE
RP0007328,LN201040,5,2026-12-06,21607.5,,0.0,NOT_DUE
RP0007329,LN201040,6,2027-01-06,21607.5,,0.0,NOT_DUE
RP0007330,LN201040,7,2027-02-06,21607.5,,0.0,NOT_DUE
RP0007331,LN201040,8,2027-03-06,21607.5,,0.0,NOT_DUE
RP0007332,LN201040,9,2027-04-06,21607.5,,0.0,NOT_DUE
RP0007333,LN201040,10,2027-05-06,21607.5,,0.0,NOT_DUE
RP0007334,LN201040,11,2027-06-06,21607.5,,0.0,NOT_DUE
RP0007335,LN201040,12,2027-07-06,21607.5,,0.0,NOT_DUE
RP0007336,LN201041,1,2026-01-28,4233.94,2026-01-27,4233.94,PAID_ON_TIME
RP0007337,LN201041,2,2026-02-28,4233.94,2026-03-03,4233.94,PAID_ON_TIME
RP0007338,LN201041,3,2026-03-28,4233.94,2026-03-25,4233.94,PAID_ON_TIME
RP0007339,LN201041,4,2026-04-28,4233.94,2026-04-25,4233.94,PAID_ON_TIME
RP0007340,LN201041,5,2026-05-28,4233.94,2026-05-30,4233.94,PAID_ON_TIME
RP0007341,LN201041,6,2026-06-28,4233.94,2026-06-28,4233.94,PAID_ON_TIME
RP0007342,LN201041,7,2026-07-28,4233.94,2026-08-01,4233.94,PAID_ON_TIME
RP0007343,LN201041,8,2026-08-28,4233.94,,0.0,UNPAID
RP0007344,LN201041,9,2026-09-28,4233.94,,0.0,NOT_DUE
RP0007345,LN201042,1,2025-05-07,33755.33,2025-05-09,33755.33,PAID_ON_TIME
RP0007346,LN201042,2,2025-06-07,33755.33,2025-06-07,33755.33,PAID_ON_TIME
RP0007347,LN201042,3,2025-07-07,33755.33,2025-10-21,33755.33,PAID_LATE
RP0007348,LN201042,4,2025-08-07,33755.33,2025-08-07,33755.33,PAID_ON_TIME
RP0007349,LN201042,5,2025-09-07,33755.33,2025-12-14,33755.33,PAID_LATE
RP0007350,LN201042,6,2025-10-07,33755.33,2025-12-28,33755.33,PAID_LATE
RP0007351,LN201042,7,2025-11-07,33755.33,2025-12-19,33755.33,PAID_LATE
RP0007352,LN201042,8,2025-12-07,33755.33,2025-12-08,33755.33,PAID_ON_TIME
RP0007353,LN201042,9,2026-01-07,33755.33,2026-01-08,33755.33,PAID_ON_TIME
RP0007354,LN201043,1,2025-12-05,31458.0,2025-12-04,31458.0,PAID_ON_TIME
RP0007355,LN201043,2,2026-01-05,31458.0,2026-01-08,31458.0,PAID_ON_TIME
RP0007356,LN201043,3,2026-02-05,31458.0,2026-02-09,31458.0,PAID_ON_TIME
RP0007357,LN201043,4,2026-03-05,31458.0,2026-03-06,31458.0,PAID_ON_TIME
RP0007358,LN201043,5,2026-04-05,31458.0,2026-04-09,31458.0,PAID_ON_TIME
RP0007359,LN201043,6,2026-05-05,31458.0,2026-05-05,31458.0,PAID_ON_TIME
RP0007360,LN201043,7,2026-06-05,31458.0,2026-06-02,31458.0,PAID_ON_TIME
RP0007361,LN201043,8,2026-07-05,31458.0,2026-07-06,31458.0,PAID_ON_TIME
RP0007362,LN201043,9,2026-08-05,31458.0,2026-08-03,31458.0,PAID_ON_TIME
RP0007363,LN201043,10,2026-09-05,31458.0,,0.0,NOT_DUE
RP0007364,LN201043,11,2026-10-05,31458.0,,0.0,NOT_DUE
RP0007365,LN201043,12,2026-11-05,31458.0,,0.0,NOT_DUE
RP0007366,LN201044,1,2025-02-03,3891.56,2025-01-31,3891.56,PAID_ON_TIME
RP0007367,LN201044,2,2025-03-03,3891.56,2025-03-07,3891.56,PAID_ON_TIME
RP0007368,LN201044,3,2025-04-03,3891.56,2025-06-21,3891.56,PAID_LATE
RP0007369,LN201044,4,2025-05-03,3891.56,2025-05-03,3891.56,PAID_ON_TIME
RP0007370,LN201044,5,2025-06-03,3891.56,2025-06-27,3891.56,PAID_LATE
RP0007371,LN201044,6,2025-07-03,3891.56,2025-07-06,3891.56,PAID_ON_TIME
RP0007372,LN201044,7,2025-08-03,3891.56,2025-07-31,3891.56,PAID_ON_TIME
RP0007373,LN201044,8,2025-09-03,3891.56,2025-08-31,3891.56,PAID_ON_TIME
RP0007374,LN201044,9,2025-10-03,3891.56,2025-10-03,3891.56,PAID_ON_TIME
RP0007375,LN201045,1,2026-05-16,5814.5,2026-05-14,5814.5,PAID_ON_TIME
RP0007376,LN201045,2,2026-06-16,5814.5,2026-06-15,5814.5,PAID_ON_TIME
RP0007377,LN201045,3,2026-07-16,5814.5,2026-07-14,5814.5,PAID_ON_TIME
RP0007378,LN201045,4,2026-08-16,5814.5,2026-08-14,5814.5,PAID_ON_TIME
RP0007379,LN201045,5,2026-09-16,5814.5,,0.0,NOT_DUE
RP0007380,LN201045,6,2026-10-16,5814.5,,0.0,NOT_DUE
RP0007381,LN201045,7,2026-11-16,5814.5,,0.0,NOT_DUE
RP0007382,LN201045,8,2026-12-16,5814.5,,0.0,NOT_DUE
RP0007383,LN201045,9,2027-01-16,5814.5,,0.0,NOT_DUE
RP0007384,LN201045,10,2027-02-16,5814.5,,0.0,NOT_DUE
RP0007385,LN201045,11,2027-03-16,5814.5,,0.0,NOT_DUE
RP0007386,LN201045,12,2027-04-16,5814.5,,0.0,NOT_DUE
RP0007387,LN201047,1,2026-07-24,23394.17,2026-07-27,23394.17,PAID_ON_TIME
RP0007388,LN201047,2,2026-08-24,23394.17,,0.0,UNPAID
RP0007389,LN201047,3,2026-09-24,23394.17,,0.0,NOT_DUE
RP0007390,LN201048,1,2026-01-16,6375.06,2026-01-19,6375.06,PAID_ON_TIME
RP0007391,LN201048,2,2026-02-16,6375.06,2026-02-20,6375.06,PAID_ON_TIME
RP0007392,LN201048,3,2026-03-16,6375.06,2026-03-20,6375.06,PAID_ON_TIME
RP0007393,LN201048,4,2026-04-16,6375.06,2026-04-20,6375.06,PAID_ON_TIME
RP0007394,LN201048,5,2026-05-16,6375.06,2026-05-17,6375.06,PAID_ON_TIME
RP0007395,LN201048,6,2026-06-16,6375.06,,0.0,UNPAID
RP0007396,LN201048,7,2026-07-16,6375.06,2026-07-15,6375.06,PAID_ON_TIME
RP0007397,LN201048,8,2026-08-16,6375.06,2026-08-16,6375.06,PAID_ON_TIME
RP0007398,LN201048,9,2026-09-16,6375.06,,0.0,NOT_DUE
RP0007399,LN201048,10,2026-10-16,6375.06,,0.0,NOT_DUE
RP0007400,LN201048,11,2026-11-16,6375.06,,0.0,NOT_DUE
RP0007401,LN201048,12,2026-12-16,6375.06,,0.0,NOT_DUE
RP0007402,LN201048,13,2027-01-16,6375.06,,0.0,NOT_DUE
RP0007403,LN201048,14,2027-02-16,6375.06,,0.0,NOT_DUE
RP0007404,LN201048,15,2027-03-16,6375.06,,0.0,NOT_DUE
RP0007405,LN201048,16,2027-04-16,6375.06,,0.0,NOT_DUE
RP0007406,LN201048,17,2027-05-16,6375.06,,0.0,NOT_DUE
RP0007407,LN201048,18,2027-06-16,6375.06,,0.0,NOT_DUE
RP0007408,LN201049,1,2026-07-24,9032.33,2026-07-27,9032.33,PAID_ON_TIME
RP0007409,LN201049,2,2026-08-24,9032.33,,0.0,UNPAID
RP0007410,LN201049,3,2026-09-24,9032.33,,0.0,NOT_DUE
RP0007411,LN201049,4,2026-10-24,9032.33,,0.0,NOT_DUE
RP0007412,LN201049,5,2026-11-24,9032.33,,0.0,NOT_DUE
RP0007413,LN201049,6,2026-12-24,9032.33,,0.0,NOT_DUE
RP0007414,LN201051,1,2025-05-12,7608.92,2025-05-12,7608.92,PAID_ON_TIME
RP0007415,LN201051,2,2025-06-12,7608.92,2025-06-16,7608.92,PAID_ON_TIME
RP0007416,LN201051,3,2025-07-12,7608.92,2025-07-11,7608.92,PAID_ON_TIME
RP0007417,LN201051,4,2025-08-12,7608.92,2025-08-16,7608.92,PAID_ON_TIME
RP0007418,LN201051,5,2025-09-12,7608.92,2025-09-11,7608.92,PAID_ON_TIME
RP0007419,LN201051,6,2025-10-12,7608.92,2025-10-23,7608.92,PAID_LATE
RP0007420,LN201052,1,2025-06-19,16326.39,2025-06-16,16326.39,PAID_ON_TIME
RP0007421,LN201052,2,2025-07-19,16326.39,2025-07-16,16326.39,PAID_ON_TIME
RP0007422,LN201052,3,2025-08-19,16326.39,2025-08-17,16326.39,PAID_ON_TIME
RP0007423,LN201052,4,2025-09-19,16326.39,2025-09-22,16326.39,PAID_ON_TIME
RP0007424,LN201052,5,2025-10-19,16326.39,2025-10-20,16326.39,PAID_ON_TIME
RP0007425,LN201052,6,2025-11-19,16326.39,2025-11-17,16326.39,PAID_ON_TIME
RP0007426,LN201052,7,2025-12-19,16326.39,2025-12-19,16326.39,PAID_ON_TIME
RP0007427,LN201052,8,2026-01-19,16326.39,2026-01-23,16326.39,PAID_ON_TIME
RP0007428,LN201052,9,2026-02-19,16326.39,2026-02-18,16326.39,PAID_ON_TIME
RP0007429,LN201053,1,2026-08-30,20760.06,2026-08-30,20760.06,PAID_ON_TIME
RP0007430,LN201053,2,2026-09-30,20760.06,,0.0,NOT_DUE
RP0007431,LN201053,3,2026-10-30,20760.06,,0.0,NOT_DUE
RP0007432,LN201053,4,2026-11-30,20760.06,,0.0,NOT_DUE
RP0007433,LN201053,5,2026-12-30,20760.06,,0.0,NOT_DUE
RP0007434,LN201053,6,2027-01-30,20760.06,,0.0,NOT_DUE
RP0007435,LN201053,7,2027-02-28,20760.06,,0.0,NOT_DUE
RP0007436,LN201053,8,2027-03-30,20760.06,,0.0,NOT_DUE
RP0007437,LN201053,9,2027-04-30,20760.06,,0.0,NOT_DUE
RP0007438,LN201055,1,2025-06-10,31584.58,2025-06-12,31584.58,PAID_ON_TIME
RP0007439,LN201055,2,2025-07-10,31584.58,2025-07-08,31584.58,PAID_ON_TIME
RP0007440,LN201055,3,2025-08-10,31584.58,2025-08-08,31584.58,PAID_ON_TIME
RP0007441,LN201056,1,2025-05-15,18673.08,2025-05-16,18673.08,PAID_ON_TIME
RP0007442,LN201056,2,2025-06-15,18673.08,2025-06-17,18673.08,PAID_ON_TIME
RP0007443,LN201056,3,2025-07-15,18673.08,2025-10-29,18673.08,PAID_LATE
RP0007444,LN201056,4,2025-08-15,18673.08,2025-08-14,18673.08,PAID_ON_TIME
RP0007445,LN201056,5,2025-09-15,18673.08,2025-09-13,18673.08,PAID_ON_TIME
RP0007446,LN201056,6,2025-10-15,18673.08,,0.0,UNPAID
RP0007447,LN201056,7,2025-11-15,18673.08,2025-11-13,18673.08,PAID_ON_TIME
RP0007448,LN201056,8,2025-12-15,18673.08,,0.0,UNPAID
RP0007449,LN201056,9,2026-01-15,18673.08,2026-01-16,18673.08,PAID_ON_TIME
RP0007450,LN201057,1,2026-06-28,69370.17,2026-06-27,69370.17,PAID_ON_TIME
RP0007451,LN201057,2,2026-07-28,69370.17,2026-07-27,69370.17,PAID_ON_TIME
RP0007452,LN201057,3,2026-08-28,69370.17,2026-08-25,69370.17,PAID_ON_TIME
RP0007453,LN201058,1,2025-08-15,10055.75,2025-08-15,10055.75,PAID_ON_TIME
RP0007454,LN201058,2,2025-09-15,10055.75,2025-09-15,10055.75,PAID_ON_TIME
RP0007455,LN201058,3,2025-10-15,10055.75,2025-10-14,10055.75,PAID_ON_TIME
RP0007456,LN201059,1,2026-05-17,28181.5,2026-05-21,28181.5,PAID_ON_TIME
RP0007457,LN201059,2,2026-06-17,28181.5,2026-06-15,28181.5,PAID_ON_TIME
RP0007458,LN201059,3,2026-07-17,28181.5,2026-07-21,28181.5,PAID_ON_TIME
RP0007459,LN201059,4,2026-08-17,28181.5,,0.0,UNPAID
RP0007460,LN201059,5,2026-09-17,28181.5,,0.0,NOT_DUE
RP0007461,LN201059,6,2026-10-17,28181.5,,0.0,NOT_DUE
RP0007462,LN201060,1,2025-06-08,36931.08,2025-06-12,36931.08,PAID_ON_TIME
RP0007463,LN201060,2,2025-07-08,36931.08,2025-07-09,36931.08,PAID_ON_TIME
RP0007464,LN201060,3,2025-08-08,36931.08,2025-08-05,36931.08,PAID_ON_TIME
RP0007465,LN201060,4,2025-09-08,36931.08,2025-09-06,36931.08,PAID_ON_TIME
RP0007466,LN201060,5,2025-10-08,36931.08,2025-10-10,36931.08,PAID_ON_TIME
RP0007467,LN201060,6,2025-11-08,36931.08,2025-11-05,36931.08,PAID_ON_TIME
RP0007468,LN201061,1,2026-08-06,18000.69,2026-08-03,18000.69,PAID_ON_TIME
RP0007469,LN201061,2,2026-09-06,18000.69,,0.0,NOT_DUE
RP0007470,LN201061,3,2026-10-06,18000.69,,0.0,NOT_DUE
RP0007471,LN201061,4,2026-11-06,18000.69,,0.0,NOT_DUE
RP0007472,LN201061,5,2026-12-06,18000.69,,0.0,NOT_DUE
RP0007473,LN201061,6,2027-01-06,18000.69,,0.0,NOT_DUE
RP0007474,LN201061,7,2027-02-06,18000.69,,0.0,NOT_DUE
RP0007475,LN201061,8,2027-03-06,18000.69,,0.0,NOT_DUE
RP0007476,LN201061,9,2027-04-06,18000.69,,0.0,NOT_DUE
RP0007477,LN201061,10,2027-05-06,18000.69,,0.0,NOT_DUE
RP0007478,LN201061,11,2027-06-06,18000.69,,0.0,NOT_DUE
RP0007479,LN201061,12,2027-07-06,18000.69,,0.0,NOT_DUE
RP0007480,LN201061,13,2027-08-06,18000.69,,0.0,NOT_DUE
RP0007481,LN201061,14,2027-09-06,18000.69,,0.0,NOT_DUE
RP0007482,LN201061,15,2027-10-06,18000.69,,0.0,NOT_DUE
RP0007483,LN201061,16,2027-11-06,18000.69,,0.0,NOT_DUE
RP0007484,LN201061,17,2027-12-06,18000.69,,0.0,NOT_DUE
RP0007485,LN201061,18,2028-01-06,18000.69,,0.0,NOT_DUE
RP0007486,LN201062,1,2026-02-21,101474.17,2026-02-18,101474.17,PAID_ON_TIME
RP0007487,LN201062,2,2026-03-21,101474.17,2026-03-21,101474.17,PAID_ON_TIME
RP0007488,LN201062,3,2026-04-21,101474.17,2026-04-24,101474.17,PAID_ON_TIME
RP0007489,LN201062,4,2026-05-21,101474.17,2026-05-21,101474.17,PAID_ON_TIME
RP0007490,LN201062,5,2026-06-21,101474.17,2026-06-18,101474.17,PAID_ON_TIME
RP0007491,LN201062,6,2026-07-21,101474.17,2026-07-20,101474.17,PAID_ON_TIME
RP0007492,LN201062,7,2026-08-21,101474.17,2026-08-25,101474.17,PAID_ON_TIME
RP0007493,LN201062,8,2026-09-21,101474.17,,0.0,NOT_DUE
RP0007494,LN201062,9,2026-10-21,101474.17,,0.0,NOT_DUE
RP0007495,LN201063,1,2025-05-21,13935.0,2025-05-20,13935.0,PAID_ON_TIME
RP0007496,LN201063,2,2025-06-21,13935.0,2025-07-23,13935.0,PAID_LATE
RP0007497,LN201063,3,2025-07-21,13935.0,2025-07-21,13935.0,PAID_ON_TIME
RP0007498,LN201063,4,2025-08-21,13935.0,2025-08-19,13935.0,PAID_ON_TIME
RP0007499,LN201063,5,2025-09-21,13935.0,2025-09-18,13935.0,PAID_ON_TIME
RP0007500,LN201063,6,2025-10-21,13935.0,2025-10-21,13935.0,PAID_ON_TIME
RP0007501,LN201063,7,2025-11-21,13935.0,2025-11-24,13935.0,PAID_ON_TIME
RP0007502,LN201063,8,2025-12-21,13935.0,2025-12-20,13935.0,PAID_ON_TIME
RP0007503,LN201063,9,2026-01-21,13935.0,2026-01-24,13935.0,PAID_ON_TIME
RP0007504,LN201064,1,2026-01-11,14028.89,2026-01-15,14028.89,PAID_ON_TIME
RP0007505,LN201064,2,2026-02-11,14028.89,2026-02-11,14028.89,PAID_ON_TIME
RP0007506,LN201064,3,2026-03-11,14028.89,2026-03-11,14028.89,PAID_ON_TIME
RP0007507,LN201064,4,2026-04-11,14028.89,2026-04-11,14028.89,PAID_ON_TIME
RP0007508,LN201064,5,2026-05-11,14028.89,2026-05-15,14028.89,PAID_ON_TIME
RP0007509,LN201064,6,2026-06-11,14028.89,2026-06-09,14028.89,PAID_ON_TIME
RP0007510,LN201064,7,2026-07-11,14028.89,2026-07-14,14028.89,PAID_ON_TIME
RP0007511,LN201064,8,2026-08-11,14028.89,2026-08-12,14028.89,PAID_ON_TIME
RP0007512,LN201064,9,2026-09-11,14028.89,,0.0,NOT_DUE
RP0007513,LN201065,1,2025-08-27,39694.17,2025-08-30,39694.17,PAID_ON_TIME
RP0007514,LN201065,2,2025-09-27,39694.17,2025-12-19,39694.17,PAID_LATE
RP0007515,LN201065,3,2025-10-27,39694.17,2025-10-24,39694.17,PAID_ON_TIME
RP0007516,LN201066,1,2026-01-31,45995.17,2026-01-29,45995.17,PAID_ON_TIME
RP0007517,LN201066,2,2026-02-28,45995.17,2026-03-01,45995.17,PAID_ON_TIME
RP0007518,LN201066,3,2026-03-31,45995.17,2026-05-02,45995.17,PAID_LATE
RP0007519,LN201066,4,2026-04-30,45995.17,2026-04-28,45995.17,PAID_ON_TIME
RP0007520,LN201066,5,2026-05-31,45995.17,2026-06-04,45995.17,PAID_ON_TIME
RP0007521,LN201066,6,2026-06-30,45995.17,2026-07-03,45995.17,PAID_ON_TIME
RP0007522,LN201067,1,2025-03-17,3636.0,2025-03-16,3636.0,PAID_ON_TIME
RP0007523,LN201067,2,2025-04-17,3636.0,2025-04-16,3636.0,PAID_ON_TIME
RP0007524,LN201067,3,2025-05-17,3636.0,2025-05-16,3636.0,PAID_ON_TIME
RP0007525,LN201067,4,2025-06-17,3636.0,2025-06-16,3636.0,PAID_ON_TIME
RP0007526,LN201067,5,2025-07-17,3636.0,2025-07-17,3636.0,PAID_ON_TIME
RP0007527,LN201067,6,2025-08-17,3636.0,2025-08-14,3636.0,PAID_ON_TIME
RP0007528,LN201067,7,2025-09-17,3636.0,2025-09-16,3636.0,PAID_ON_TIME
RP0007529,LN201067,8,2025-10-17,3636.0,2025-10-20,3636.0,PAID_ON_TIME
RP0007530,LN201067,9,2025-11-17,3636.0,2025-11-16,3636.0,PAID_ON_TIME
RP0007531,LN201067,10,2025-12-17,3636.0,2025-12-21,3636.0,PAID_ON_TIME
RP0007532,LN201067,11,2026-01-17,3636.0,2026-01-18,3636.0,PAID_ON_TIME
RP0007533,LN201067,12,2026-02-17,3636.0,2026-02-15,3636.0,PAID_ON_TIME
RP0007534,LN201068,1,2025-12-14,16187.58,2025-12-14,16187.58,PAID_ON_TIME
RP0007535,LN201068,2,2026-01-14,16187.58,2026-01-15,16187.58,PAID_ON_TIME
RP0007536,LN201068,3,2026-02-14,16187.58,2026-02-12,16187.58,PAID_ON_TIME
RP0007537,LN201069,1,2026-06-20,5034.75,2026-06-17,5034.75,PAID_ON_TIME
RP0007538,LN201069,2,2026-07-20,5034.75,2026-07-19,5034.75,PAID_ON_TIME
RP0007539,LN201069,3,2026-08-20,5034.75,2026-08-20,5034.75,PAID_ON_TIME
RP0007540,LN201069,4,2026-09-20,5034.75,,0.0,NOT_DUE
RP0007541,LN201069,5,2026-10-20,5034.75,,0.0,NOT_DUE
RP0007542,LN201069,6,2026-11-20,5034.75,,0.0,NOT_DUE
RP0007543,LN201069,7,2026-12-20,5034.75,,0.0,NOT_DUE
RP0007544,LN201069,8,2027-01-20,5034.75,,0.0,NOT_DUE
RP0007545,LN201069,9,2027-02-20,5034.75,,0.0,NOT_DUE
RP0007546,LN201069,10,2027-03-20,5034.75,,0.0,NOT_DUE
RP0007547,LN201069,11,2027-04-20,5034.75,,0.0,NOT_DUE
RP0007548,LN201069,12,2027-05-20,5034.75,,0.0,NOT_DUE
RP0007549,LN201070,1,2026-08-31,18364.5,,0.0,UNPAID
RP0007550,LN201070,2,2026-09-30,18364.5,,0.0,NOT_DUE
RP0007551,LN201070,3,2026-10-31,18364.5,,0.0,NOT_DUE
RP0007552,LN201070,4,2026-11-30,18364.5,,0.0,NOT_DUE
RP0007553,LN201070,5,2026-12-31,18364.5,,0.0,NOT_DUE
RP0007554,LN201070,6,2027-01-31,18364.5,,0.0,NOT_DUE
RP0007555,LN201071,1,2026-01-11,14121.08,2026-01-08,14121.08,PAID_ON_TIME
RP0007556,LN201071,2,2026-02-11,14121.08,2026-02-12,14121.08,PAID_ON_TIME
RP0007557,LN201071,3,2026-03-11,14121.08,2026-03-12,14121.08,PAID_ON_TIME
RP0007558,LN201072,1,2026-07-12,19286.75,2026-07-10,19286.75,PAID_ON_TIME
RP0007559,LN201072,2,2026-08-12,19286.75,2026-08-16,19286.75,PAID_ON_TIME
RP0007560,LN201072,3,2026-09-12,19286.75,,0.0,NOT_DUE
RP0007561,LN201072,4,2026-10-12,19286.75,,0.0,NOT_DUE
RP0007562,LN201072,5,2026-11-12,19286.75,,0.0,NOT_DUE
RP0007563,LN201072,6,2026-12-12,19286.75,,0.0,NOT_DUE
RP0007564,LN201074,1,2026-05-11,11918.5,2026-05-13,11918.5,PAID_ON_TIME
RP0007565,LN201074,2,2026-06-11,11918.5,,0.0,UNPAID
RP0007566,LN201074,3,2026-07-11,11918.5,2026-07-11,11918.5,PAID_ON_TIME
RP0007567,LN201074,4,2026-08-11,11918.5,2026-08-13,11918.5,PAID_ON_TIME
RP0007568,LN201074,5,2026-09-11,11918.5,,0.0,NOT_DUE
RP0007569,LN201074,6,2026-10-11,11918.5,,0.0,NOT_DUE
RP0007570,LN201074,7,2026-11-11,11918.5,,0.0,NOT_DUE
RP0007571,LN201074,8,2026-12-11,11918.5,,0.0,NOT_DUE
RP0007572,LN201074,9,2027-01-11,11918.5,,0.0,NOT_DUE
RP0007573,LN201074,10,2027-02-11,11918.5,,0.0,NOT_DUE
RP0007574,LN201074,11,2027-03-11,11918.5,,0.0,NOT_DUE
RP0007575,LN201074,12,2027-04-11,11918.5,,0.0,NOT_DUE
RP0007576,LN201075,1,2025-08-24,24519.0,2025-08-22,24519.0,PAID_ON_TIME
RP0007577,LN201075,2,2025-09-24,24519.0,2025-09-28,24519.0,PAID_ON_TIME
RP0007578,LN201075,3,2025-10-24,24519.0,2025-10-23,24519.0,PAID_ON_TIME
RP0007579,LN201075,4,2025-11-24,24519.0,2025-11-26,24519.0,PAID_ON_TIME
RP0007580,LN201075,5,2025-12-24,24519.0,2025-12-27,24519.0,PAID_ON_TIME
RP0007581,LN201075,6,2026-01-24,24519.0,2026-01-27,24519.0,PAID_ON_TIME
RP0007582,LN201076,1,2026-07-04,8558.0,2026-07-01,8558.0,PAID_ON_TIME
RP0007583,LN201076,2,2026-08-04,8558.0,2026-08-04,8558.0,PAID_ON_TIME
RP0007584,LN201076,3,2026-09-04,8558.0,,0.0,NOT_DUE
RP0007585,LN201076,4,2026-10-04,8558.0,,0.0,NOT_DUE
RP0007586,LN201076,5,2026-11-04,8558.0,,0.0,NOT_DUE
RP0007587,LN201076,6,2026-12-04,8558.0,,0.0,NOT_DUE
RP0007588,LN201076,7,2027-01-04,8558.0,,0.0,NOT_DUE
RP0007589,LN201076,8,2027-02-04,8558.0,,0.0,NOT_DUE
RP0007590,LN201076,9,2027-03-04,8558.0,,0.0,NOT_DUE
RP0007591,LN201076,10,2027-04-04,8558.0,,0.0,NOT_DUE
RP0007592,LN201076,11,2027-05-04,8558.0,,0.0,NOT_DUE
RP0007593,LN201076,12,2027-06-04,8558.0,,0.0,NOT_DUE
RP0007594,LN201078,1,2026-09-01,16000.33,2026-09-03,16000.33,PAID_ON_TIME
RP0007595,LN201078,2,2026-10-01,16000.33,,0.0,NOT_DUE
RP0007596,LN201078,3,2026-11-01,16000.33,,0.0,NOT_DUE
RP0007597,LN201080,1,2025-12-05,3998.5,2025-12-09,3998.5,PAID_ON_TIME
RP0007598,LN201080,2,2026-01-05,3998.5,2026-01-06,3998.5,PAID_ON_TIME
RP0007599,LN201080,3,2026-02-05,3998.5,2026-02-05,3998.5,PAID_ON_TIME
RP0007600,LN201080,4,2026-03-05,3998.5,2026-03-09,3998.5,PAID_ON_TIME
RP0007601,LN201080,5,2026-04-05,3998.5,2026-04-08,3998.5,PAID_ON_TIME
RP0007602,LN201080,6,2026-05-05,3998.5,2026-05-04,3998.5,PAID_ON_TIME
RP0007603,LN201081,1,2025-10-05,6906.5,2025-10-06,6906.5,PAID_ON_TIME
RP0007604,LN201081,2,2025-11-05,6906.5,2025-11-05,6906.5,PAID_ON_TIME
RP0007605,LN201081,3,2025-12-05,6906.5,2025-12-09,6906.5,PAID_ON_TIME
RP0007606,LN201081,4,2026-01-05,6906.5,2026-01-04,6906.5,PAID_ON_TIME
RP0007607,LN201081,5,2026-02-05,6906.5,2026-02-02,6906.5,PAID_ON_TIME
RP0007608,LN201081,6,2026-03-05,6906.5,2026-03-02,6906.5,PAID_ON_TIME
RP0007609,LN201082,1,2026-08-15,5911.5,2026-08-16,5911.5,PAID_ON_TIME
RP0007610,LN201082,2,2026-09-15,5911.5,,0.0,NOT_DUE
RP0007611,LN201082,3,2026-10-15,5911.5,,0.0,NOT_DUE
RP0007612,LN201082,4,2026-11-15,5911.5,,0.0,NOT_DUE
RP0007613,LN201082,5,2026-12-15,5911.5,,0.0,NOT_DUE
RP0007614,LN201082,6,2027-01-15,5911.5,,0.0,NOT_DUE
RP0007615,LN201082,7,2027-02-15,5911.5,,0.0,NOT_DUE
RP0007616,LN201082,8,2027-03-15,5911.5,,0.0,NOT_DUE
RP0007617,LN201082,9,2027-04-15,5911.5,,0.0,NOT_DUE
RP0007618,LN201082,10,2027-05-15,5911.5,,0.0,NOT_DUE
RP0007619,LN201082,11,2027-06-15,5911.5,,0.0,NOT_DUE
RP0007620,LN201082,12,2027-07-15,5911.5,,0.0,NOT_DUE
RP0007621,LN201084,1,2026-03-10,9087.5,2026-03-10,9087.5,PAID_ON_TIME
RP0007622,LN201084,2,2026-04-10,9087.5,2026-04-24,9087.5,PAID_LATE
RP0007623,LN201084,3,2026-05-10,9087.5,2026-05-14,9087.5,PAID_ON_TIME
RP0007624,LN201084,4,2026-06-10,9087.5,2026-06-13,9087.5,PAID_ON_TIME
RP0007625,LN201084,5,2026-07-10,9087.5,2026-07-08,9087.5,PAID_ON_TIME
RP0007626,LN201084,6,2026-08-10,9087.5,2026-08-12,9087.5,PAID_ON_TIME
RP0007627,LN201085,1,2025-04-23,9504.19,2025-04-22,9504.19,PAID_ON_TIME
RP0007628,LN201085,2,2025-05-23,9504.19,2025-05-23,9504.19,PAID_ON_TIME
RP0007629,LN201085,3,2025-06-23,9504.19,2025-06-21,9504.19,PAID_ON_TIME
RP0007630,LN201085,4,2025-07-23,9504.19,2025-07-24,9504.19,PAID_ON_TIME
RP0007631,LN201085,5,2025-08-23,9504.19,2025-12-10,9504.19,PAID_LATE
RP0007632,LN201085,6,2025-09-23,9504.19,2025-09-23,9504.19,PAID_ON_TIME
RP0007633,LN201085,7,2025-10-23,9504.19,2025-10-20,9504.19,PAID_ON_TIME
RP0007634,LN201085,8,2025-11-23,9504.19,2025-11-21,9504.19,PAID_ON_TIME
RP0007635,LN201085,9,2025-12-23,9504.19,2025-12-27,9504.19,PAID_ON_TIME
RP0007636,LN201086,1,2025-09-13,7337.31,2025-09-15,7337.31,PAID_ON_TIME
RP0007637,LN201086,2,2025-10-13,7337.31,2025-10-13,7337.31,PAID_ON_TIME
RP0007638,LN201086,3,2025-11-13,7337.31,2025-11-12,7337.31,PAID_ON_TIME
RP0007639,LN201086,4,2025-12-13,7337.31,2025-12-13,7337.31,PAID_ON_TIME
RP0007640,LN201086,5,2026-01-13,7337.31,2026-01-15,7337.31,PAID_ON_TIME
RP0007641,LN201086,6,2026-02-13,7337.31,2026-02-17,7337.31,PAID_ON_TIME
RP0007642,LN201086,7,2026-03-13,7337.31,2026-03-12,7337.31,PAID_ON_TIME
RP0007643,LN201086,8,2026-04-13,7337.31,2026-04-13,7337.31,PAID_ON_TIME
RP0007644,LN201086,9,2026-05-13,7337.31,2026-05-11,7337.31,PAID_ON_TIME
RP0007645,LN201087,1,2025-10-10,9324.78,2026-02-05,9324.78,PAID_LATE
RP0007646,LN201087,2,2025-11-10,9324.78,2025-11-09,9324.78,PAID_ON_TIME
RP0007647,LN201087,3,2025-12-10,9324.78,2026-02-20,9324.78,PAID_LATE
RP0007648,LN201087,4,2026-01-10,9324.78,2026-01-11,9324.78,PAID_ON_TIME
RP0007649,LN201087,5,2026-02-10,9324.78,2026-02-08,9324.78,PAID_ON_TIME
RP0007650,LN201087,6,2026-03-10,9324.78,2026-05-10,9324.78,PAID_LATE
RP0007651,LN201087,7,2026-04-10,9324.78,2026-07-20,9324.78,PAID_LATE
RP0007652,LN201087,8,2026-05-10,9324.78,2026-05-11,9324.78,PAID_ON_TIME
RP0007653,LN201087,9,2026-06-10,9324.78,2026-06-14,9324.78,PAID_ON_TIME
RP0007654,LN201088,1,2026-02-16,17435.83,2026-02-16,17435.83,PAID_ON_TIME
RP0007655,LN201088,2,2026-03-16,17435.83,2026-03-14,17435.83,PAID_ON_TIME
RP0007656,LN201088,3,2026-04-16,17435.83,2026-04-17,17435.83,PAID_ON_TIME
RP0007657,LN201088,4,2026-05-16,17435.83,2026-05-14,17435.83,PAID_ON_TIME
RP0007658,LN201088,5,2026-06-16,17435.83,2026-06-18,17435.83,PAID_ON_TIME
RP0007659,LN201088,6,2026-07-16,17435.83,2026-07-15,17435.83,PAID_ON_TIME
RP0007660,LN201089,1,2026-08-28,13727.0,2026-09-01,13727.0,PAID_ON_TIME
RP0007661,LN201089,2,2026-09-28,13727.0,,0.0,NOT_DUE
RP0007662,LN201089,3,2026-10-28,13727.0,,0.0,NOT_DUE
RP0007663,LN201089,4,2026-11-28,13727.0,,0.0,NOT_DUE
RP0007664,LN201089,5,2026-12-28,13727.0,,0.0,NOT_DUE
RP0007665,LN201089,6,2027-01-28,13727.0,,0.0,NOT_DUE
RP0007666,LN201090,1,2026-04-20,7041.08,2026-04-22,7041.08,PAID_ON_TIME
RP0007667,LN201090,2,2026-05-20,7041.08,2026-05-19,7041.08,PAID_ON_TIME
RP0007668,LN201090,3,2026-06-20,7041.08,2026-07-14,7041.08,PAID_LATE
RP0007669,LN201090,4,2026-07-20,7041.08,2026-07-23,7041.08,PAID_ON_TIME
RP0007670,LN201090,5,2026-08-20,7041.08,,0.0,UNPAID
RP0007671,LN201090,6,2026-09-20,7041.08,,0.0,NOT_DUE
RP0007672,LN201090,7,2026-10-20,7041.08,,0.0,NOT_DUE
RP0007673,LN201090,8,2026-11-20,7041.08,,0.0,NOT_DUE
RP0007674,LN201090,9,2026-12-20,7041.08,,0.0,NOT_DUE
RP0007675,LN201091,1,2025-07-19,6857.33,2025-10-15,6857.33,PAID_LATE
RP0007676,LN201091,2,2025-08-19,6857.33,2025-08-21,6857.33,PAID_ON_TIME
RP0007677,LN201091,3,2025-09-19,6857.33,2025-09-19,6857.33,PAID_ON_TIME
RP0007678,LN201091,4,2025-10-19,6857.33,2025-10-17,6857.33,PAID_ON_TIME
RP0007679,LN201091,5,2025-11-19,6857.33,2025-11-17,6857.33,PAID_ON_TIME
RP0007680,LN201091,6,2025-12-19,6857.33,2025-12-17,6857.33,PAID_ON_TIME
RP0007681,LN201092,1,2026-01-19,36090.36,,0.0,UNPAID
RP0007682,LN201092,2,2026-02-19,36090.36,2026-02-16,36090.36,PAID_ON_TIME
RP0007683,LN201092,3,2026-03-19,36090.36,2026-03-17,36090.36,PAID_ON_TIME
RP0007684,LN201092,4,2026-04-19,36090.36,2026-07-31,36090.36,PAID_LATE
RP0007685,LN201092,5,2026-05-19,36090.36,2026-05-22,36090.36,PAID_ON_TIME
RP0007686,LN201092,6,2026-06-19,36090.36,2026-06-22,36090.36,PAID_ON_TIME
RP0007687,LN201092,7,2026-07-19,36090.36,2026-09-01,36090.36,PAID_LATE
RP0007688,LN201092,8,2026-08-19,36090.36,2026-08-16,36090.36,PAID_ON_TIME
RP0007689,LN201092,9,2026-09-19,36090.36,,0.0,NOT_DUE
RP0007690,LN201093,1,2026-03-08,26312.0,2026-03-09,26312.0,PAID_ON_TIME
RP0007691,LN201093,2,2026-04-08,26312.0,2026-04-11,26312.0,PAID_ON_TIME
RP0007692,LN201093,3,2026-05-08,26312.0,2026-05-06,26312.0,PAID_ON_TIME
RP0007693,LN201093,4,2026-06-08,26312.0,2026-08-30,26312.0,PAID_LATE
RP0007694,LN201093,5,2026-07-08,26312.0,,0.0,UNPAID
RP0007695,LN201093,6,2026-08-08,26312.0,2026-08-11,26312.0,PAID_ON_TIME
RP0007696,LN201094,1,2025-05-07,5728.28,2025-05-23,5728.28,PAID_LATE
RP0007697,LN201094,2,2025-06-07,5728.28,2025-06-05,5728.28,PAID_ON_TIME
RP0007698,LN201094,3,2025-07-07,5728.28,2025-07-11,5728.28,PAID_ON_TIME
RP0007699,LN201094,4,2025-08-07,5728.28,2025-11-19,5728.28,PAID_LATE
RP0007700,LN201094,5,2025-09-07,5728.28,2025-09-05,5728.28,PAID_ON_TIME
RP0007701,LN201094,6,2025-10-07,5728.28,2025-10-09,5728.28,PAID_ON_TIME
RP0007702,LN201094,7,2025-11-07,5728.28,2025-11-11,5728.28,PAID_ON_TIME
RP0007703,LN201094,8,2025-12-07,5728.28,2025-12-08,5728.28,PAID_ON_TIME
RP0007704,LN201094,9,2026-01-07,5728.28,2026-01-10,5728.28,PAID_ON_TIME
RP0007705,LN201095,1,2025-09-15,6855.56,2025-09-13,6855.56,PAID_ON_TIME
RP0007706,LN201095,2,2025-10-15,6855.56,2025-10-18,6855.56,PAID_ON_TIME
RP0007707,LN201095,3,2025-11-15,6855.56,2025-11-14,6855.56,PAID_ON_TIME
RP0007708,LN201095,4,2025-12-15,6855.56,2025-12-16,6855.56,PAID_ON_TIME
RP0007709,LN201095,5,2026-01-15,6855.56,2026-01-17,6855.56,PAID_ON_TIME
RP0007710,LN201095,6,2026-02-15,6855.56,2026-02-15,6855.56,PAID_ON_TIME
RP0007711,LN201095,7,2026-03-15,6855.56,2026-03-19,6855.56,PAID_ON_TIME
RP0007712,LN201095,8,2026-04-15,6855.56,2026-04-12,6855.56,PAID_ON_TIME
RP0007713,LN201095,9,2026-05-15,6855.56,2026-05-19,6855.56,PAID_ON_TIME
RP0007714,LN201095,10,2026-06-15,6855.56,2026-06-19,6855.56,PAID_ON_TIME
RP0007715,LN201095,11,2026-07-15,6855.56,2026-07-13,6855.56,PAID_ON_TIME
RP0007716,LN201095,12,2026-08-15,6855.56,2026-08-18,6855.56,PAID_ON_TIME
RP0007717,LN201095,13,2026-09-15,6855.56,,0.0,NOT_DUE
RP0007718,LN201095,14,2026-10-15,6855.56,,0.0,NOT_DUE
RP0007719,LN201095,15,2026-11-15,6855.56,,0.0,NOT_DUE
RP0007720,LN201095,16,2026-12-15,6855.56,,0.0,NOT_DUE
RP0007721,LN201095,17,2027-01-15,6855.56,,0.0,NOT_DUE
RP0007722,LN201095,18,2027-02-15,6855.56,,0.0,NOT_DUE
RP0007723,LN201096,1,2026-02-19,20026.0,2026-02-21,20026.0,PAID_ON_TIME
RP0007724,LN201096,2,2026-03-19,20026.0,2026-03-17,20026.0,PAID_ON_TIME
RP0007725,LN201096,3,2026-04-19,20026.0,2026-04-21,20026.0,PAID_ON_TIME
RP0007726,LN201098,1,2025-09-30,10573.5,2025-11-30,10573.5,PAID_LATE
RP0007727,LN201098,2,2025-10-30,10573.5,2025-10-29,10573.5,PAID_ON_TIME
RP0007728,LN201098,3,2025-11-30,10573.5,2025-12-01,10573.5,PAID_ON_TIME
RP0007729,LN201098,4,2025-12-30,10573.5,2026-01-03,10573.5,PAID_ON_TIME
RP0007730,LN201098,5,2026-01-30,10573.5,2026-01-27,10573.5,PAID_ON_TIME
RP0007731,LN201098,6,2026-02-28,10573.5,2026-06-13,10573.5,PAID_LATE
RP0007732,LN201098,7,2026-03-30,10573.5,2026-03-31,10573.5,PAID_ON_TIME
RP0007733,LN201098,8,2026-04-30,10573.5,2026-05-01,10573.5,PAID_ON_TIME
RP0007734,LN201098,9,2026-05-30,10573.5,2026-05-28,10573.5,PAID_ON_TIME
RP0007735,LN201098,10,2026-06-30,10573.5,2026-06-29,10573.5,PAID_ON_TIME
RP0007736,LN201098,11,2026-07-30,10573.5,2026-08-02,10573.5,PAID_ON_TIME
RP0007737,LN201098,12,2026-08-30,10573.5,2026-09-03,10573.5,PAID_ON_TIME
RP0007738,LN201099,1,2026-08-02,35733.33,2026-08-05,35733.33,PAID_ON_TIME
RP0007739,LN201099,2,2026-09-02,35733.33,,0.0,NOT_DUE
RP0007740,LN201099,3,2026-10-02,35733.33,,0.0,NOT_DUE
RP0007741,LN201099,4,2026-11-02,35733.33,,0.0,NOT_DUE
RP0007742,LN201099,5,2026-12-02,35733.33,,0.0,NOT_DUE
RP0007743,LN201099,6,2027-01-02,35733.33,,0.0,NOT_DUE
RP0007744,LN201100,1,2025-10-16,11726.0,2025-10-18,11726.0,PAID_ON_TIME
RP0007745,LN201100,2,2025-11-16,11726.0,2025-11-13,11726.0,PAID_ON_TIME
RP0007746,LN201100,3,2025-12-16,11726.0,2025-12-17,11726.0,PAID_ON_TIME
RP0007747,LN201100,4,2026-01-16,11726.0,2026-01-14,11726.0,PAID_ON_TIME
RP0007748,LN201100,5,2026-02-16,11726.0,2026-02-18,11726.0,PAID_ON_TIME
RP0007749,LN201100,6,2026-03-16,11726.0,2026-03-16,11726.0,PAID_ON_TIME
RP0007750,LN201101,1,2025-11-28,40719.83,2025-11-27,40719.83,PAID_ON_TIME
RP0007751,LN201101,2,2025-12-28,40719.83,2026-02-10,40719.83,PAID_LATE
RP0007752,LN201101,3,2026-01-28,40719.83,2026-01-25,40719.83,PAID_ON_TIME
RP0007753,LN201102,1,2026-03-18,29424.33,2026-06-14,29424.33,PAID_LATE
RP0007754,LN201102,2,2026-04-18,29424.33,2026-04-15,29424.33,PAID_ON_TIME
RP0007755,LN201102,3,2026-05-18,29424.33,2026-05-30,29424.33,PAID_LATE
RP0007756,LN201102,4,2026-06-18,29424.33,2026-06-22,29424.33,PAID_ON_TIME
RP0007757,LN201102,5,2026-07-18,29424.33,2026-07-19,29424.33,PAID_ON_TIME
RP0007758,LN201102,6,2026-08-18,29424.33,2026-08-19,29424.33,PAID_ON_TIME
RP0007759,LN201103,1,2026-01-21,4604.44,2026-01-20,4604.44,PAID_ON_TIME
RP0007760,LN201103,2,2026-02-21,4604.44,2026-03-09,4604.44,PAID_LATE
RP0007761,LN201103,3,2026-03-21,4604.44,2026-03-20,4604.44,PAID_ON_TIME
RP0007762,LN201103,4,2026-04-21,4604.44,2026-05-10,4604.44,PAID_LATE
RP0007763,LN201103,5,2026-05-21,4604.44,2026-05-24,4604.44,PAID_ON_TIME
RP0007764,LN201103,6,2026-06-21,4604.44,,0.0,UNPAID
RP0007765,LN201103,7,2026-07-21,4604.44,2026-07-22,4604.44,PAID_ON_TIME
RP0007766,LN201103,8,2026-08-21,4604.44,2026-08-18,4604.44,PAID_ON_TIME
RP0007767,LN201103,9,2026-09-21,4604.44,,0.0,NOT_DUE
RP0007768,LN201104,1,2026-08-14,6138.0,2026-08-11,6138.0,PAID_ON_TIME
RP0007769,LN201104,2,2026-09-14,6138.0,,0.0,NOT_DUE
RP0007770,LN201104,3,2026-10-14,6138.0,,0.0,NOT_DUE
RP0007771,LN201104,4,2026-11-14,6138.0,,0.0,NOT_DUE
RP0007772,LN201104,5,2026-12-14,6138.0,,0.0,NOT_DUE
RP0007773,LN201104,6,2027-01-14,6138.0,,0.0,NOT_DUE
RP0007774,LN201105,1,2026-08-27,22048.0,2026-08-28,22048.0,PAID_ON_TIME
RP0007775,LN201105,2,2026-09-27,22048.0,,0.0,NOT_DUE
RP0007776,LN201105,3,2026-10-27,22048.0,,0.0,NOT_DUE
RP0007777,LN201106,1,2025-12-27,32069.5,2025-12-25,32069.5,PAID_ON_TIME
RP0007778,LN201106,2,2026-01-27,32069.5,2026-01-27,32069.5,PAID_ON_TIME
RP0007779,LN201106,3,2026-02-27,32069.5,2026-03-02,32069.5,PAID_ON_TIME
RP0007780,LN201107,1,2026-02-02,9627.17,2026-02-05,9627.17,PAID_ON_TIME
RP0007781,LN201107,2,2026-03-02,9627.17,2026-03-02,9627.17,PAID_ON_TIME
RP0007782,LN201107,3,2026-04-02,9627.17,2026-04-04,9627.17,PAID_ON_TIME
RP0007783,LN201107,4,2026-05-02,9627.17,2026-04-30,9627.17,PAID_ON_TIME
RP0007784,LN201107,5,2026-06-02,9627.17,2026-06-05,9627.17,PAID_ON_TIME
RP0007785,LN201107,6,2026-07-02,9627.17,2026-07-01,9627.17,PAID_ON_TIME
RP0007786,LN201107,7,2026-08-02,9627.17,2026-07-30,9627.17,PAID_ON_TIME
RP0007787,LN201107,8,2026-09-02,9627.17,,0.0,NOT_DUE
RP0007788,LN201107,9,2026-10-02,9627.17,,0.0,NOT_DUE
RP0007789,LN201107,10,2026-11-02,9627.17,,0.0,NOT_DUE
RP0007790,LN201107,11,2026-12-02,9627.17,,0.0,NOT_DUE
RP0007791,LN201107,12,2027-01-02,9627.17,,0.0,NOT_DUE
RP0007792,LN201108,1,2025-02-22,36194.67,2025-04-07,36194.67,PAID_LATE
RP0007793,LN201108,2,2025-03-22,36194.67,2025-03-25,36194.67,PAID_ON_TIME
RP0007794,LN201108,3,2025-04-22,36194.67,2025-04-25,36194.67,PAID_ON_TIME
RP0007795,LN201108,4,2025-05-22,36194.67,2025-07-09,36194.67,PAID_LATE
RP0007796,LN201108,5,2025-06-22,36194.67,2025-06-22,36194.67,PAID_ON_TIME
RP0007797,LN201108,6,2025-07-22,36194.67,2025-07-22,36194.67,PAID_ON_TIME
RP0007798,LN201109,1,2026-07-21,16990.75,2026-07-22,16990.75,PAID_ON_TIME
RP0007799,LN201109,2,2026-08-21,16990.75,2026-08-22,16990.75,PAID_ON_TIME
RP0007800,LN201109,3,2026-09-21,16990.75,,0.0,NOT_DUE
RP0007801,LN201110,1,2025-09-13,17901.33,2025-09-10,17901.33,PAID_ON_TIME
RP0007802,LN201110,2,2025-10-13,17901.33,2025-10-16,17901.33,PAID_ON_TIME
RP0007803,LN201110,3,2025-11-13,17901.33,2025-11-12,17901.33,PAID_ON_TIME
RP0007804,LN201110,4,2025-12-13,17901.33,2025-12-16,17901.33,PAID_ON_TIME
RP0007805,LN201110,5,2026-01-13,17901.33,2026-01-13,17901.33,PAID_ON_TIME
RP0007806,LN201110,6,2026-02-13,17901.33,2026-02-13,17901.33,PAID_ON_TIME
RP0007807,LN201110,7,2026-03-13,17901.33,2026-04-21,17901.33,PAID_LATE
RP0007808,LN201110,8,2026-04-13,17901.33,2026-04-11,17901.33,PAID_ON_TIME
RP0007809,LN201110,9,2026-05-13,17901.33,2026-05-13,17901.33,PAID_ON_TIME
RP0007810,LN201111,1,2026-03-22,12514.67,,0.0,UNPAID
RP0007811,LN201111,2,2026-04-22,12514.67,2026-04-22,12514.67,PAID_ON_TIME
RP0007812,LN201111,3,2026-05-22,12514.67,2026-05-24,12514.67,PAID_ON_TIME
RP0007813,LN201111,4,2026-06-22,12514.67,2026-06-21,12514.67,PAID_ON_TIME
RP0007814,LN201111,5,2026-07-22,12514.67,2026-07-26,12514.67,PAID_LATE
RP0007815,LN201111,6,2026-08-22,12514.67,2026-08-19,12514.67,PAID_ON_TIME
RP0007816,LN201111,7,2026-09-22,12514.67,,0.0,NOT_DUE
RP0007817,LN201111,8,2026-10-22,12514.67,,0.0,NOT_DUE
RP0007818,LN201111,9,2026-11-22,12514.67,,0.0,NOT_DUE
RP0007819,LN201112,1,2025-07-30,8239.0,2025-08-01,8239.0,PAID_ON_TIME
RP0007820,LN201112,2,2025-08-30,8239.0,2025-08-30,8239.0,PAID_ON_TIME
RP0007821,LN201112,3,2025-09-30,8239.0,2025-10-01,8239.0,PAID_ON_TIME
RP0007822,LN201112,4,2025-10-30,8239.0,2025-11-13,8239.0,PAID_LATE
RP0007823,LN201112,5,2025-11-30,8239.0,2026-01-26,8239.0,PAID_LATE
RP0007824,LN201112,6,2025-12-30,8239.0,2026-01-02,8239.0,PAID_ON_TIME
RP0007825,LN201112,7,2026-01-30,8239.0,2026-01-28,8239.0,PAID_ON_TIME
RP0007826,LN201112,8,2026-02-28,8239.0,2026-03-20,8239.0,PAID_LATE
RP0007827,LN201112,9,2026-03-30,8239.0,2026-03-28,8239.0,PAID_ON_TIME
RP0007828,LN201113,1,2025-12-17,13057.0,2025-12-21,13057.0,PAID_ON_TIME
RP0007829,LN201113,2,2026-01-17,13057.0,2026-01-16,13057.0,PAID_ON_TIME
RP0007830,LN201113,3,2026-02-17,13057.0,2026-02-18,13057.0,PAID_ON_TIME
RP0007831,LN201113,4,2026-03-17,13057.0,2026-05-19,13057.0,PAID_LATE
RP0007832,LN201113,5,2026-04-17,13057.0,2026-04-17,13057.0,PAID_ON_TIME
RP0007833,LN201113,6,2026-05-17,13057.0,2026-08-23,13057.0,PAID_LATE
RP0007834,LN201113,7,2026-06-17,13057.0,2026-06-17,13057.0,PAID_ON_TIME
RP0007835,LN201113,8,2026-07-17,13057.0,2026-07-21,13057.0,PAID_ON_TIME
RP0007836,LN201113,9,2026-08-17,13057.0,2026-08-17,13057.0,PAID_ON_TIME
RP0007837,LN201113,10,2026-09-17,13057.0,,0.0,NOT_DUE
RP0007838,LN201113,11,2026-10-17,13057.0,,0.0,NOT_DUE
RP0007839,LN201113,12,2026-11-17,13057.0,,0.0,NOT_DUE
RP0007840,LN201114,1,2025-10-30,19651.33,2025-10-27,19651.33,PAID_ON_TIME
RP0007841,LN201114,2,2025-11-30,19651.33,2026-01-02,19651.33,PAID_LATE
RP0007842,LN201114,3,2025-12-30,19651.33,2025-12-29,19651.33,PAID_ON_TIME
RP0007843,LN201115,1,2025-09-30,47736.0,2025-10-02,47736.0,PAID_ON_TIME
RP0007844,LN201115,2,2025-10-30,47736.0,2025-10-28,47736.0,PAID_ON_TIME
RP0007845,LN201115,3,2025-11-30,47736.0,2025-12-01,47736.0,PAID_ON_TIME
RP0007846,LN201116,1,2026-01-30,16279.08,2026-02-01,16279.08,PAID_ON_TIME
RP0007847,LN201116,2,2026-02-28,16279.08,2026-03-01,16279.08,PAID_ON_TIME
RP0007848,LN201116,3,2026-03-30,16279.08,2026-03-30,16279.08,PAID_ON_TIME
RP0007849,LN201116,4,2026-04-30,16279.08,2026-04-30,16279.08,PAID_ON_TIME
RP0007850,LN201116,5,2026-05-30,16279.08,2026-05-28,16279.08,PAID_ON_TIME
RP0007851,LN201116,6,2026-06-30,16279.08,2026-06-28,16279.08,PAID_ON_TIME
RP0007852,LN201116,7,2026-07-30,16279.08,2026-07-27,16279.08,PAID_ON_TIME
RP0007853,LN201116,8,2026-08-30,16279.08,2026-09-02,16279.08,PAID_ON_TIME
RP0007854,LN201116,9,2026-09-30,16279.08,,0.0,NOT_DUE
RP0007855,LN201117,1,2025-02-28,24477.25,2025-02-27,24477.25,PAID_ON_TIME
RP0007856,LN201117,2,2025-03-31,24477.25,2025-03-31,24477.25,PAID_ON_TIME
RP0007857,LN201117,3,2025-04-30,24477.25,2025-04-28,24477.25,PAID_ON_TIME
RP0007858,LN201118,1,2025-08-16,37010.42,2025-10-13,37010.42,PAID_LATE
RP0007859,LN201118,2,2025-09-16,37010.42,2025-09-20,37010.42,PAID_ON_TIME
RP0007860,LN201118,3,2025-10-16,37010.42,2025-10-19,37010.42,PAID_ON_TIME
RP0007861,LN201118,4,2025-11-16,37010.42,2025-11-16,37010.42,PAID_ON_TIME
RP0007862,LN201118,5,2025-12-16,37010.42,2026-02-10,37010.42,PAID_LATE
RP0007863,LN201118,6,2026-01-16,37010.42,2026-01-14,37010.42,PAID_ON_TIME
RP0007864,LN201119,1,2025-12-25,22464.0,2025-12-28,22464.0,PAID_ON_TIME
RP0007865,LN201119,2,2026-01-25,22464.0,2026-01-23,22464.0,PAID_ON_TIME
RP0007866,LN201119,3,2026-02-25,22464.0,2026-02-23,22464.0,PAID_ON_TIME
RP0007867,LN201120,1,2026-07-17,4967.08,2026-07-17,4967.08,PAID_ON_TIME
RP0007868,LN201120,2,2026-08-17,4967.08,2026-08-15,4967.08,PAID_ON_TIME
RP0007869,LN201120,3,2026-09-17,4967.08,,0.0,NOT_DUE
RP0007870,LN201120,4,2026-10-17,4967.08,,0.0,NOT_DUE
RP0007871,LN201120,5,2026-11-17,4967.08,,0.0,NOT_DUE
RP0007872,LN201120,6,2026-12-17,4967.08,,0.0,NOT_DUE
RP0007873,LN201120,7,2027-01-17,4967.08,,0.0,NOT_DUE
RP0007874,LN201120,8,2027-02-17,4967.08,,0.0,NOT_DUE
RP0007875,LN201120,9,2027-03-17,4967.08,,0.0,NOT_DUE
RP0007876,LN201122,1,2026-07-20,33052.08,2026-07-23,33052.08,PAID_ON_TIME
RP0007877,LN201122,2,2026-08-20,33052.08,2026-08-18,33052.08,PAID_ON_TIME
RP0007878,LN201122,3,2026-09-20,33052.08,,0.0,NOT_DUE
RP0007879,LN201124,1,2025-10-17,15026.5,2025-10-14,15026.5,PAID_ON_TIME
RP0007880,LN201124,2,2025-11-17,15026.5,2025-11-15,15026.5,PAID_ON_TIME
RP0007881,LN201124,3,2025-12-17,15026.5,2025-12-21,15026.5,PAID_ON_TIME
RP0007882,LN201124,4,2026-01-17,15026.5,2026-01-20,15026.5,PAID_ON_TIME
RP0007883,LN201124,5,2026-02-17,15026.5,2026-02-21,15026.5,PAID_ON_TIME
RP0007884,LN201124,6,2026-03-17,15026.5,2026-03-20,15026.5,PAID_ON_TIME
RP0007885,LN201125,1,2025-08-22,46526.0,2025-08-20,46526.0,PAID_ON_TIME
RP0007886,LN201125,2,2025-09-22,46526.0,2025-09-22,46526.0,PAID_ON_TIME
RP0007887,LN201125,3,2025-10-22,46526.0,2025-10-21,46526.0,PAID_ON_TIME
RP0007888,LN201125,4,2025-11-22,46526.0,2025-11-22,46526.0,PAID_ON_TIME
RP0007889,LN201125,5,2025-12-22,46526.0,2025-12-22,46526.0,PAID_ON_TIME
RP0007890,LN201125,6,2026-01-22,46526.0,,0.0,UNPAID
RP0007891,LN201126,1,2026-06-03,73554.0,2026-06-01,73554.0,PAID_ON_TIME
RP0007892,LN201126,2,2026-07-03,73554.0,2026-07-07,73554.0,PAID_ON_TIME
RP0007893,LN201126,3,2026-08-03,73554.0,2026-08-03,73554.0,PAID_ON_TIME
RP0007894,LN201126,4,2026-09-03,73554.0,,0.0,NOT_DUE
RP0007895,LN201126,5,2026-10-03,73554.0,,0.0,NOT_DUE
RP0007896,LN201126,6,2026-11-03,73554.0,,0.0,NOT_DUE
RP0007897,LN201127,1,2025-08-29,20586.08,2025-08-29,20586.08,PAID_ON_TIME
RP0007898,LN201127,2,2025-09-29,20586.08,2025-09-26,20586.08,PAID_ON_TIME
RP0007899,LN201127,3,2025-10-29,20586.08,2025-11-01,20586.08,PAID_ON_TIME
RP0007900,LN201128,1,2025-07-05,7229.25,2025-07-02,7229.25,PAID_ON_TIME
RP0007901,LN201128,2,2025-08-05,7229.25,2025-08-02,7229.25,PAID_ON_TIME
RP0007902,LN201128,3,2025-09-05,7229.25,2025-09-05,7229.25,PAID_ON_TIME
RP0007903,LN201129,1,2025-11-25,2529.22,2025-11-22,2529.22,PAID_ON_TIME
RP0007904,LN201129,2,2025-12-25,2529.22,2025-12-25,2529.22,PAID_ON_TIME
RP0007905,LN201129,3,2026-01-25,2529.22,2026-01-29,2529.22,PAID_ON_TIME
RP0007906,LN201129,4,2026-02-25,2529.22,2026-02-28,2529.22,PAID_ON_TIME
RP0007907,LN201129,5,2026-03-25,2529.22,2026-03-28,2529.22,PAID_ON_TIME
RP0007908,LN201129,6,2026-04-25,2529.22,2026-04-29,2529.22,PAID_ON_TIME
RP0007909,LN201129,7,2026-05-25,2529.22,2026-05-26,2529.22,PAID_ON_TIME
RP0007910,LN201129,8,2026-06-25,2529.22,2026-06-22,2529.22,PAID_ON_TIME
RP0007911,LN201129,9,2026-07-25,2529.22,2026-07-23,2529.22,PAID_ON_TIME
RP0007912,LN201129,10,2026-08-25,2529.22,2026-08-29,2529.22,PAID_ON_TIME
RP0007913,LN201129,11,2026-09-25,2529.22,,0.0,NOT_DUE
RP0007914,LN201129,12,2026-10-25,2529.22,,0.0,NOT_DUE
RP0007915,LN201129,13,2026-11-25,2529.22,,0.0,NOT_DUE
RP0007916,LN201129,14,2026-12-25,2529.22,,0.0,NOT_DUE
RP0007917,LN201129,15,2027-01-25,2529.22,,0.0,NOT_DUE
RP0007918,LN201129,16,2027-02-25,2529.22,,0.0,NOT_DUE
RP0007919,LN201129,17,2027-03-25,2529.22,,0.0,NOT_DUE
RP0007920,LN201129,18,2027-04-25,2529.22,,0.0,NOT_DUE
RP0007921,LN201130,1,2026-05-08,11517.36,2026-05-06,11517.36,PAID_ON_TIME
RP0007922,LN201130,2,2026-06-08,11517.36,2026-06-07,11517.36,PAID_ON_TIME
RP0007923,LN201130,3,2026-07-08,11517.36,2026-07-06,11517.36,PAID_ON_TIME
RP0007924,LN201130,4,2026-08-08,11517.36,2026-08-05,11517.36,PAID_ON_TIME
RP0007925,LN201130,5,2026-09-08,11517.36,,0.0,NOT_DUE
RP0007926,LN201130,6,2026-10-08,11517.36,,0.0,NOT_DUE
RP0007927,LN201130,7,2026-11-08,11517.36,,0.0,NOT_DUE
RP0007928,LN201130,8,2026-12-08,11517.36,,0.0,NOT_DUE
RP0007929,LN201130,9,2027-01-08,11517.36,,0.0,NOT_DUE
RP0007930,LN201130,10,2027-02-08,11517.36,,0.0,NOT_DUE
RP0007931,LN201130,11,2027-03-08,11517.36,,0.0,NOT_DUE
RP0007932,LN201130,12,2027-04-08,11517.36,,0.0,NOT_DUE
RP0007933,LN201130,13,2027-05-08,11517.36,,0.0,NOT_DUE
RP0007934,LN201130,14,2027-06-08,11517.36,,0.0,NOT_DUE
RP0007935,LN201130,15,2027-07-08,11517.36,,0.0,NOT_DUE
RP0007936,LN201130,16,2027-08-08,11517.36,,0.0,NOT_DUE
RP0007937,LN201130,17,2027-09-08,11517.36,,0.0,NOT_DUE
RP0007938,LN201130,18,2027-10-08,11517.36,,0.0,NOT_DUE
RP0007939,LN201131,1,2025-11-18,40472.83,2025-11-20,40472.83,PAID_ON_TIME
RP0007940,LN201131,2,2025-12-18,40472.83,2025-12-17,40472.83,PAID_ON_TIME
RP0007941,LN201131,3,2026-01-18,40472.83,2026-01-18,40472.83,PAID_ON_TIME
RP0007942,LN201131,4,2026-02-18,40472.83,2026-02-22,40472.83,PAID_ON_TIME
RP0007943,LN201131,5,2026-03-18,40472.83,2026-03-22,40472.83,PAID_ON_TIME
RP0007944,LN201131,6,2026-04-18,40472.83,2026-04-16,40472.83,PAID_ON_TIME
RP0007945,LN201132,1,2026-07-17,48042.0,,0.0,UNPAID
RP0007946,LN201132,2,2026-08-17,48042.0,2026-08-15,48042.0,PAID_ON_TIME
RP0007947,LN201132,3,2026-09-17,48042.0,,0.0,NOT_DUE
RP0007948,LN201133,1,2026-07-03,103920.25,2026-07-05,103920.25,PAID_ON_TIME
RP0007949,LN201133,2,2026-08-03,103920.25,2026-08-05,103920.25,PAID_ON_TIME
RP0007950,LN201133,3,2026-09-03,103920.25,,0.0,NOT_DUE
RP0007951,LN201134,1,2025-04-30,71286.83,2025-05-01,71286.83,PAID_ON_TIME
RP0007952,LN201134,2,2025-05-30,71286.83,2025-06-02,71286.83,PAID_ON_TIME
RP0007953,LN201134,3,2025-06-30,71286.83,2025-06-28,71286.83,PAID_ON_TIME
RP0007954,LN201135,1,2025-06-28,45125.0,2025-06-30,45125.0,PAID_ON_TIME
RP0007955,LN201135,2,2025-07-28,45125.0,2025-07-29,45125.0,PAID_ON_TIME
RP0007956,LN201135,3,2025-08-28,45125.0,2025-08-29,45125.0,PAID_ON_TIME
RP0007957,LN201135,4,2025-09-28,45125.0,2025-10-02,45125.0,PAID_ON_TIME
RP0007958,LN201135,5,2025-10-28,45125.0,2025-10-28,45125.0,PAID_ON_TIME
RP0007959,LN201135,6,2025-11-28,45125.0,2025-12-01,45125.0,PAID_ON_TIME
RP0007960,LN201136,1,2025-05-19,35392.0,2025-05-16,35392.0,PAID_ON_TIME
RP0007961,LN201136,2,2025-06-19,35392.0,2025-06-20,35392.0,PAID_ON_TIME
RP0007962,LN201136,3,2025-07-19,35392.0,2025-07-19,35392.0,PAID_ON_TIME
RP0007963,LN201136,4,2025-08-19,35392.0,2025-08-17,35392.0,PAID_ON_TIME
RP0007964,LN201136,5,2025-09-19,35392.0,2025-09-21,35392.0,PAID_ON_TIME
RP0007965,LN201136,6,2025-10-19,35392.0,2025-10-16,35392.0,PAID_ON_TIME
RP0007966,LN201137,1,2025-10-11,16797.67,2025-10-10,16797.67,PAID_ON_TIME
RP0007967,LN201137,2,2025-11-11,16797.67,2025-11-14,16797.67,PAID_ON_TIME
RP0007968,LN201137,3,2025-12-11,16797.67,2025-12-09,16797.67,PAID_ON_TIME
RP0007969,LN201137,4,2026-01-11,16797.67,2026-01-13,16797.67,PAID_ON_TIME
RP0007970,LN201137,5,2026-02-11,16797.67,2026-02-08,16797.67,PAID_ON_TIME
RP0007971,LN201137,6,2026-03-11,16797.67,2026-03-09,16797.67,PAID_ON_TIME
RP0007972,LN201138,1,2025-08-11,26056.44,2025-08-09,26056.44,PAID_ON_TIME
RP0007973,LN201138,2,2025-09-11,26056.44,2025-09-08,26056.44,PAID_ON_TIME
RP0007974,LN201138,3,2025-10-11,26056.44,2025-10-08,26056.44,PAID_ON_TIME
RP0007975,LN201138,4,2025-11-11,26056.44,2025-11-11,26056.44,PAID_ON_TIME
RP0007976,LN201138,5,2025-12-11,26056.44,2025-12-13,26056.44,PAID_ON_TIME
RP0007977,LN201138,6,2026-01-11,26056.44,2026-01-19,26056.44,PAID_LATE
RP0007978,LN201138,7,2026-02-11,26056.44,2026-02-09,26056.44,PAID_ON_TIME
RP0007979,LN201138,8,2026-03-11,26056.44,2026-05-04,26056.44,PAID_LATE
RP0007980,LN201138,9,2026-04-11,26056.44,2026-04-13,26056.44,PAID_ON_TIME
RP0007981,LN201138,10,2026-05-11,26056.44,2026-05-13,26056.44,PAID_ON_TIME
RP0007982,LN201138,11,2026-06-11,26056.44,2026-06-08,26056.44,PAID_ON_TIME
RP0007983,LN201138,12,2026-07-11,26056.44,2026-07-11,26056.44,PAID_ON_TIME
RP0007984,LN201138,13,2026-08-11,26056.44,2026-08-09,26056.44,PAID_ON_TIME
RP0007985,LN201138,14,2026-09-11,26056.44,,0.0,NOT_DUE
RP0007986,LN201138,15,2026-10-11,26056.44,,0.0,NOT_DUE
RP0007987,LN201138,16,2026-11-11,26056.44,,0.0,NOT_DUE
RP0007988,LN201138,17,2026-12-11,26056.44,,0.0,NOT_DUE
RP0007989,LN201138,18,2027-01-11,26056.44,,0.0,NOT_DUE
RP0007990,LN201139,1,2026-07-08,50547.78,2026-07-09,50547.78,PAID_ON_TIME
RP0007991,LN201139,2,2026-08-08,50547.78,2026-08-05,50547.78,PAID_ON_TIME
RP0007992,LN201139,3,2026-09-08,50547.78,,0.0,NOT_DUE
RP0007993,LN201139,4,2026-10-08,50547.78,,0.0,NOT_DUE
RP0007994,LN201139,5,2026-11-08,50547.78,,0.0,NOT_DUE
RP0007995,LN201139,6,2026-12-08,50547.78,,0.0,NOT_DUE
RP0007996,LN201139,7,2027-01-08,50547.78,,0.0,NOT_DUE
RP0007997,LN201139,8,2027-02-08,50547.78,,0.0,NOT_DUE
RP0007998,LN201139,9,2027-03-08,50547.78,,0.0,NOT_DUE
RP0007999,LN201140,1,2026-08-03,51417.42,2026-08-04,51417.42,PAID_ON_TIME
RP0008000,LN201140,2,2026-09-03,51417.42,,0.0,NOT_DUE
RP0008001,LN201140,3,2026-10-03,51417.42,,0.0,NOT_DUE
RP0008002,LN201142,1,2025-04-07,77847.25,2025-06-22,77847.25,PAID_LATE
RP0008003,LN201142,2,2025-05-07,77847.25,2025-05-05,77847.25,PAID_ON_TIME
RP0008004,LN201142,3,2025-06-07,77847.25,2025-06-10,77847.25,PAID_ON_TIME
